"Короткое название";"Артикул"
"7 DAYS круассан CHIPICAO мини Драконы 50 г";140087
"АВЗ витамины для щенков Радостин от 21 дня до 18 мес с говядиной и пребиотики 90 т";620345
"БАРСИК наполнитель для кошачьего туалета Кукурузный 4,5 л";610493
"БИОЛАН Средство для мытья посуды Бальзам с Алоэ вера 0,45 л";430198
"БИОЛАН Средство для мытья посуды Бальзам с Алоэ вера 0,9 л";430199
"БИОЛАН стиральный порошок Апельсин и Лимон автомат 0,35 кг";460265
"БИОЛАН стиральный порошок Белые цветы автомат 0,35 кг";410289
"БИОЛАН стиральный Порошок Эконом Эксперт Автомат 0,35 кг";410297
"БИОЛАН стиральный порошок Эконом Эксперт ручная стирка 0,35 кг";410300
"ВАРЕНКА Сгущенка Вареная с Сахаром 370 гр";150240
"ДОБРОФЛОТ Сайра Тихоокеанская с добавлением масла 245 г";160066
"ЖОКЕЙ кофе молотый По-восточному 250 г";110316
"КОРОВКА ИЗ КОРЕНОВКИ Молоко сгущенное 0,38 кг";150238
"КУБАНОЧКА огурцы маринованые Корнишоны 1-4 см 0,36 кг";160035
"КУБАНОЧКА томаты маринованные 0,72 л";160038
"КУРНОСИКИ соска силиконовая большого размера средний поток 2 шт";780158
"ЛЕСНОЙ БАЛЬЗАМ Набор Зубная паста Комплексная защита 20 мл + Ополаскиватель 90 мл + Зубная щетка Тонус эффект 1 шт";310173
"МИФ гель для стирки Морозная свежесть 0,78 л";410379
"МИФ Гель для стирки Свежесть Лаванды и Ромашки 0,78 л";410382
"МИФ Средство для мытья посуды Бальзам АлоэВера 0,5 л";430253
"МИФ Средство для мытья посуды Лимонная свежесть 0,5 л";430256
"МИФ Средство для мытья посуды Свежесть цитрусов 0,5 л";430259
"МИФ стиральный порошок Морозная Свежесть ручная стирка 0,9 кг";410396
"МИФ стиральный порошок Свежесть Лаванды и Ромашки автомат 0,4 кг";410407
"МОЕ СОЛНЫШКО Бальзам детский после укусов насекомых";460137
"МОСКОВСКАЯ КОФЕЙНЯ НА ПАЯХ кофе растворимый Коломбо 75 г";110141
"НАЦИОНАЛЬ Premium рис смесь Дикого и бурого риса 500 г";150109
"ПЕМОС стиральный порошок Зимнее Утро автомат 0,35 кг";410416
"ПЕМОС стиральный порошок Color автомат 0,35 кг";410413
"ПОМИДОРКА лечо 480 мл";170263
"ПОМИДОРКА томатная паста 0,38 кг";170106
"ПРЕЛЕСТЬ лак для волос экстрасильной фиксации Классик 200 мл";520607
"Сгон для совка Леголэнд 35 см";250154
"СОЛНЦЕ И ЛУНА шампунь детский для мальчиков Тачки 200 мл";520892
"СОЮЗГРИЛЬ Жидкость для розжига Зарница 0,5 л";250163
"СОЮЗГРИЛЬ Уголь Рекордсмен 20 л";210057
"ТОНИКА Оттеночный Шампунь Нейтрализатор желтизны с эффектом биоламинирования 150 мл";520535
"ФОТОН Удлинитель сетевой с заземлением 16-33Е, 3 розетки, 3м, 16А";240016
"ЧАЙКА стиральный порошок Яркий цвет и зимняя свежесть автомат 0,4 кг";410320
"ЧЕРНЫЙ ЖЕМЧУГ Крем для лица BIO-программа 56+ 50 мл";530026
"ЧЕРНЫЙ ЖЕМЧУГ крем-сыворотка для лица и век Самоомоложение Активатор лифтинг-Эффекта 46+ 30 мл";530281
"ЧЕРНЫЙ ЖЕМЧУГ Подарочный набор Нежность Скраб для лица для нормальной и комбинированной кожи 80 мл + Освежающий тоник для нормальной и комбинированной кожи 200 мл";570011
"ЧИСТАЯ ЛИНИЯ бальзам-ополаскиватель Объем и Сила пшеница для тонких и ослабленных волос 230 мл";520023
"ЧИСТАЯ ЛИНИЯ бальзам-ополаскиватель Объем и Сила пшеница для тонких и ослабленных волос 380 мл";520024
"ЧИСТАЯ ЛИНИЯ Фито-крем для лица Дневной Анрика и Жимолость от 45 лет 45 мл";530039
"ЧИСТАЯ ЛИНИЯ Фито-крем для лица Дневной Шлемник и Морошка от 55 лет 45 мл";530041
"ЧИСТАЯ ЛИНИЯ Фито-крем для лица Ночной Арника и Жимолость от 45 лет 45мл";530042
"ЧИСТАЯ ЛИНИЯ Шампунь Пшеница и отвар Льна для Тонких и ослабленных волос 250 мл";520827
"ЧИСТАЯ ЛИНИЯ Шампунь Пшеница и отвар Льна для Тонких и ослабленных волос 400 мл";520828
"ЧИСТАЯ ЛИНИЯ Шампунь ФИТОБАНЯ для Всех типов волос 400 мл";520817
"ЧИСТАЯ ЛИНИЯ Шампунь-бальзам 2в1 Мягкий Мицеллярный для частого мытья 250 мл";520810
"ЧИСТАЯ ЛИНИЯ Шампунь-бальзам 2в1 Мягкий Мицеллярный для частого мытья 400 мл";520811
"ЧИСТАЯ ЛИНИЯ Шампунь-кондиционер и гель для душа 3 в 1 Энергия и чистота для мужчин 400 мл";520818
"ЧИСТЮЛЯ Легкая салфетки для уборки Шерсть и Волосы из микрофибры для пола 1 шт";250042
"ЮБИЛЕЙНОЕ печенье  Молочное 112 г";140165
"ЮБИЛЕЙНОЕ печенье  С Глазурью какао 116 г";140167
"ЮБИЛЕЙНОЕ печенье  С Глазурью молочное 116 г";140168
"ЮБИЛЕЙНОЕ печенье  С Кусочками Клюквы 112 г";140169
"ЮБИЛЕЙНОЕ печенье  С Темной Глазурью 116 г";140171
"ЮБИЛЕЙНОЕ печенье  С Темной Глазурью ореховое 116 г";140173
"ЮБИЛЕЙНОЕ печенье  Традиционное 112 г";140174
"Я РОДИЛСЯ стиральный порошок детский для белого белья автомат 0,4 кг";740049
"ACE Отбеливатель жидкий Бережное отбеливание 1 л";410168
"AOS средство для мытья посуды Бальзам 0,45 л";430182
"AOS средство для мытья посуды Бальзам 0,9 л";430183
"AOS средство для мытья посуды Бальзам Алоэ Вера 0,45 л";430184
"AOS средство для мытья посуды Бальзам Алоэ Вера 0,9 л";430185
"ARIEL Гель для стирки в капсулах Color автомат 23 шт";410233
"ARIEL Гель для стирки Горный родник 0,98 л";410225
"ARIEL стиральный порошок Горный родник автомат 0,45 кг";410256
"ARIEL стиральный порошок Color автомат 0,45 кг";410247
"ARIEL стиральный порошок Touch of Lenor Fresh автомат 0,45 кг";410264
"ARIEL cтиральный порошок Аромат Масла Ши автомат 0,45 кг";410209
"BAGI Средство для чистки Шуманит для стеклокерамики 0,5 л";430415
"BAGI Средство для чистки Шуманит Жироудалитель 0,4 л";430417
"BAGI Средство для чистки Шуманит Жироудалитель пена 0,4 л";430418
"BEOLOGY шампунь Deep Sea Extract Anti-Frizz для непослушных волос 400 мл";520795
"BIMAX стиральный порошок 100 пятен автомат 0,4 кг";410272
"BIMAX стиральный порошок Белоснежные вершины автомат 0,4 кг";410277
"BIMAX стиральный порошок Color & Fashion автомат 0,4 кг";460264
"BIMAX стиральный порошок Color автомат 0,4 кг";410281
"BIOMED зубная щетка Silver с ионами серебра средняя";310175
"BLEND-A-MED Зубная паста Анти Кариес Здоровая Белизна Деликатное отбеливание 100 мл";310090
"BLEND-A-MED зубная паста Pro-Expert Свежая Мята 100 мл";310102
"BLONDME маска для волос Tone Enhancing бондинг-маска для поддержания холодных оттенков 200 мл";520061
"BONACURE маска для волос PH 4.5 Color Freeze для окрашенных волос 750 мл";520065
"BONACURE шампунь PH 4.5 Color Freeze мицеллярный бессульфатный для окрашенных волос 250 мл";520806
"BRIT Care сухой корм для котят, беременных и кормящих кошек 0,4 кг";610032
"CHAMOS сыворотка для лица Acaci Oil Drop Антивозрастная с Улиточным Экстрактом 50 мл";530280
"CHAPPI сухой корм для собак мясное изобилие 0,6 кг";620314
"CHAPPI сухой корм для собак с говядиной 0,6 кг";620313
"CJ LION средство для мытья посуды Chamgreen Древесный Уголь 0,96 л";430208
"CJ LION средство для мытья посуды Chamgreen Зеленый Чай 0,96 л";430212
"COMET Чистящий гель Весенняя свежесть 0,5 л";430365
"COMET чистящий гель Лимон 0,5 л";430360
"COMET Чистящий гель Океанский бриз 0,5 л";430362
"DELISS ароматизатор для автомобиля Comfort картонный 1 шт";450107
"DELISS ароматизатор для автомобиля Harmony картонный 1 шт";450110
"DELISS ароматизатор для автомобиля Joy картонный 1 шт";450112
"DELISS ароматизатор для автомобиля Romance  мембранный 4 мл";450116
"DELISS ароматизатор для автомобиля Romance картонный 1 шт";450115
"DELISS нейтрализатор запаха для автомобиля Comfort Тройного действия 100 мл";450122
"DIADEMINE крем для лица Lift + Увлажнение дневной 50 мл";530059
"DIADEMINE подарочный набор 48 часов увлажнения Гель 50 мл + Лосьон для снятия макияжа с глаз 125 мл";570013
"DOMESTOS универсальный чистящий гель Лимонная Свежесть 0,5 л";460276
"DOMESTOS универсальный чистящий гель Свежесть Атлантики 0,5 л";430382
"DOMESTOS универсальный чистящий гель Свежесть Лаванды 0,5 л";460277
"DOMESTOS универсальный чистящий гель Хвойная Свежесть 0,5 л";430375
"DOMESTOS чистящее средство Активный Щит для унитаза Свежесть Лайма 750 мл";430478
"DOMESTOS чистящее средство Активный Щит для унитаза Свежесть Океана 750 мл";430479
"DOMESTOS чистящее средство Ультра Блеск для унитаза 1 л";430485
"DOMESTOS чистящее средство Эксперт Сила 7 для унитаза Ультра Белый 1 л";430482
"DOMESTOS чистящее средство Эксперт Сила 7 для унитаза Ультра Белый 500 мл";430483
"DOMESTOS чистящее средство Green Лайм для унитаза 750 мл";430484
"DOVE дезодорант-антиперсперант роликовый Go Fresh Пробуждение Чувств 50 мл";350085
"DOVE спрей-объем для волос Advanced Hair Series Легкость Кислорода 150 мл";520119
"DOVE Men дезодорант-антиперсперант аэрозольный Elements Minerals+ Sage Свежесть минералов и шалфея для мужчин 150 мл";350227
"DURACELL батарейки Basic AA 2 шт";240051
"DURACELL батарейки Basic AAA 2 шт";240058
"DURACELL батарейки Electronics CR2032 1 шт";240062
"DURU гель для душа Горная свежесть 250 мл";330256
"DURU гель для душа Цветочное облако 250 мл";330255
"EGOISTE кофе молотый Espresso 250 гр";110071
"ELSEVE бальзам Полное восстановление секущихся кончиков 200 мл";330012
"FA подарочный набор Ритмы острава Гавайи Гель для душа 250 мл + Дезодорант-спрей 150 мл";570018
"FAIRY Капсулы для посудомоечных машин 22+22 шт";430151
"FAIRY Капсулы для посудомоечных машин 84 шт";430156
"FAIRY Капсулы для посудомоечных машин Platinum 10 шт";430157
"FAIRY Капсулы для посудомоечных машин Platinum 70 шт";430161
"FREE TIME стиральный порошок Color автомат 0,35 кг";410341
"FRESHLIGHT гель для душа с экстрактом цветка Магнолии для девочек 300 мл";330291
"FRESHLIGHT маска для волос с экстрактом цветка Магнолии для девочек 300 мл";520073
"FRESHLIGHT шампунь для волос с экстрактом цветка Магнолии для девочек 300 мл";330671
"GARDEX аэрозоль от комаров и клещей на одежду Naturin 100 мл";460113
"GARNIER молочко для снятия макияжа Основной Уход Экстракт Винограда для нормальной и смешанной кожи 200 мл";530225
"GILLETTE Антиперспирант гелевый Arctic Ice 70 мл";350169
"GILLETTE станок для бритья FUSION с 1 сменной кассетой";320244
"GILLETTE станок для бритья FUSION с 2 сменными кассетами";320245
"GILLETTE станок для бритья Fusion ProGlide с 1 сменной кассетой";320239
"GILLETTE Pro бальзам после бритья 3-в-1 Мгновенное увлажнение SPF+15 50 мл";320104
"GLISS KUR маска для волос Экстремальное Восстановление 300 мл";520078
"GLISS KUR подарочный набор Oil Nutritive Шампунь 250 мл + Бальзам для волос 250 мл";570020
"GLISS KUR шампунь Магическое Укрепление 400 мл";330688
"GOON трусики-подгузники для девочек XXL (13-25кг) 28 шт";710466
"GOON трусики-подгузники для мальчиков XXL (13-25кг) 28 шт";710465
"GOT2B гель для укладки PhenoMENal для мужчин 150 мл";520552
"GREENFIELD чай черный в пакетиках Strawberry Gourmet  25 шт";120097
"HEINZ кетчуп Для стейка 0,35 кг";170061
"HEINZ кетчуп Томатный 0,34 кг";170069
"HILLS Natures Best сухой корм для кошек Naturally Gentle с курицей 0,4 кг";610071
"HILLS Science Plan сухой корм для кошек Optimal Care с курицей 0,4 кг";610086
"HILLS Science Plan сухой корм для кошек Optimal Care с ягненком 0,4 кг";610088
"HILLS Science Plan сухой корм Sterilised Cat для стерилизованных кошек 0,3 кг";610098
"IKEEP Чистящий крем Soft 700 мл";430390
"INDOLA бальзам-ополаскиватель Color 0,3 л";330080
"INDOLA шампунь Color для окрашенных волос 0,3 л";330770
"INDOLA шампунь Hydrate для сухих волос 0,3 л";330774
"INDOLA шампунь Kera Restore для поврежденных волос 0,3 л";330776
"INDOLA шампунь Repair для поврежденных волос 0,3 л";330778
"INEY ополаскиватель для рта отбеливающий пенный Snow-foam 50 мл";310233
"KITEKAT сухой корм для кошек Курочка аппетитная 0,35 кг";610428
"KITEKAT сухой корм для кошек Курочка аппетитная 0,8 кг";610432
"KITEKAT сухой корм для кошек Мясной пир 0,35 кг";610430
"KITEKAT сухой корм для кошек Мясной пир 0,8 кг";610433
"KITEKAT сухой корм для кошек Телятинка аппетитная 0,35 кг";610431
"KITEKAT сухой корм для кошек Телятинка аппетитная 0,8 кг";610434
"KITEKAT сухой корм для кошек Улов рыбака 0,35 кг";610429
"LE PETIT MARSEILLAIS Гель-шампунь Кедр и минералы мужской 250 мл";570152
"LENOR кондиционер для белья концентрированный масло ши 0,91 л";410135
"LENOR кондиционер для белья концентрированный морские минералы 0,91 л";410137
"LENOR кондиционер для белья концентрированный цветение шелковой акации 0,91 л";410133
"LENOR концентрированный кондиционер для белья Альпийские луга 0,5 л";410113
"LENOR концентрированный кондиционер для белья Аметист и Цветочный Букет 0,93 л";410115
"LENOR концентрированный кондиционер для белья Вербена 0,91 л";410126
"LENOR концентрированный кондиционер для белья Золотая орхидея 0,93 л";410131
"LENOR концентрированный кондиционер для белья Прохлада океана 0,93 л";410118
"LENOR концентрированный кондиционер для белья Садовые цветы 0,93 л";410120
"LENOR концентрированный кондиционер для белья Скандинавская весна 0,5 л";410123
"LINDA PROFESSIONAL гель-бустер для душа Thermal Spa антиоксидантный 300 мл";330199
"LORADO персики половинки в сиропе 0,43 л";160097
"LOSK стиральный порошок Горное Озеро автомат 0,45 кг";410369
"LUMINANCE COLOR крем-краска для волос Дерзкий медный 8.87";520349
"LUMINANCE COLOR крем-краска для волос Ультра платиновый осветлитель L12";520363
"MALTAGLIATI макароны Filini вермишель 500 гр";150216
"MEDLEX кожный антисептик (пенка) Бетасептин без спирта 180 мл";540014
"MEINE LIEBE карандаш-пятновыводитель для детского белья 35 г";410191
"MEN DEEP EFFECT 3 шампунь Активатор Роста с Аргинином 250 мл";520850
"MILKA печенье Choko Cow 200 г";140141
"MILKA печенье Sensations с кусочками шоколада 156 г";170246
"MILKA печенье Sensations с шоколадной начинкой 156 г";140139
"MILKA печенье Soft & Choc с начинкой 175 г";140142
"MOMI подгузники Premium L (9-14 кг) 50 шт";710447
"MR PROPER Моющая жидкость для полов и стен Лавандовое Спокойствие 0,5 л";430119
"MR PROPER Моющая жидкость для полов и стен Лимон 0,75 л";430123
"MR PROPER Моющая жидкость для полов и стен Океан 0,5 л";430125
"MR PROPER моющее средство Для Полов и Стен бережная уборка 0,5 л";430129
"N1 игрушка для собак Мини-гусь с пищалкой 14 см";620502
"NATURES TABLE сухой корм для собак Индейка с Овощами 0,8 кг";620066
"NATURES TABLE сухой корм для собак Курица с Рисом 0,8 кг";620068
"NEFIS мыло туалетное Банное 160 г";330445
"NESKAFE кофе Gold c добавлением молотого мягкая упаковка 150 г";110176
"NESKAFE кофе Gold c добавлением молотого мягкая упаковка 150 г";110275
"NESKAFE кофе Gold c добавлением молотого мягкая упаковка 150 г";110276
"NESKAFE кофе Gold c добавлением молотого мягкая упаковка 150 г";110277
"NESKAFE кофе Gold c добавлением молотого мягкая упаковка 150 г";110278
"NESKAFE кофе Gold c добавлением молотого мягкая упаковка 150 г";110279
"NESKAFE кофе Gold c добавлением молотого мягкая упаковка 150 г";110280
"NESKAFE кофе Gold c добавлением молотого мягкая упаковка 150 г";110281
"NESKAFE кофе Gold c добавлением молотого мягкая упаковка 150 г";170303
"OLD SPICE Дезодорант аэрозольный Champion 125 мл";350152
"OLD SPICE Дезодорант аэрозольный Danger Zone 125 мл";350153
"OLD SPICE Дезодорант аэрозольный Whitewater 125 мл";350178
"ORAL-B Зубная щетка 3-Effect Натуральная Свежесть средняя";310198
"ORAL-B Зубная щетка 3-Effect Натуральная Свежесть средняя 1+1 шт";310195
"ORAL-B Зубная щетка Комплекс Глубокая чистка мягкая";310191
"ORAL-B Зубная щетка Комплекс Глубокая Чистка средняя 1+1 шт";310204
"ORAL-B Зубная щетка Pro-Expert Clinic Line Pro-Flex средняя";310199
"ORAL-B Зубная щетка ProExpert Антибактериальная средняя";310208
"ORAL-B Зубная щетка ProExpert ЭкстраЧистка средняя 1+1 шт";310202
"ORAL-B Электрическая зубная щетка Triumph + Smart Guide";310285
"OREO печенье  228 г";140143
"OREO печенье  шоколад 228 г";140146
"OREO печенье  шоколад 95 г";140147
"ORGANIC PETS гель для мытья лап после прогулки для собак всех пород натуральный  500 мл";620377
"ORGANIC PETS шампунь-кондиционер для собак и кошек натуральный гипоаллергенный  500 мл";620379
"ORGANIC PETS шампунь-пенка для кошек всех пород натуральный  150 мл";620380
"PALETTE крем-краска для волос Фитолиния Золотисто-медный 557";520394
"PALETTE крем-краска для волос Фитолиния Золотистый орех 670";520392
"PEDIGREE сухой корм для собак всех пород с говядиной 0,6 кг";620321
"PEDIGREE сухой корм для собак мелких пород с говядиной 0,6 кг";620322
"PEDIGREE сухой корм для собак миниатюрных пород с говядиной 0,6 кг";620323
"PEDIGREE сухой корм для щенков всех пород с курицей 0,6 кг";620329
"PEPSI напиток сильногазированный 0,33 л";130032
"PEPSI напиток сильногазированный 0,5 л";130033
"PERFECT FIT сухой корм Adult для взрослых кошек с курицей 650 г";610543
"PERFECT FIT сухой корм Adult для собак средних и крупных пород старше года с курицей 0,8 кг";620333
"PERFECT FIT сухой корм In-home для домашних кошек с курицей 0,65 кг";610442
"PERFECT FIT сухой корм Sterile для стерилизованных кошек 0,65 кг";610451
"PERFECT FIT сухой корм Sterile для стерилизованных кошек с говядиной 0,65 кг";610450
"PERFECT FIT Sensitive Сухой корм с индейкой для взрослых кошек с чувствительным пищеварением 2,5кг";620400
"PICNIC аэрозоль Family от комаров 150 мл";460169
"PIGEON соска силиконовая Перистальтик Плюс размер S (1+ мес) 2 шт";780102
"PRO PLAN сухой корм для котят Delicate Junior с индейкой 0,4 кг";610157
"PRO PLAN сухой корм для кошек Housecat с курицей 0,4 кг";610147
"PRO PLAN сухой корм для кошек Light с индейкой 0,4 кг";610148
"PRO PLAN сухой корм для кошек Sterilised с лососем 0,4 кг";610155
"PRO PLAN сухой корм для пожилых кошек Sterilised 7+ с индейкой 0,4 кг";610161
"PRO PLAN сухой корм Small & Mini Adult для собак мелких и миниатюрных пород 0,7 кг";620085
"PRO PLAN сухой корм Small & Mini Adult Sensitive Skin для собак мелких пород 0,7 кг";620089
"REFRESH ароматизатор для автомобиля Your Car Клубника и Прохладный Лимонад диффузор 1 шт";450125
"REFRESH ароматизатор для автомобиля Your Car Клубника и Прохладный Лимонад клипса 4 шт";450126
"REFRESH ароматизатор для автомобиля Your Car Клубника и Прохладный Лимонад мини диффузор 2 шт";450127
"ROYAL CANIN влажный корм для кошек British Shorthair 85 г";620486
"ROYAL CANIN сухой корм для котят Kitten 0,4 кг";610260
"ROYAL CANIN сухой корм для котят Kitten British Shorthair 0,4 кг";610264
"ROYAL CANIN сухой корм для котят Kitten Maine Coon 0,4 кг";610268
"ROYAL CANIN сухой корм для котят Kitten Persian 0,4 кг";610272
"ROYAL CANIN сухой корм для котят Kitten Sterilised 0,4 кг";610275
"ROYAL CANIN сухой корм для кошек и котят Mother & Babycat 0,4 кг";610207
"ROYAL CANIN сухой корм для кошек Ageing Sterilised 12+ 0,4 кг";610183
"ROYAL CANIN сухой корм для кошек Ageing Sterilised 7+ 0,4 кг";610186
"ROYAL CANIN сухой корм для кошек Aroma Exigent 0,4 кг";610538
"ROYAL CANIN сухой корм для кошек British Shorthair 0,4 кг";610191
"ROYAL CANIN сухой корм для кошек Digestive Care 0,4 кг";610194
"ROYAL CANIN сухой корм для кошек Fit 0,4 кг";610198
"ROYAL CANIN сухой корм для кошек Hair & Skin Care 0,4 кг";610201
"ROYAL CANIN сухой корм для кошек Hairball Care 0,4 кг";610204
"ROYAL CANIN сухой корм для кошек Indoor 0,4 кг";610539
"ROYAL CANIN сухой корм для кошек Indoor 0,4 кг";610540
"ROYAL CANIN сухой корм для кошек Indoor 7+ 0,4 кг";610541
"ROYAL CANIN сухой корм для кошек Indoor Appetite Control 0,4 кг";610212
"ROYAL CANIN сухой корм для кошек Indoor Long Hair 0,4 кг";610215
"ROYAL CANIN сухой корм для кошек Light Weight Care 0,4 кг";610218
"ROYAL CANIN сухой корм для кошек Maine Coon 0,4 кг";610222
"ROYAL CANIN сухой корм для кошек Oral Care 0,4 кг";610223
"ROYAL CANIN сухой корм для кошек Outdoor 0,4 кг";610227
"ROYAL CANIN сухой корм для кошек Protein Exigent 0,4 кг";610235
"ROYAL CANIN сухой корм для кошек Savour Exigent 0,4 кг";610241
"ROYAL CANIN сухой корм для кошек Sensible 0,4 кг";610245
"ROYAL CANIN сухой корм для кошек Sphynx 0,4 кг";610250
"ROYAL CANIN сухой корм для кошек Sterilised 0,4 кг";610254
"ROYAL CANIN сухой корм для кошек Urinary Care 0,4 кг";610256
"ROYAL CANIN сухой корм для собак X-Small Adult 0,5 кг";620125
"ROYAL CANIN сухой корм Maxi Digestive Care для собак крупных пород c чувствительной пищеварительной системой от 15 месяцев 3 кг";620156
"ROYAL CANIN сухой корм Maxi Puppy для щенков крупных пород в возрасте от 2 до 15 месяцев 15 кг";620160
"ROYAL CANIN сухой корм Maxi Puppy для щенков крупных пород в возрасте от 2 до 15 месяцев 3 кг";620524
"ROYAL CANIN сухой корм Maxi Puppy для щенков крупных пород в возрасте от 2 до 15 месяцев 3+1 кг";620161
"ROYAL CANIN сухой корм Mini Adult для собак мелких пород старше 10 месяцев 0,8 кг";620177
"ROYAL CANIN сухой корм Mini Puppy для щенков мелких пород в возрасте от 2 до 10 месяцев 2кг + влажный корм 85 г";620520
"ROYAL CANIN сухой корм Norwegian Adult для кошек породы Норвежская лесная старше 12 месяцев 0,4 кг";610279
"ROYAL CANIN сухой корм Norwegian Adult для кошек породы Норвежская лесная старше 12 месяцев 2 кг";610278
"ROYAL CANIN сухой корм Pug Adult для собак породы Мопс старше 10 месяцев 0,5 кг";620188
"ROYAL CANIN сухой корм X-Small Puppy для щенков миниатюрных пород 0,5 кг";620204
"ROYAL CANIN VET DIET сухой корм для котов Neutered Young Male 0,4 кг";610333
"ROYAL CANIN VET DIET сухой корм для котов Skin Young Male 0,4 кг";610337
"ROYAL CANIN VET DIET сухой корм для кошек Calm 0,5 кг";610284
"ROYAL CANIN VET DIET сухой корм для кошек Diabetic 0,4 кг";610287
"ROYAL CANIN VET DIET сухой корм для кошек Fibre Response 0,4 кг";610289
"ROYAL CANIN VET DIET сухой корм для кошек Gastro Intestinal 0,4 кг";610291
"ROYAL CANIN VET DIET сухой корм для кошек Gastro Intestinal Moderate Calorie 0,4 кг";610293
"ROYAL CANIN VET DIET сухой корм для кошек Hepatic 0,5 кг";610295
"ROYAL CANIN VET DIET сухой корм для кошек Mobility 0,5 кг";610300
"ROYAL CANIN VET DIET сухой корм для кошек Neutered Young Female 0,4 кг";610304
"ROYAL CANIN VET DIET сухой корм для кошек Renal 0,5 кг";610308
"ROYAL CANIN VET DIET сухой корм для кошек Renal Select 0,5 кг";610310
"ROYAL CANIN VET DIET сухой корм для кошек Renal Special 0,5 кг";610312
"ROYAL CANIN VET DIET сухой корм для кошек Senior Consult Stage 1 0,4 кг";610316
"ROYAL CANIN VET DIET сухой корм для кошек Senior Consult Stage 2 0,4 кг";610318
"ROYAL CANIN VET DIET сухой корм для кошек Sensitivity Control 0,4 кг";610320
"ROYAL CANIN VET DIET сухой корм для кошек Skin Young Female 0,4 кг";610323
"ROYAL CANIN VET DIET сухой корм для кошек Urinary S/O 0,4 кг";610326
"ROYAL CANIN VET DIET сухой корм Neutered Satiety Balance для кошек с момента стерилизации до 7 лет 0,4 кг";610339
"ROYAL CANIN VET DIET сухой корм Sensible 33 для кошек с чувствительной пищеварительной системой 2 кг + влажный корм 2х85 г";620452
"SALTON парафиновые носочки для ног Feet Only Lady с маслом кокоса и оливы";550029
"SANFOR чистящее средство Белизна гель 3-в-1 0,7 л";430403
"SCHAUMA подарочный набор для мальчиков Шампунь-гель для душа Schauma 225 мл + Гель для тела и волос Fa 250 мл + держатель для зубной щетки";720113
"SCHAUMA шампунь Энергия Природы Свежая крапива и Зеленое яблоко 400 мл";330868
"SCHAUMA Men шампунь Intensive Сила Кофеина Против Перхоти 380 мл";330890
"SCHWARZKOPF крем-бондинг для волос BlondMe Paint-On Lightener Обесцвечивающий 250 мл";570072
"SHAMTU подарочный набор Питание и сила Экстракт фруктов Шампунь 360 мл + Бальзам для волос 200 мл + Косметичка";570026
"SORTI стиральный порошок Супер эконом автомат 0,35 кг";410459
"SORTI стиральный порошок Супер Эконом ручная стирка 0,35 кг";410460
"SORTI стиральный порошок Color автомат 0,35 кг";410453
"SORTI стиральный порошок Intelletest автомат 0,35 кг";410456
"SPLAT зубная паста Silver освежающая 75 мл";310031
"STUDIO крем-краска для волос Тёмно-русый 2.0";520469
"SYOSS крем-краска для волос Oleo Intense Платиновый блонд 12-00";520510
"SYOSS Men шампунь Clean&Cool для мужчин 500 мл";330922
"TAFT подарочный набор Ultimate №6 Экстремальная фиксация лак для волос 225 мл+пена для укладки 150 мл+косметичка";570028
"TESS чай Ginger Mojito зеленый в пирамидках 20 шт";120246
"TIDE стиральный порошок Детский автомат 0,4 кг";740045
"TIDE стиральный порошок Color автомат 0,45 кг";410502
"TIDE стиральный порошок Lenor автомат 0,45 кг";410512
"TIMOTEI Шампунь женский Интенсивное восстановление 400 мл";520896
"VEET Крем для депиляции Silk&Fresh для чувствительной кожи 100 мл";320097
"VERNEL кондиционер для белья Ароматерапия белый пион & масло хлопка 0,91 л";410150
"VERNEL кондиционер для белья Ароматерапия черная орхидея & масло пачули 0,91 л";410152
"VERNEL кондиционер для белья Детский 0,91 л";740024
"VERNEL кондиционер для белья Свежесть Летнего Утра 0,91 л";410163
"VERNEL кондиционер для белья Свежесть Прованса 0,91 л";410165
"VERNEL кондиционер для белья Свежий Бриз 0,91 л";410166
"VERNEL кондиционер для белья Supreme Glamour 0,6 л";410159
"VERNEL кондиционер для белья Supreme Passion 0,6 л";410160
"VERNEL кондиционер для белья Supreme Romance 0,6 л";410162
"VORTEX очиститель от следов скотча и наклеек Antistick 0,5 л";430302
"VORTEX средство для мытья стекол Magic 0,5 л";430146
"VORTEX чистящее средство Daze для обезжиривания и удаления нагара 0,5 л";430518
"VORTEX чистящее средство Daze для обезжиривания и удаления нагара 0,5 л";460402
"VORTEX чистящее средство Daze для обезжиривания и удаления нагара 1 л";430519
"WELLAFLEX лак для тонких волос Объем суперсильной фиксации 250 мл";570137
"WHISKAS подушечки с курицей для стерилизованных кошек 0,35 кг";610452
"WHISKAS подушечки с нежным паштетом Аппетитное ассорти с курицей и индейкой 0,35 кг";610456
"WHISKAS подушечки с нежным паштетом Аппетитное ассорти с курицей и индейкой 0,8 кг";610463
"WHISKAS подушечки с нежным паштетом Аппетитный обед с лососем 0,35 кг";610457
"WHISKAS подушечки с паштетом для кошек старше 7 лет Ассорти с мясом птицы 350 г";610466
"WHISKAS сухой корм для кошек старше года подушечки с паштетом из говядины и мяса кролика 0,8 кг";610462
"YOUR SUN подгузники M (5-10кг) 60 шт";710462
