"Короткое название";"Артикул";"Минимальное количество"
"BIC станок для бритья 1 Sensitive одноразовый 1 шт";"320221";"36"
"BIC станок для бритья Metal одноразовый 1 шт";"320220";"36"
"DIROL жевательная резинка Арбуз-Дыня 24x13 г";"140010";"30"
"DIROL жевательная резинка Лайм и Маракуйя 24x13 г";"140011";"30"
"DIROL жевательная резинка Морозная Мята 24x13 г";"140012";"30"
"DIROL жевательная резинка Сладкая Мята 24x13 г";"140013";"30"
"CARTE NOIRE кофе растворимый Original 26x1,8 г";"110062";"26"
"JACOBS кофе растворимый Millicano 26x1,8 г";"110099";"26"
"JACOBS кофе растворимый Крепкий 3в1 12 г";"170295";"24"
"JACOBS кофе растворимый Крепкий 3в1 12 г";"170295";"24"
"JACOBS кофе растворимый Monarch 3 в 1 24x15 г";"110105";"24"
"MENTOS жевательная резинка Fresh Mint 12х15,5 г";"140020";"24"
"DIROL жевательная резинка XXL Ассорти мятных вкусов 24 х 13 г";"170224";"18"
"HALLS леденцы Оригинальный 25 гр";"140019";"12"
"HALLS леденцы Colors 25 г";"140016";"12"
"HALLS леденцы Мед с Лимоном 25 г";"140017";"12"
"HALLS леденцы Ментол Экстра 25 г";"140018";"12"
"КОНТАКТ супер-клей 12x3 г";"240018";"12"
"МОМЕНТ супер-клей 12x3 г";"240021";"12"
"ROYAL CANIN VET DIET влажный корм для кошек Obesity Management 100 г";"610341";"12"
"ROYAL CANIN VET DIET влажный корм Urinary Feline S/O для кошек в целях лечения и профилактики мочекаменной болезни 100 г";"620541";"12"
"ROYAL CANIN VET DIET влажный корм Gastro Intestinal Moderate Calorie для кошек с нарушением пищеварения 100 г";"610343";"12"
"ROYAL CANIN VET DIET влажный корм Sensitivity Control (курица) для кошек с пищевой аллергией 100 г";"610344";"12"
"ROYAL CANIN VET DIET влажный корм Sensitivity Control (курица) для кошек с пищевой непереносимостью 100 г";"610345";"12"
"ROYAL CANIN влажный корм Hairball Care (соус) для кошек профилактика образования волосяных комочков 85 г";"610346";"12"
"ROYAL CANIN VET DIET влажный корм Gastro Intestinal для кошек c нарушением пищеварения 100 г";"610342";"12"
"ROYAL CANIN влажный корм Kitten Instinctive (в соусе) для котят от 4 до 12 месяцев 85 г";"620472";"12"
"ROYAL CANIN VET DIET влажный корм Renal c курицей для кошек с хронической почечной недостаточностью 85 г";"620546";"12"
"ROYAL CANIN влажный корм Ultra Light в соусе для кошек склонных к полноте 85 г";"610350";"12"
"ROYAL CANIN влажный корм Ultra Light для кошек склонных к полноте 85 г";"610348";"12"
"ROYAL CANIN влажный корм Dachshund для собак породы Такса старше 10 месяцев 85 г";"620274";"12"
"ROYAL CANIN влажный корм для собак породы Чихуахуа старше 8 месяцев 85 г";"620276";"12"
"ROYAL CANIN влажный корм Yorkshire Terrier Adult для собак породы Йоркширский терьер 85 г";"620283";"12"
"ZEWA носовые платки Плюс Неароматизированные 10х10 шт";"360084";"10"
"ZEWA носовые платки Kids 10х10 шт";"360081";"10"
"ZEWA носовые платки Softis Soft Sensitive 10х9 шт";"360080";"10"
"ZEWA носовые платки Deluxe Клубника 10х10 шт";"360086";"10"
"ZEWA носовые платки Softis Алоэ 9х10 шт";"360085";"10"
"ZEWA носовые платки Deluxe Ментол 10х10 шт";"360087";"10"
"ZEWA носовые платки Deluxe Style 10х10 шт";"360082";"10"
"ZEWA носовые платки Deluxe Ромашка 10 х 10 шт";"360053";"10"
"ZEWA носовые платки Kids 10x10 шт";"360051";"10"
"ROYAL CANIN влажный корм Urban Life Junior для щенков живущих в городских условиях 150 г";"620280";"10"
"FINETI STICKS вафельные трубочки с орехово-шоколадной начинкой 45 г";"140137";"8"
"TIC TAC драже Клубника 6x16 г";"140024";"6"
"ZEWA носовые платки Deluxe Style 10х10 шт";"360082";"6"