"Рекомендуемые товары";"Сопутствующие товары";"Артикул";"Короткое название"
"BIMAX стиральный порошок 100 Пятен автомат 6 кг;DOVE крем-гель для душа Объятия нежности Масло Ши и Пряная Ваниль 250 мл";"TENA простыни впитывающие одноразовые Bed Underpads Normal 60x90см 5 шт;MEDLEX кожный антисептик Альфасептин 50 мл;СОЛНЦЕ И ЛУНА влажные салфетки Нежное Прикосновение для детей 54 шт";380010;"ID Трусы для взрослых Pants Basic M 10 шт"
"KLEENEX влажные салфетки антибактериальные 40 шт";"ID простыни впитывающие Protect 90x60 5 шт;MEDLEX кожный антисептик Альфасептин 50 мл";380011;"ID Трусы для взрослых Pants Basic L 10 шт"
"PAMPERS влажные салфетки Sensitive 56 шт;БИОЛАН стиральный порошок Color автомат 6 кг";"TENA простыни впитывающие одноразовые Bed Underpads Normal 60x60см 30 шт;DOCTOR SILVER антисептический гель 200 мл;МИЛК крем-гель для душа Капучино 500 мл";380012;"DEPEND белье впитывающее женское размер M/L (44 - 50) 10 шт"
"BARNANGEN гель для душа Sauna Relax 400 мл;MEDLEX кожный антисептик Альфасептин 50 мл";"TENA простыни впитывающие одноразовые Bed Underpads Normal 60x60см 5 шт;AURA влажные салфетки освежающие для всей семьи 63 шт;ARIEL гель для стирки Горный Родник 2,6 л";380013;"DEPEND белье впитывающее женское размер L/XL (50 - 56) 9 шт"
"ID простыни впитывающие Disposable Underpads 60x60 30 шт;Я САМАЯ влажные салфетки освежающие для всей семьи 63 шт";"CAMAY гель для душа Dynamique Grapefruit Динамик 250 мл;DOCTOR SILVER антисептический гель 200 мл;ЧАЙКА стиральный порошок Яркий цвет и зимняя свежесть автомат 2 кг";380014;"DEPEND белье впитывающее мужское размер L/XL (48 - 54) 9 шт"
"БИОЛАН стиральный порошок Белые цветы автомат 1,2 кг;TENA простыни впитывающие одноразовые Bed Underpads Normal 60x60см 30 шт";"CAMAY гель для душа Вечная Любовь 230 мл;HUGGIES влажные салфетки Elite Soft 128 шт;DOCTOR SILVER антисептический гель 200 мл";380015;"ID подгузники для взрослых Slip L (100-160 см) 10 шт"
"MEDLEX кожный антисептик Альфасептин 50 мл;TENA простыни впитывающие одноразовые Bed Underpads Normal 60x90см 30 шт";"СОЛНЦЕ И ЛУНА влажные салфетки Нежное Прикосновение для детей 54 шт;FA гель для душа Природная Свежесть Белый чай 250 мл;BIO MIO стиральный порошок Bio-Color 1,5 кг";380016;"ID подгузники для взрослых Slip L (100-160 см) 30 шт"
"FA Men гель для душа Уход и Свежесть мужской 250 мл;DOCTOR SILVER антисептический гель 60 мл";"ARIEL cтиральный порошок Аромат Масла Ши автомат 3 кг;ID простыни впитывающие Protect 60x60 10 шт;PIGEON влажные салфетки для детей (0+ мес) 70 шт";380017;"ID подгузники для взрослых Slip M (70-130 см) 30 шт"
"TENA простыни впитывающие одноразовые Bed Underpads Normal 60x60см 30 шт;AXE гель для душа Black мужской 250 мл";"MEDLEX кожный антисептик Бетасептин без спирта 100 мл;МИФ стиральный порошок Expert автомат 15 кг;MANUOKI влажые салфетки для детей 80 шт";380018;"ID подгузники для взрослых Slip M (80-110 см) 10 шт"
"AXE гель для душа Black мужской 250 мл;TENA простыни впитывающие одноразовые Bed Underpads Normal 60x90см 5 шт";"СОЛНЦЕ И ЛУНА влажные салфетки Для Детей с экстрактом алоэ 15 шт;TIDE Гель для стирки Альпийская свежесть 1,95 л;DOCTOR SILVER антисептический гель 60 мл";380019;"ID подгузники для взрослых Slip XL (120-170 см) 14 шт"
"DOCTOR SILVER антисептический гель 200 мл;AQUA FRUIT Гель для душа Sensitive 420 мл";"ID Трусы для взрослых Pants Basic M 10 шт;PAMPERS влажные салфетки Sensitive 56 шт;ARIEL стиральный порошок Нежный пион ручная стирка 450 г";380020;"ID подгузники для взрослых Slop Basic M 10 шт"
"HUGGIES влажные салфетки Classic 128 шт;AXE гель для душа Black Night 250 мл";"ID простыни впитывающие Disposable Underpads 60x60 30 шт;MEDLEX кожный антисептик Бетасептин без спирта 100 мл";380021;"ID подгузники для взрослых Slop Basic M 30 шт"
"DOCTOR SILVER антисептический гель 200 мл;ID простыни впитывающие Protect 60x60 10 шт";"Я САМАЯ влажные салфетки для интимной гигиены Organic 15 шт;СОЛНЦЕ И ЛУНА средство для купания 2-в-1 Супермен для мальчиков 200 мл;ARIEL Гель для стирки Для чувствительной кожи 1 л";380022;"ID подгузники для взрослых Slop Basic L 10 шт"
"ARIEL стиральный порошок Color автомат 4,5 кг;PAMPERS влажные салфетки Baby Fresh Clean 64 шт";"DOCTOR SILVER антисептический гель 200 мл;TENA простыни впитывающие одноразовые Bed Underpads Normal 60x60см 5 шт;CAMAY гель для душа French Romantique 250 мл";380023;"ID подгузники для взрослых Slop Basic L 30 шт"
"BIMAX Гель для стирки Color 1500 г;МИЛК крем-гель для душа Клубничный коктейль 500 мл";"ID простыни впитывающие Protect 90x60 10 шт;MEDLEX кожный антисептик Альфасептин 50 мл;PAMPERS влажные салфетки Baby Fresh Clean 64 шт";380024;"TENA подгузники для взрослых Slip L (100-150 см) 10 шт"
"CAMAY гель для душа French Romantique 250 мл;MEDLEX кожный антисептик Бетасептин без спирта 100 мл";"ARIEL гель для стирки Горный родник 1,95 л;TENA простыни впитывающие одноразовые Bed Underpads Normal 60x90см 5 шт;AURA Влажные салфетки Ultra Comfort для детей 15 шт";380025;"TENA подгузники для взрослых Slip L (100-150 см) 30 шт"
"FA гель для душа Летние Моменты 250 мл;TENA простыни впитывающие одноразовые Bed Underpads Normal 60x90см 5 шт";"FREE TIME стиральный порошок Для белого белья автомат 350 г;MEDLEX кожный антисептик Мастерсепт 100 мл;PAMPERS влажные салфетки Baby Fresh Clean 4x64";380026;"TENA подгузники для взрослых Slip M (70-110 см) 10 шт"
"LOVULAR влажные салфетки Календула 62 шт;ID простыни впитывающие Protect 90x60 5 шт";"MEDLEX кожный антисептик Мастерсепт 100 мл;BIMAX Гель для стирки Black Fashion 1500 г;ЧИСТАЯ ЛИНИЯ гель для душа пробуждающий 250 мл";380027;"TENA подгузники для взрослых Slip M (70-110 см) 30 шт"
"TENA простыни впитывающие одноразовые Bed Underpads Normal 60x60см 5 шт;ARIEL Гель для стирки в капсулах Аромат Масла Ши автомат 12 шт";"AURA влажные салфетки освежающие для всей семьи 63 шт;MEDLEX кожный антисептик Альфасептин 50 мл;FA гель для душа Природная Свежесть Белый чай 750 мл";380028;"TENA подгузники для взрослых Slip S (60-80 см) 30 шт"
"SENI трусы урологические Active Normal L (100-135 см) 10 шт;OLD SPICE гель для душа + шампунь 2 в 1 Cooling 400 мл";;380029;"ID трусы урологические Pants L (100-135 см) 10 шт"
"ID простыни впитывающие Protect 90x60 10 шт;CAMAY гель для душа Тайное Блаженство 250 мл";"ЧАЙКА стиральный порошок Северное Сияние автомат 5 кг;СОЛНЦЕ И ЛУНА влажные салфетки Нежное Прикосновение для детей 54 шт;MEDLEX кожный антисептик Альфасептин 50 мл";380030;"ID трусы урологические Pants M (80-110 см) 10 шт"
"МИФ стиральный порошок Cвежий цвет автомат 6 кг;DURU подарочный набор Natures Treasures кремы для рук 3 шт";"JOHNSON'S Baby влажные салфетки детские Pure Protect 25 шт;DOCTOR SILVER антисептический гель 200 мл;TENA простыни впитывающие одноразовые Bed Underpads Normal 60x60см 5 шт";380031;"SENI трусы урологические Active Normal L (100-135 см) 10 шт"
"AURA Влажные салфетки Ultra Comfort для детей 60 шт;МИФ стиральный порошок Свежесть Алоэ автомат 2 кг";"ID простыни впитывающие Protect 60x60 10 шт;FA Men гель для душа Xtreme Polar мужской 250 мл";380032;"SENI трусы урологические Active Normal M (80-110 см) 10 шт"
"FRESHLIGHT гель для душа с маслом семян Подсолнуха для девочек 300 мл;ARIEL гель для стирки Color 1,3 л";"ID простыни впитывающие Protect 60x60 10 шт;MEDLEX кожный антисептик Мастерсепт 100 мл;СОЛНЦЕ И ЛУНА влажные салфетки детские с экстрактом алоэ 63 шт";380033;"TENA трусы урологические Pants L (100-135 см) 10 шт"
"МИФ стиральный порошок Свежесть Алоэ автомат 2 кг;DOCTOR SILVER антисептический гель 200 мл";"HUGGIES влажные салфетки Classic 64 шт;FA гель для душа Ритмы Острова Бали Delight 250 мл;ID простыни впитывающие Protect 60x60 10 шт";380104;"ID трусы урологические Slip S (50-90 см) 14 шт"
"FA гель для душа Тайна Масел Голубой Лотос 250 мл";"СОЛНЦЕ И ЛУНА влажные салфетки Нежное Прикосновение с крышкой 63 шт;DOCTOR SILVER антисептический гель 200 мл;TENA простыни впитывающие одноразовые Bed Underpads Normal 60x90см 5 шт";380161;"SENI трусы урологические Active Normal XL (120-160 см) 10 шт"
"AXE гель для душа Black мужской 250 мл;TENA простыни впитывающие одноразовые Bed Underpads Normal 60x90см 5 шт";"СОЛНЦЕ И ЛУНА влажные салфетки Для Детей с экстрактом алоэ 15 шт;TIDE Гель для стирки Альпийская свежесть 1,95 л;DOCTOR SILVER антисептический гель 60 мл";380162;"TENA трусы урологические Pants M (80-110 см) 10 шт"
"DOCTOR SILVER антисептический гель 200 мл;AQUA FRUIT Гель для душа Sensitive 420 мл";"ID Трусы для взрослых Pants Basic M 10 шт;PAMPERS влажные салфетки Sensitive 56 шт;ARIEL стиральный порошок Нежный пион ручная стирка 450 г";380034;"ID простыни впитывающие Protect 90x60 5 шт"
"ID подгузники для взрослых Slip M (80-110 см) 10 шт;LINDA PROFESSIONAL гель-флюид для душа Vitamix коллагеновый 300 мл";"MEDLEX кожный антисептик Бетасептин без спирта 100 мл;AURA влажные салфетки Tropic Cocktail антибактериальные в ассортименте 15 шт";380035;"ID простыни впитывающие Disposable Underpads 90x60 30 шт"
"ORGANIC BEAUTY Гель для душа Шиповник и персиковое масло 1000 мл;DEPEND белье впитывающее женское размер L/XL (50 - 56) 9 шт";"KLEENEX влажные салфетки Дисней 40 шт;TIDE Гель для стирки в капсулах Lenor 20 шт;DOCTOR SILVER антисептический гель 200 мл";380036;"ID простыни впитывающие Protect 60x60 10 шт"
"MEDLEX кожный антисептик Альфасептин 50 мл";"LIBRESSE влажные салфетки Natural 20 шт;DEPEND белье впитывающее мужское размер L/XL (48 - 54) 9 шт;ЧИСТАЯ ЛИНИЯ гель для душа массажный 250 мл";380037;"ID простыни впитывающие Disposable Underpads 60x60 30 шт"
"MEDLEX кожный антисептик Альфасептин 50 мл;ID трусы урологические Slip S (50-90 см) 14 шт";"LINDA PROFESSIONAL масло для душа Argan Oil смываемое гидрофильное 300 мл;TIDE стиральный порошок Lenor Лаванда автомат 4,5 кг;AURA Влажные салфетки Ultra Comfort для детей 100 шт";380038;"TENA простыни впитывающие одноразовые Bed Underpads Normal 60x60см 30 шт"
"SENI трусы урологические Active Normal L (100-135 см) 10 шт;OLD SPICE гель для душа + шампунь 2 в 1 Cooling 400 мл";"ARIEL гель для стирки Color 1,95 л;MEDLEX кожный антисептик Бетасептин без спирта 100 мл;BELLA влажные салфетки Happy для детей 56 шт";380039;"TENA простыни впитывающие одноразовые Bed Underpads Normal 60x90см 30 шт"
"СОЛНЦЕ И ЛУНА влажные салфетки для детей Фитолиния с отваром череды и облепихи с крышкой 56 шт;TENA трусы урологические Pants M (80-110 см) 10 шт";"TIDE стиральный порошок Color автомат 9 кг;DOCTOR SILVER антисептический гель 60 мл;DURU гель для душа Nature`s Treasures Олива 250 мл";380040;"TENA простыни впитывающие одноразовые Bed Underpads Normal 60x90см 5 шт"
"DOCTOR SILVER антисептический гель 200 мл;ЛАСКА гель для стирки Шерсть и Шёлк Забота о Ткани 3D 1 л";"TENA подгузники для взрослых Slip L (100-150 см) 10 шт;AURA влажные салфетки Family с крышкой 120 шт;OLD SPICE Гель для душа Whitewater 400 мл";380041;"TENA простыни впитывающие одноразовые Bed Underpads Normal 60x60см 5 шт"
"DOCTOR SILVER антисептический гель 200 мл;ORGANIC BEAUTY гель для душа Магнолия и протеины йогурта 1000 мл";"AURA влажные салфетки Tropic Cocktail освежающие 60 шт;ID трусы урологические Pants M (80-110 см) 10 шт";380105;"ID простыни впитывающие Protect 90x60 10 шт"
"SENI трусы урологические Active Normal L (100-135 см) 10 шт;OLD SPICE гель для душа + шампунь 2 в 1 Cooling 400 мл";;380163;"DERMAGRIP перчатки смотровые High Risk M 25 шт"
"БИОЛАН стиральный порошок Белые цветы автомат 1,2 кг;TENA простыни впитывающие одноразовые Bed Underpads Normal 60x60см 30 шт";;380164;"DERMAGRIP перчатки смотровые High Risk L 25 шт"
