"фото2";"фото3";"Короткое название"
"files/bradex-igrushka-golovolomka-shar-labirint.jpg";"files/bradex-igrushka-golovolomka-shar-labirint_3.jpg";"BRADEX игрушка-головоломка Шар-Лабиринт";"CB-00035284"
"files/oral-b-elektricheskaya-zubnaya-shetka-smart-4-4000d601.jpg";"files/oral-b-elektricheskaya-zubnaya-shetka-smart-4-4000d601_316.jpg";"ORAL-B электрическая зубная щетка Smart 4 4000/D601";"CB-00029133"
"files/pedigree-suhoj-korm-dlya-sobak-vseh-porod-s-govyadinoj-13-kg.jpg";"files/pedigree-suhoj-korm-dlya-sobak-vseh-porod-s-govyadinoj-13-kg_511.jpg";"PEDIGREE сухой корм для собак всех пород с говядиной 13 кг";"CB-00024642"
"files/pedigree-suhoj-korm-dlya-sobak-vseh-porod-s-govyadinoj-06-kg.jpg";"files/pedigree-suhoj-korm-dlya-sobak-vseh-porod-s-govyadinoj-06-kg_513.jpg";"PEDIGREE сухой корм для собак всех пород с говядиной 0,6 кг";"CB-00024643"
"files/chappi-suhoj-korm-dlya-sobak-s-govyadinoj-15-kg.jpg";"files/chappi-suhoj-korm-dlya-sobak-s-govyadinoj-15-kg_516.jpg";"CHAPPI сухой корм для собак с говядиной 15 кг";"CB-00024607"
"files/chappi-suhoj-korm-dlya-sobak-s-govyadinoj-06-kg.jpg";"files/chappi-suhoj-korm-dlya-sobak-s-govyadinoj-06-kg_520.jpg";"CHAPPI сухой корм для собак с говядиной 0,6 кг";"CB-00024606"
"files/chappi-suhoj-korm-dlya-sobak-s-govyadinoj-25-kg.jpg";"files/chappi-suhoj-korm-dlya-sobak-s-govyadinoj-25-kg_521.jpg";"CHAPPI сухой корм для собак с говядиной 2,5 кг";"CB-00024608"
"files/chappi-suhoj-korm-dlya-sobak-myasnoe-izobilie-15-kg.jpg";"files/chappi-suhoj-korm-dlya-sobak-myasnoe-izobilie-15-kg_526.jpg";"CHAPPI сухой корм для собак мясное изобилие 15 кг";"CB-00024610"
"files/chappi-suhoj-korm-dlya-sobak-myasnoe-izobilie-06-kg.jpg";"files/chappi-suhoj-korm-dlya-sobak-myasnoe-izobilie-06-kg_527.jpg";"CHAPPI сухой корм для собак мясное изобилие 0,6 кг";"CB-00024609"
"files/chappi-suhoj-korm-dlya-sobak-myasnoe-izobilie-25-kg.jpg";"files/chappi-suhoj-korm-dlya-sobak-myasnoe-izobilie-25-kg_528.jpg";"CHAPPI сухой корм для собак мясное изобилие 2,5 кг";"CB-00024611"
"files/kurnosiki-soska-silikonovaya-bolshogo-razmera-srednij-potok-2-sht.jpg";"files/kurnosiki-soska-silikonovaya-bolshogo-razmera-srednij-potok-2-sht_787.jpg";"КУРНОСИКИ соска силиконовая большого размера средний поток  2 шт";"CB-00035858"
"files/kurnosiki-butilochka-s-ruchkami-s-silikonovoj-soskoj-zhivotnie-puteshestvenniki-s-6-mesyacev-250-ml.jpg";"files/kurnosiki-butilochka-s-ruchkami-s-silikonovoj-soskoj-zhivotnie-puteshestvenniki-s-6-mesyacev-250-ml_791.jpg";"КУРНОСИКИ бутылочка с ручками с силиконовой соской Животные Путешественники с 6 месяцев 250 мл";"CB-00035838"
"files/kurnosiki-butilochka-s-ruchkami-s-silikonovoj-soskoj-mama-papa-ya-s-6-mesyacev-125-ml.jpg";"files/kurnosiki-butilochka-s-ruchkami-s-silikonovoj-soskoj-mama-papa-ya-s-6-mesyacev-125-ml_792.jpg";"КУРНОСИКИ бутылочка с ручками с силиконовой соской Мама-Папа-Я с 6 месяцев 125 мл";"CB-00035840"
"files/lovular-vkladishi-dlya-grudi-hot-wind-24-sht.jpg";"files/lovular-vkladishi-dlya-grudi-hot-wind-24-sht_807.jpg";"LOVULAR вкладыши для груди Hot Wind 24 шт";"CB-00044930"
"files/nuk-pustishka-lateksnaya-ortodonticheskaya-rose-blue-6-18-mesyacev-rozovaya-1-sht.jpg";"files/nuk-pustishka-lateksnaya-ortodonticheskaya-rose-blue-6-18-mesyacev-rozovaya-1-sht_853.jpg";"NUK пустышка латексная ортодонтическая Rose & Blue (6-18 месяцев) розовая 1 шт";"CB-00033651"
"files/bradex-igrushka-dlya-razvitiya-rechevogo-dihaniya-bozhya-korovka.jpg";"files/bradex-igrushka-dlya-razvitiya-rechevogo-dihaniya-bozhya-korovka_865.jpg";"BRADEX игрушка для развития речевого дыхания Божья Коровка";"CB-00035291"
"files/bradex-ctiker-nastennij-dlya-risovaniya-melom-back-to-school.jpg";"files/bradex-ctiker-nastennij-dlya-risovaniya-melom-back-to-school_864.jpg";"BRADEX cтикер настенный для рисования мелом Back to School";"CB-00035294"
"files/happy-baby-fiksator-dlya-dveri-pull-out-door-stopper-2-sht.jpg";"files/happy-baby-fiksator-dlya-dveri-pull-out-door-stopper-2-sht_877.jpg";"HAPPY BABY фиксатор для двери Pull-Out Door Stopper 2 шт";"CB-00035616"
"files/happy-baby-nakladki-na-ugli-soft-corner-guard-4-sht.jpg";"files/happy-baby-nakladki-na-ugli-soft-corner-guard-4-sht_878.jpg";"HAPPY BABY накладки на углы Soft Corner Guard 4 шт";"CB-00035614"
"files/dreamies-lakomstvo-dlya-koshek-s-govyadinoj-60-g.jpg";"files/dreamies-lakomstvo-dlya-koshek-s-govyadinoj-60-g_885.jpg";"DREAMIES лакомство для кошек с говядиной 60 г";"CB-00024921"
"files/dreamies-lakomstvo-dlya-koshek-s-govyadinoj-30-g.jpg";"files/dreamies-lakomstvo-dlya-koshek-s-govyadinoj-30-g_887.jpg";"DREAMIES лакомство для кошек с говядиной 30 г";"CB-00024920"
"files/dreamies-lakomstvo-dlya-koshek-s-kuricej-140-g.jpg";"files/dreamies-lakomstvo-dlya-koshek-s-kuricej-140-g_888.jpg";"DREAMIES лакомство для кошек с курицей 140 г";"CB-00024915"
"files/dreamies-lakomstvo-dlya-koshek-s-govyadinoj-140-g.jpg";"files/dreamies-lakomstvo-dlya-koshek-s-govyadinoj-140-g_889.jpg";"DREAMIES лакомство для кошек с говядиной 140 г";"CB-00024919"
"files/dreamies-lakomstvo-dlya-koshek-s-kuricej-60-g.jpg";"files/dreamies-lakomstvo-dlya-koshek-s-kuricej-60-g_892.jpg";"DREAMIES лакомство для кошек с курицей 60 г";"CB-00024918"
"files/dreamies-lakomstvo-dlya-koshek-s-kuricej-30-g.jpg";"files/dreamies-lakomstvo-dlya-koshek-s-kuricej-30-g_891.jpg";"DREAMIES лакомство для кошек с курицей 30 г";"CB-00024916"
"files/dreamies-lakomstvo-dlya-koshek-s-sirom-60-g.jpg";"files/dreamies-lakomstvo-dlya-koshek-s-sirom-60-g_894.jpg";"DREAMIES лакомство для кошек с сыром 60 г";"CB-00024925"
"files/whiskas-lakomstvo-dlya-koshek-duo-treats-c-govyadinoj-i-sirom-40-g.jpg";"files/whiskas-lakomstvo-dlya-koshek-duo-treats-c-govyadinoj-i-sirom-40-g_895.jpg";"WHISKAS лакомство для кошек Duo Treats c говядиной и сыром 40 г";"CB-00027862"
"files/whiskas-lakomstvo-dlya-koshek-duo-treats-c-kuricej-i-sirom-40-g.jpg";"files/whiskas-lakomstvo-dlya-koshek-duo-treats-c-kuricej-i-sirom-40-g_896.jpg";"WHISKAS лакомство для кошек Duo Treats c курицей и сыром 40 г";"CB-00027861"
"files/whiskas-lakomstvo-dlya-koshek-duo-treats-c-lososem-i-sirom-40-g.jpg";"files/whiskas-lakomstvo-dlya-koshek-duo-treats-c-lososem-i-sirom-40-g_897.jpg";"WHISKAS лакомство для кошек Duo Treats c лососем и сыром 40 г";"CB-00027863"
"files/dreamies-lakomstvo-dlya-koshek-s-lososem-60-g.jpg";"files/dreamies-lakomstvo-dlya-koshek-s-lososem-60-g_898.jpg";"DREAMIES лакомство для кошек с лососем 60 г";"CB-00024923"
"files/whiskas-lakomstvo-dlya-koshek-duo-treats-c-indejkoj-i-sirom-40-g.jpg";"files/whiskas-lakomstvo-dlya-koshek-duo-treats-c-indejkoj-i-sirom-40-g_900.jpg";"WHISKAS лакомство для кошек Duo Treats c индейкой и сыром 40 г";"CB-00027864"
"files/dreamies-lakomstvo-dlya-koshek-s-utkoj-60-g.jpg";"files/dreamies-lakomstvo-dlya-koshek-s-utkoj-60-g_899.jpg";"DREAMIES лакомство для кошек с уткой 60 г";"CB-00024926"
"files/uyut-igrushki-dlya-koshek-oreh-myach-pogremushka-prozrachnij-4-sm.jpg";"files/uyut-igrushki-dlya-koshek-oreh-myach-pogremushka-prozrachnij-4-sm_941.jpg";"УЮТ игрушки для кошек Орех мяч-погремушка прозрачный 4 см";"CB-00043855"
"files/uyut-igrushki-dlya-koshek-myach-pogremushka-s-cvetnoj-mishkoj-4-sm.jpg";"files/uyut-igrushki-dlya-koshek-myach-pogremushka-s-cvetnoj-mishkoj-4-sm_943.jpg";"УЮТ игрушки для кошек Мяч-погремушка с цветной мышкой 4 см";"CB-00043859"
"files/uyut-igrushki-dlya-koshek-myach-pogremushka-s-shipami-5-sm.jpg";"files/uyut-igrushki-dlya-koshek-myach-pogremushka-s-shipami-5-sm_945.jpg";"УЮТ игрушки для кошек Мяч-погремушка с шипами 5 см";"CB-00043858"
"files/whiskas-suhoj-korm-special-dlya-kastrirovannih-kotov-i-sterilizovannih-koshek-s-kuricej-5-kg.jpg";"files/whiskas-suhoj-korm-special-dlya-kastrirovannih-kotov-i-sterilizovannih-koshek-s-kuricej-5-kg_947.jpg";"WHISKAS сухой корм Special для кастрированных котов и стерилизованных кошек с курицей 5 кг";"CB-00025319"
"files/pedigree-lakomstvo-denta-stix-dlya-sobak-krupnih-porod-270-g.jpg";"files/pedigree-lakomstvo-denta-stix-dlya-sobak-krupnih-porod-270-g_973.jpg";"PEDIGREE лакомство Denta Stix для собак крупных пород 270 г";"CB-00024943"
"files/pedigree-lakomstvo-jumbone-mini-dlya-vzroslih-sobak-melkih-porod-s-govyadinoj-180-g.jpg";"files/pedigree-lakomstvo-jumbone-mini-dlya-vzroslih-sobak-melkih-porod-s-govyadinoj-180-g_981.jpg";"PEDIGREE лакомство Jumbone Mini для взрослых собак мелких пород с говядиной 180 г";"CB-00024947"
"files/pedigree-lakomstvo-denta-stix-dlya-sobak-malih-porod-45-g.jpg";"files/pedigree-lakomstvo-denta-stix-dlya-sobak-malih-porod-45-g_983.jpg";"PEDIGREE лакомство Denta Stix для собак малых пород 45 г";"CB-00024945"
"files/pedigree-lakomstvo-denta-stix-dlya-sobak-malih-porod-110-g.jpg";"files/pedigree-lakomstvo-denta-stix-dlya-sobak-malih-porod-110-g_984.jpg";"PEDIGREE лакомство Denta Stix для собак малых пород 110 г";"CB-00024944"
"files/dermagrip-perchatki-smotrovie-high-risk-m-25-sht.jpg";"files/dermagrip-perchatki-smotrovie-high-risk-m-25-sht_2750.jpg";"DERMAGRIP перчатки смотровые High Risk M 25 шт";"CB-00012313"
"files/dermagrip-perchatki-smotrovie-high-risk-l-25-sht.jpg";"files/dermagrip-perchatki-smotrovie-high-risk-l-25-sht_2751.jpg";"DERMAGRIP перчатки смотровые High Risk L 25 шт";"CB-00012314"
"files/tork-salfetki-bumazhnie-big-pack-25-h-25-sm-odnoslojnie-krasnie-500-sht.jpg";"files/tork-salfetki-bumazhnie-big-pack-25-h-25-sm-odnoslojnie-krasnie-500-sht_2763.jpg";"TORK салфетки бумажные Big Pack 25 х 25 см однослойные красные 500 шт";"00000031862"
"files/cesar-vlazhnij-korm-dlya-sobak-befstroganov-iz-govyadini-s-sirom-i-ukropom-100-g.jpg";"files/cesar-vlazhnij-korm-dlya-sobak-befstroganov-iz-govyadini-s-sirom-i-ukropom-100-g_3727.jpg";"CESAR влажный корм для собак Бефстроганов из говядины с сыром и укропом 100 г";"CB-00024593"
"files/cesar-vlazhnij-korm-dlya-sobak-iz-govyadini-i-krolika-so-shpinatom-100-g.jpg";"files/cesar-vlazhnij-korm-dlya-sobak-iz-govyadini-i-krolika-so-shpinatom-100-g_3732.jpg";"CESAR влажный корм для собак из говядины и кролика со шпинатом 100 г";"CB-00024594"
"files/cesar-vlazhnij-korm-dlya-sobak-iz-govyadini-s-ovoshami-100-g.jpg";"files/cesar-vlazhnij-korm-dlya-sobak-iz-govyadini-s-ovoshami-100-g_3730.jpg";"CESAR влажный корм для собак из говядины с овощами 100 г";"CB-00024596"
"files/cesar-vlazhnij-korm-dlya-sobak-iz-govyadini-v-slivochnom-souse-100-g.jpg";"files/cesar-vlazhnij-korm-dlya-sobak-iz-govyadini-v-slivochnom-souse-100-g_3731.jpg";"CESAR влажный корм для собак из говядины в сливочном соусе 100 г";"CB-00024595"
"files/cesar-vlazhnij-korm-dlya-sobak-frikase-iz-yagnenka-s-ovoshami-i-rozmarinom-100-g.jpg";"files/cesar-vlazhnij-korm-dlya-sobak-frikase-iz-yagnenka-s-ovoshami-i-rozmarinom-100-g_3733.jpg";"CESAR влажный корм для собак Фрикасе из ягненка с овощами и розмарином 100 г";"CB-00024599"
"files/cesar-vlazhnij-korm-dlya-sobak-iz-kurici-s-ovoshami-100-g.jpg";"files/cesar-vlazhnij-korm-dlya-sobak-iz-kurici-s-ovoshami-100-g_3735.jpg";"CESAR влажный корм для собак из курицы с овощами 100 г";"CB-00024597"
"files/cesar-vlazhnij-korm-dlya-sobak-s-yagnenkom-i-ovoshami-100-g.jpg";"files/cesar-vlazhnij-korm-dlya-sobak-s-yagnenkom-i-ovoshami-100-g_3736.jpg";"CESAR влажный корм для собак с ягненком и овощами 100 г";"CB-00024601"
"files/cesar-vlazhnij-korm-dlya-sobak-s-yagnenkom-v-sirnom-souse-100-g.jpg";"files/cesar-vlazhnij-korm-dlya-sobak-s-yagnenkom-v-sirnom-souse-100-g_3737.jpg";"CESAR влажный корм для собак с ягненком в сырном соусе 100 г";"CB-00024600"
"files/chappi-vlazhnij-korm-dlya-sobak-myasnoe-izobilie-100-g.jpg";"files/chappi-vlazhnij-korm-dlya-sobak-myasnoe-izobilie-100-g_3740.jpg";"CHAPPI влажный корм для собак мясное изобилие 100 г";"CB-00024605"
"files/chappi-vlazhnij-korm-dlya-sobak-s-kuricej-100-g.jpg";"files/chappi-vlazhnij-korm-dlya-sobak-s-kuricej-100-g_3741.jpg";"CHAPPI влажный корм для собак с курицей 100 г";"CB-00024604"
"files/chappi-vlazhnij-korm-dlya-sobak-s-govyadinoj-100-g.jpg";"files/chappi-vlazhnij-korm-dlya-sobak-s-govyadinoj-100-g_3739.jpg";"CHAPPI влажный корм для собак с говядиной 100 г";"CB-00024603"
"files/chappi-suhoj-korm-dlya-sobak-s-kuricej-15-kg.jpg";"files/chappi-suhoj-korm-dlya-sobak-s-kuricej-15-kg_3742.jpg";"CHAPPI сухой корм для собак с курицей 15 кг";"CB-00024602"
"files/kitekat-suhoj-korm-dlya-koshek-kurochka-appetitnaya-035-kg.jpg";"files/kitekat-suhoj-korm-dlya-koshek-kurochka-appetitnaya-035-kg_3920.jpg";"KITEKAT сухой корм для кошек Курочка аппетитная 0,35 кг";"CB-00024614"
"files/kitekat-suhoj-korm-dlya-koshek-myasnoj-pir-035-kg.jpg";"files/kitekat-suhoj-korm-dlya-koshek-myasnoj-pir-035-kg_3922.jpg";"KITEKAT сухой корм для кошек Мясной пир 0,35 кг";"CB-00024617"
"files/kitekat-suhoj-korm-dlya-koshek-myasnoj-pir-08-kg.jpg";"files/kitekat-suhoj-korm-dlya-koshek-myasnoj-pir-08-kg_3923.jpg";"KITEKAT сухой корм для кошек Мясной пир 0,8 кг";"CB-00024616"
"files/kitekat-suhoj-korm-dlya-koshek-kurochka-appetitnaya-08-kg.jpg";"files/kitekat-suhoj-korm-dlya-koshek-kurochka-appetitnaya-08-kg_3924.jpg";"KITEKAT сухой корм для кошек Курочка аппетитная 0,8 кг";"CB-00024613"
"files/kitekat-suhoj-korm-dlya-koshek-kurochka-appetitnaya-19-kg.jpg";"files/kitekat-suhoj-korm-dlya-koshek-kurochka-appetitnaya-19-kg_3925.jpg";"KITEKAT сухой корм для кошек Курочка аппетитная 1,9 кг";"CB-00024615"
"files/kitekat-suhoj-korm-dlya-koshek-myasnoj-pir-19-kg.jpg";"files/kitekat-suhoj-korm-dlya-koshek-myasnoj-pir-19-kg_3926.jpg";"KITEKAT сухой корм для кошек Мясной пир 1,9 кг";"CB-00024618"
"files/kitekat-suhoj-korm-dlya-koshek-ulov-ribaka-035-kg.jpg";"files/kitekat-suhoj-korm-dlya-koshek-ulov-ribaka-035-kg_3927.jpg";"KITEKAT сухой корм для кошек Улов рыбака 0,35 кг";"CB-00024631"
"files/kitekat-suhoj-korm-dlya-koshek-telyatinka-appetitnaya-19-kg.jpg";"files/kitekat-suhoj-korm-dlya-koshek-telyatinka-appetitnaya-19-kg_3929.jpg";"KITEKAT сухой корм для кошек Телятинка аппетитная 1,9 кг";"CB-00024629"
"files/kitekat-suhoj-korm-dlya-koshek-telyatinka-appetitnaya-08-kg.jpg";"files/kitekat-suhoj-korm-dlya-koshek-telyatinka-appetitnaya-08-kg_3928.jpg";"KITEKAT сухой корм для кошек Телятинка аппетитная 0,8 кг";"CB-00024627"
"files/kitekat-suhoj-korm-dlya-koshek-telyatinka-appetitnaya-035-kg.jpg";"files/kitekat-suhoj-korm-dlya-koshek-telyatinka-appetitnaya-035-kg_3930.jpg";"KITEKAT сухой корм для кошек Телятинка аппетитная 0,35 кг";"CB-00024628"
"files/kitekat-suhoj-korm-dlya-koshek-ulov-ribaka-19-kg.jpg";"files/kitekat-suhoj-korm-dlya-koshek-ulov-ribaka-19-kg_3931.jpg";"KITEKAT сухой корм для кошек Улов рыбака 1,9 кг";"CB-00024632"
"files/kitekat-vlazhnij-korm-dlya-koshek-s-kuricej-v-souse-85-g.jpg";"files/kitekat-vlazhnij-korm-dlya-koshek-s-kuricej-v-souse-85-g_3932.jpg";"KITEKAT влажный корм для кошек с курицей в соусе 85 г";"CB-00025811"
"files/kitekat-vlazhnij-korm-dlya-koshek-s-myasom-krolika-v-zhele-85-g.jpg";"files/kitekat-vlazhnij-korm-dlya-koshek-s-myasom-krolika-v-zhele-85-g_3933.jpg";"KITEKAT влажный корм для кошек с мясом кролика в желе 85 г";"CB-00025815"
"files/kitekat-vlazhnij-korm-dlya-koshek-s-govyadinoj-v-souse-85-g.jpg";"files/kitekat-vlazhnij-korm-dlya-koshek-s-govyadinoj-v-souse-85-g_3934.jpg";"KITEKAT влажный корм для кошек с говядиной в соусе 85 г";"CB-00025809"
"files/kitekat-vlazhnij-korm-dlya-koshek-s-riboj-v-souse-85-g.jpg";"files/kitekat-vlazhnij-korm-dlya-koshek-s-riboj-v-souse-85-g_3935.jpg";"KITEKAT влажный корм для кошек с рыбой в соусе 85 г";"CB-00025813"
"files/kitekat-vlazhnij-korm-dlya-koshek-s-myasom-kurici-v-zhele-85-g.jpg";"files/kitekat-vlazhnij-korm-dlya-koshek-s-myasom-kurici-v-zhele-85-g_3936.jpg";"KITEKAT влажный корм для кошек с мясом курицы в желе 85 г";"CB-00025812"
"files/kitekat-vlazhnij-korm-dlya-koshek-s-krolikom-v-souse-85-g.jpg";"files/kitekat-vlazhnij-korm-dlya-koshek-s-krolikom-v-souse-85-g_3937.jpg";"KITEKAT влажный корм для кошек с кроликом в соусе 85 г";"CB-00025814"
"files/kitekat-vlazhnij-korm-dlya-koshek-s-govyadinoj-v-zhele-85-g.jpg";"files/kitekat-vlazhnij-korm-dlya-koshek-s-govyadinoj-v-zhele-85-g_3939.jpg";"KITEKAT влажный корм для кошек с говядиной в желе 85 г";"CB-00025810"
"files/natures-table-suhoj-korm-dlya-vzroslih-koshek-s-kuricej-190-g.jpg";"files/natures-table-suhoj-korm-dlya-vzroslih-koshek-s-kuricej-190-g_4068.jpg";"NATURES TABLE сухой корм для взрослых кошек с курицей 190 г";"CB-00027155"
"files/natures-table-suhoj-korm-dlya-vzroslih-koshek-s-kuricej-650-g.jpg";"files/natures-table-suhoj-korm-dlya-vzroslih-koshek-s-kuricej-650-g_4069.jpg";"NATURES TABLE сухой корм для взрослых кошек с курицей 650 г";"CB-00027156"
"files/natures-table-vlazhnij-korm-dlya-vzroslih-koshek-kurica-v-souse-85-g.jpg";"files/natures-table-vlazhnij-korm-dlya-vzroslih-koshek-kurica-v-souse-85-g_4071.jpg";"NATURES TABLE влажный корм для взрослых кошек Курица в Соусе 85 г";"CB-00027157"
"files/natures-table-vlazhnij-korm-dlya-vzroslih-koshek-govyadina-v-souse-85-g.jpg";"files/natures-table-vlazhnij-korm-dlya-vzroslih-koshek-govyadina-v-souse-85-g_4073.jpg";"NATURES TABLE влажный корм для взрослых кошек Говядина в Соусе 85 г";"CB-00027158"
"files/natures-table-vlazhnij-korm-dlya-vzroslih-koshek-indejka-v-souse-85-g.jpg";"files/natures-table-vlazhnij-korm-dlya-vzroslih-koshek-indejka-v-souse-85-g_4078.jpg";"NATURES TABLE влажный корм для взрослых кошек Индейка в Соусе 85 г";"CB-00027159"
"files/natures-table-vlazhnij-korm-dlya-vzroslih-koshek-losos-v-souse-85-g.jpg";"files/natures-table-vlazhnij-korm-dlya-vzroslih-koshek-losos-v-souse-85-g_4079.jpg";"NATURES TABLE влажный корм для взрослых кошек Лосось в Соусе 85 г";"CB-00027160"
"files/perfect-fit-suhoj-korm-adult-dlya-sobak-srednih-i-krupnih-porod-starshe-goda-s-kuricej-14.5-kg.jpg";"files/perfect-fit-suhoj-korm-adult-dlya-sobak-srednih-i-krupnih-porod-starshe-goda-s-kuricej-14.5-kg_4111.jpg";"PERFECT FIT сухой корм Adult для собак средних и крупных пород старше года с курицей 14.5 кг";"CB-00026403"
"files/perfect-fit-suhoj-korm-junior-dlya-kotyat-190-g.jpg";"files/perfect-fit-suhoj-korm-junior-dlya-kotyat-190-g_4113.jpg";"PERFECT FIT сухой корм Junior для котят 190 г";"CB-00024670"
"files/perfect-fit-suhoj-korm-adult-dlya-sobak-srednih-i-krupnih-porod-starshe-goda-s-kuricej-26-kg.jpg";"files/perfect-fit-suhoj-korm-adult-dlya-sobak-srednih-i-krupnih-porod-starshe-goda-s-kuricej-26-kg_4114.jpg";"PERFECT FIT сухой корм Adult для собак средних и крупных пород старше года с курицей 2,6 кг";"CB-00025657"
"files/perfect-fit-suhoj-korm-adult-dlya-sobak-srednih-i-krupnih-porod-starshe-goda-s-kuricej-08-kg.jpg";"files/perfect-fit-suhoj-korm-adult-dlya-sobak-srednih-i-krupnih-porod-starshe-goda-s-kuricej-08-kg_4115.jpg";"PERFECT FIT сухой корм Adult для собак средних и крупных пород старше года с курицей 0,8 кг";"CB-00025659"
"files/perfect-fit-suhoj-korm-in-home-dlya-domashnih-koshek-s-kuricej-065-kg.jpg";"files/perfect-fit-suhoj-korm-in-home-dlya-domashnih-koshek-s-kuricej-065-kg_4116.jpg";"PERFECT FIT сухой корм In-home для домашних кошек с курицей 0,65 кг";"CB-00024671"
"files/perfect-fit-suhoj-korm-junior-dlya-kotyat-650-g.jpg";"files/perfect-fit-suhoj-korm-junior-dlya-kotyat-650-g_4117.jpg";"PERFECT FIT сухой корм Junior для котят 650 г";"CB-00024669"
"files/perfect-fit-suhoj-korm-senior-8-dlya-pozhilih-koshek-650-g.jpg";"files/perfect-fit-suhoj-korm-senior-8-dlya-pozhilih-koshek-650-g_4118.jpg";"PERFECT FIT сухой корм Senior 8+ для пожилых кошек 650 г";"CB-00024668"
"files/perfect-fit-suhoj-korm-in-home-dlya-domashnih-koshek-190-g.jpg";"files/perfect-fit-suhoj-korm-in-home-dlya-domashnih-koshek-190-g_4119.jpg";"PERFECT FIT сухой корм In-home для домашних кошек 190 г";"CB-00024672"
"files/perfect-fit-suhoj-korm-in-home-dlya-domashnih-koshek-12-kg.jpg";"files/perfect-fit-suhoj-korm-in-home-dlya-domashnih-koshek-12-kg_4120.jpg";"PERFECT FIT сухой корм In-home для домашних кошек 1,2 кг";"CB-00024674"
"files/perfect-fit-suhoj-korm-sterile-dlya-sterilizovannih-koshek-s-govyadinoj-065-kg.jpg";"files/perfect-fit-suhoj-korm-sterile-dlya-sterilizovannih-koshek-s-govyadinoj-065-kg_4121.jpg";"PERFECT FIT сухой корм Sterile для стерилизованных кошек с говядиной 0,65 кг";"CB-00026399"
"files/perfect-fit-suhoj-korm-sterile-dlya-sterilizovannih-koshek-190-g.jpg";"files/perfect-fit-suhoj-korm-sterile-dlya-sterilizovannih-koshek-190-g_4122.jpg";"PERFECT FIT сухой корм Sterile для стерилизованных кошек 190 г";"CB-00024679"
"files/perfect-fit-vlazhnij-korm-junior-dlya-kotyat-85-g.jpg";"files/perfect-fit-vlazhnij-korm-junior-dlya-kotyat-85-g_4123.jpg";"PERFECT FIT влажный корм Junior для котят 85 г";"CB-00024684"
"files/perfect-fit-suhoj-korm-sterile-dlya-sterilizovannih-koshek-12-kg.jpg";"files/perfect-fit-suhoj-korm-sterile-dlya-sterilizovannih-koshek-12-kg_4124.jpg";"PERFECT FIT сухой корм Sterile для стерилизованных кошек 1,2 кг";"CB-00024680"
"files/perfect-fit-vlazhnij-korm-sterile-dlya-sterilizovannih-koshek-85-g.jpg";"files/perfect-fit-vlazhnij-korm-sterile-dlya-sterilizovannih-koshek-85-g_4127.jpg";"PERFECT FIT влажный корм Sterile для стерилизованных кошек 85 г";"CB-00024686"
"files/perfect-fit-vlazhnij-korm-adult-dlya-vzroslih-koshek-s-govyadinoj-85-g.jpg";"files/perfect-fit-vlazhnij-korm-adult-dlya-vzroslih-koshek-s-govyadinoj-85-g_4126.jpg";"PERFECT FIT влажный корм Adult для взрослых кошек с говядиной 85 г";"CB-00024927"
"files/perfect-fit-vlazhnij-korm-sensitive-dlya-vzroslih-koshek-s-chuvstvitelnim-pishevareniem-s-indejkoj-85-g.jpg";"files/perfect-fit-vlazhnij-korm-sensitive-dlya-vzroslih-koshek-s-chuvstvitelnim-pishevareniem-s-indejkoj-85-g_4125.jpg";"PERFECT FIT влажный корм Sensitive для взрослых кошек с чувствительным пищеварением с индейкой 85 г";"CB-00024929"
"files/perfect-fit-vlazhnij-korm-adult-dlya-vzroslih-koshek-s-kuricej-85-g.jpg";"files/perfect-fit-vlazhnij-korm-adult-dlya-vzroslih-koshek-s-kuricej-85-g_4128.jpg";"PERFECT FIT влажный корм Adult для взрослых кошек с курицей 85 г";"CB-00024928"
"files/perfect-fit-vlazhnij-korm-dlya-vzroslih-koshek-starshe-7-let-s-kuricej-85-g.jpg";"files/perfect-fit-vlazhnij-korm-dlya-vzroslih-koshek-starshe-7-let-s-kuricej-85-g_4129.jpg";"PERFECT FIT влажный корм для взрослых кошек старше 7 лет с курицей 85 г";"CB-00024930"
"files/perfect-fit-suhoj-korm-sensitive-dlya-koshek-s-chuvstvitelnim-pishevareniem-s-indejkoj-1.2-kg.jpg";"files/perfect-fit-suhoj-korm-sensitive-dlya-koshek-s-chuvstvitelnim-pishevareniem-s-indejkoj-1.2-kg_4130.jpg";"PERFECT FIT сухой корм Sensitive для кошек с чувствительным пищеварением с индейкой 1.2 кг";"CB-00024931"
"files/perfect-fit-suhoj-korm-sensitive-dlya-koshek-s-chuvstvitelnim-pishevareniem-s-indejkoj-065-kg.jpg";"files/perfect-fit-suhoj-korm-sensitive-dlya-koshek-s-chuvstvitelnim-pishevareniem-s-indejkoj-065-kg_4131.jpg";"PERFECT FIT сухой корм Sensitive для кошек с чувствительным пищеварением с индейкой 0,65 кг";"CB-00024932"
"files/perfect-fit-suhoj-korm-sensitive-dlya-koshek-s-chuvstvitelnim-pishevareniem-s-indejkoj-190-g.jpg";"files/perfect-fit-suhoj-korm-sensitive-dlya-koshek-s-chuvstvitelnim-pishevareniem-s-indejkoj-190-g_4132.jpg";"PERFECT FIT сухой корм Sensitive для кошек с чувствительным пищеварением с индейкой 190 г";"CB-00025049"
"files/perfect-fit-suhoj-korm-adult-dlya-vzroslih-koshek-s-kuricej-190-g.jpg";"files/perfect-fit-suhoj-korm-adult-dlya-vzroslih-koshek-s-kuricej-190-g_4133.jpg";"PERFECT FIT сухой корм Adult для взрослых кошек с курицей 190 г";"CB-00025316"
"files/perfect-fit-suhoj-korm-adult-dlya-vzroslih-koshek-s-govyadinoj-650-g.jpg";"files/perfect-fit-suhoj-korm-adult-dlya-vzroslih-koshek-s-govyadinoj-650-g_4135.jpg";"PERFECT FIT сухой корм Adult для взрослых кошек с говядиной 650 г";"CB-00026400"
"files/perfect-fit-suhoj-korm-adult-dlya-vzroslih-koshek-s-kuricej-650-g.jpg";"files/perfect-fit-suhoj-korm-adult-dlya-vzroslih-koshek-s-kuricej-650-g_4136.jpg";"PERFECT FIT сухой корм Adult  для взрослых кошек с курицей 650 г";"CB-00026401"
"files/perfect-fit-suhoj-korm-adult-dlya-sobak-melkih-i-miniatyurnih-porod-starshe-goda-s-kuricej-500-g.jpg";"files/perfect-fit-suhoj-korm-adult-dlya-sobak-melkih-i-miniatyurnih-porod-starshe-goda-s-kuricej-500-g_4137.jpg";"PERFECT FIT сухой корм Adult для собак мелких и миниатюрных пород старше года с курицей 500 г";"CB-00026404"
"files/perfect-fit-suhoj-korm-sterile-dlya-sterilizovannih-koshek-065-kg.jpg";"files/perfect-fit-suhoj-korm-sterile-dlya-sterilizovannih-koshek-065-kg_4138.jpg";"PERFECT FIT сухой корм Sterile для стерилизованных кошек 0,65 кг";"CB-00028494"
"files/perfect-fit-suhoj-korm-junior-dlya-shenkov-melkih-i-miniatyurnih-porod-sobak-s-kuricej-500-g.jpg";"files/perfect-fit-suhoj-korm-junior-dlya-shenkov-melkih-i-miniatyurnih-porod-sobak-s-kuricej-500-g_4139.jpg";"PERFECT FIT сухой корм Junior для щенков мелких и миниатюрных пород собак с курицей 500 г";"CB-00026405"
"files/perfect-fit-suhoj-korm-junior-dlya-shenkov-srednih-i-krupnih-porod-sobak-s-kuricej-800-g.jpg";"files/perfect-fit-suhoj-korm-junior-dlya-shenkov-srednih-i-krupnih-porod-sobak-s-kuricej-800-g_4140.jpg";"PERFECT FIT сухой корм Junior для щенков средних и крупных пород собак с курицей 800 г";"CB-00026406"
"files/pedigree-suhoj-korm-dlya-sobak-krupnih-porod-s-govyadinoj-13-kg.jpg";"files/pedigree-suhoj-korm-dlya-sobak-krupnih-porod-s-govyadinoj-13-kg_4205.jpg";"PEDIGREE сухой корм для собак крупных пород с говядиной 13 кг";"CB-00024645"
"files/pedigree-suhoj-korm-dlya-sobak-melkih-porod-s-govyadinoj-06-kg.jpg";"files/pedigree-suhoj-korm-dlya-sobak-melkih-porod-s-govyadinoj-06-kg_4206.jpg";"PEDIGREE сухой корм для собак мелких пород с говядиной 0,6 кг";"CB-00024640"
"files/pedigree-suhoj-korm-dlya-sobak-melkih-porod-s-govyadinoj-13-kg.jpg";"files/pedigree-suhoj-korm-dlya-sobak-melkih-porod-s-govyadinoj-13-kg_4207.jpg";"PEDIGREE сухой корм для собак мелких пород с говядиной 13 кг";"CB-00024647"
"files/pedigree-suhoj-korm-dlya-shenkov-krupnih-porod-s-kuricej-13-kg.jpg";"files/pedigree-suhoj-korm-dlya-shenkov-krupnih-porod-s-kuricej-13-kg_4209.jpg";"PEDIGREE сухой корм для щенков крупных пород с курицей 13 кг";"CB-00024654"
"files/pedigree-suhoj-korm-dlya-shenkov-vseh-porod-s-kuricej-22-kg.jpg";"files/pedigree-suhoj-korm-dlya-shenkov-vseh-porod-s-kuricej-22-kg_4208.jpg";"PEDIGREE сухой корм для щенков всех пород с курицей 2,2 кг";"CB-00024649"
"files/pedigree-suhoj-korm-dlya-shenkov-vseh-porod-s-kuricej-06-kg.jpg";"files/pedigree-suhoj-korm-dlya-shenkov-vseh-porod-s-kuricej-06-kg_4210.jpg";"PEDIGREE сухой корм для щенков всех пород с курицей 0,6 кг";"CB-00024648"
"files/pedigree-suhoj-korm-dlya-shenkov-vseh-porod-s-kuricej-13-kg.jpg";"files/pedigree-suhoj-korm-dlya-shenkov-vseh-porod-s-kuricej-13-kg_4211.jpg";"PEDIGREE сухой корм для щенков всех пород с курицей 13 кг";"CB-00024653"
"files/pedigree-pervij-prikorm-dlya-shenkov-vseh-porod-starshe-mesyaca-s-kuricej-43-kg.jpg";"files/pedigree-pervij-prikorm-dlya-shenkov-vseh-porod-starshe-mesyaca-s-kuricej-43-kg_4212.jpg";"PEDIGREE первый прикорм для щенков всех пород старше месяца с курицей 4,3 кг";"CB-00025324"
"files/pedigree-suhoj-korm-dlya-sobak-miniatyurnih-porod-s-govyadinoj-06-kg.jpg";"files/pedigree-suhoj-korm-dlya-sobak-miniatyurnih-porod-s-govyadinoj-06-kg_4213.jpg";"PEDIGREE сухой корм для собак миниатюрных пород с говядиной 0,6 кг";"CB-00024633"
"files/pedigree-suhoj-korm-dlya-sobak-miniatyurnih-porod-s-govyadinoj-12-kg.jpg";"files/pedigree-suhoj-korm-dlya-sobak-miniatyurnih-porod-s-govyadinoj-12-kg_4214.jpg";"PEDIGREE сухой корм для собак миниатюрных пород с говядиной 1,2 кг";"CB-00024635"
"files/pedigree-vlazhnij-korm-dlya-sobak-s-krolikom-i-indejkoj-100-g.jpg";"files/pedigree-vlazhnij-korm-dlya-sobak-s-krolikom-i-indejkoj-100-g_4217.jpg";"PEDIGREE влажный корм для собак с кроликом и индейкой 100 г";"CB-00024639"
"files/pedigree-suhoj-korm-dlya-shenkov-krupnih-porod-s-kuricej-22-kg.jpg";"files/pedigree-suhoj-korm-dlya-shenkov-krupnih-porod-s-kuricej-22-kg_4216.jpg";"PEDIGREE сухой корм для щенков крупных пород с курицей 2,2 кг";"CB-00024650"
"files/pedigree-suhoj-korm-dlya-sobak-melkih-porod-s-kuricej-22-kg.jpg";"files/pedigree-suhoj-korm-dlya-sobak-melkih-porod-s-kuricej-22-kg_4215.jpg";"PEDIGREE сухой корм для собак мелких пород с курицей 2,2 кг";"CB-00024641"
"files/pedigree-vlazhnij-korm-dlya-sobak-s-govyadinoj-100-g.jpg";"files/pedigree-vlazhnij-korm-dlya-sobak-s-govyadinoj-100-g_4218.jpg";"PEDIGREE влажный корм для собак с говядиной 100 г";"CB-00024657"
"files/pedigree-vlazhnij-korm-dlya-sobak-s-govyadinoj-i-yagnenkom-100-g.jpg";"files/pedigree-vlazhnij-korm-dlya-sobak-s-govyadinoj-i-yagnenkom-100-g_4219.jpg";"PEDIGREE влажный корм для собак с говядиной и ягненком 100 г";"CB-00024656"
"files/pedigree-suhoj-korm-dlya-sobak-vseh-porod-s-kuricej-22-kg.jpg";"files/pedigree-suhoj-korm-dlya-sobak-vseh-porod-s-kuricej-22-kg_4220.jpg";"PEDIGREE сухой корм для собак всех пород с курицей 2,2 кг";"CB-00024644"
"files/pedigree-vlazhnij-korm-pashtet-s-kuricej-dlya-sobak-melkih-porod-80-g.jpg";"files/pedigree-vlazhnij-korm-pashtet-s-kuricej-dlya-sobak-melkih-porod-80-g_4222.jpg";"PEDIGREE влажный корм паштет с курицей для собак мелких пород 80 г";"CB-00024664"
"files/pedigree-vlazhnij-korm-dlya-sobak-s-kuricej-100-g.jpg";"files/pedigree-vlazhnij-korm-dlya-sobak-s-kuricej-100-g_4221.jpg";"PEDIGREE влажный корм для собак с курицей 100 г";"CB-00024658"
"files/pedigree-vlazhnij-korm-dlya-shenkov-s-yagnenkom-85-g.jpg";"files/pedigree-vlazhnij-korm-dlya-shenkov-s-yagnenkom-85-g_4223.jpg";"PEDIGREE влажный корм для щенков с ягненком 85 г";"CB-00024659"
"files/pedigree-vlazhnij-korm-dlya-shenkov-s-govyadinoj-85-g.jpg";"files/pedigree-vlazhnij-korm-dlya-shenkov-s-govyadinoj-85-g_4224.jpg";"PEDIGREE влажный корм для щенков с говядиной 85 г";"CB-00024660"
"files/pedigree-vlazhnij-korm-dlya-vzroslih-sobak-miniatyurnih-i-melkih-porod-s-yagnenkom-85-g.jpg";"files/pedigree-vlazhnij-korm-dlya-vzroslih-sobak-miniatyurnih-i-melkih-porod-s-yagnenkom-85-g_4225.jpg";"PEDIGREE влажный корм для взрослых собак миниатюрных и мелких пород с ягненком 85 г";"CB-00024950"
"files/sheba-vlazhnij-korm-dlya-koshek-assorti-iz-kurici-i-utki-80-g.jpg";"files/sheba-vlazhnij-korm-dlya-koshek-assorti-iz-kurici-i-utki-80-g_4278.jpg";"SHEBA влажный корм для кошек Ассорти из курицы и утки 80 г";"CB-00024701"
"files/sheba-vlazhnij-korm-dlya-koshek-koktejl-iz-tunca-i-krevetok-80-g.jpg";"files/sheba-vlazhnij-korm-dlya-koshek-koktejl-iz-tunca-i-krevetok-80-g_4279.jpg";"SHEBA влажный корм для кошек Коктейль из тунца и креветок 80 г";"CB-00024699"
"files/sheba-vlazhnij-korm-dlya-koshek-sote-iz-kurinih-grudok-80-g.jpg";"files/sheba-vlazhnij-korm-dlya-koshek-sote-iz-kurinih-grudok-80-g_4282.jpg";"SHEBA влажный корм для кошек Соте из куриных грудок 80 г";"CB-00024710"
"files/sheba-vlazhnij-korm-dlya-koshek-tunec-v-nezhnom-souse-80-g.jpg";"files/sheba-vlazhnij-korm-dlya-koshek-tunec-v-nezhnom-souse-80-g_4284.jpg";"SHEBA влажный корм для кошек Тунец в нежном соусе 80 г";"CB-00024711"
"files/sheba-vlazhnij-korm-dlya-koshek-appetito-s-telyatinoj-i-yazikom-85-g.jpg";"files/sheba-vlazhnij-korm-dlya-koshek-appetito-s-telyatinoj-i-yazikom-85-g_4285.jpg";"SHEBA влажный корм для кошек Appetito с телятиной и языком 85 г";"CB-00024694"
"files/sheba-vlazhnij-korm-dlya-koshek-appetito-s-govyadinoj-i-krolikom-85-g.jpg";"files/sheba-vlazhnij-korm-dlya-koshek-appetito-s-govyadinoj-i-krolikom-85-g_4286.jpg";"SHEBA влажный корм для кошек Appetito с говядиной и кроликом 85 г";"CB-00024692"
"files/sheba-vlazhnij-korm-dlya-koshek-appetito-s-kuricej-i-indejkoj-85-g.jpg";"files/sheba-vlazhnij-korm-dlya-koshek-appetito-s-kuricej-i-indejkoj-85-g_4287.jpg";"SHEBA влажный корм для кошек Appetito с курицей и индейкой 85 г";"CB-00024693"
"files/sheba-vlazhnij-korm-dlya-koshek-appetito-s-tuncom-i-lososem-85-g.jpg";"files/sheba-vlazhnij-korm-dlya-koshek-appetito-s-tuncom-i-lososem-85-g_4288.jpg";"SHEBA влажный корм для кошек Appetito с тунцом и лососем 85 г";"CB-00024695"
"files/sheba-vlazhnij-korm-dlya-koshek-naturalle-s-govyadinoj-i-yagnenkom-80-g.jpg";"files/sheba-vlazhnij-korm-dlya-koshek-naturalle-s-govyadinoj-i-yagnenkom-80-g_4289.jpg";"SHEBA влажный корм для кошек Naturalle с говядиной и ягненком 80 г";"CB-00024696"
"files/sheba-vlazhnij-korm-dlya-koshek-pleasure-iz-govyadini-i-yagnenka-85-g.jpg";"files/sheba-vlazhnij-korm-dlya-koshek-pleasure-iz-govyadini-i-yagnenka-85-g_4290.jpg";"SHEBA влажный корм для кошек Pleasure из говядины и ягненка 85 г";"CB-00024703"
"files/sheba-vlazhnij-korm-dlya-koshek-naturalle-iz-kurici-i-utki-80-g.jpg";"files/sheba-vlazhnij-korm-dlya-koshek-naturalle-iz-kurici-i-utki-80-g_4291.jpg";"SHEBA влажный корм для кошек Naturalle из курицы и утки 80 г";"CB-00024698"
"files/sheba-vlazhnij-korm-dlya-koshek-pleasure-iz-govyadini-i-krolika-85-g.jpg";"files/sheba-vlazhnij-korm-dlya-koshek-pleasure-iz-govyadini-i-krolika-85-g_4292.jpg";"SHEBA влажный корм для кошек Pleasure из говядины и кролика 85 г";"CB-00024702"
"files/sheba-vlazhnij-korm-dlya-koshek-naturalle-iz-kurici-i-indejki-80-g.jpg";"files/sheba-vlazhnij-korm-dlya-koshek-naturalle-iz-kurici-i-indejki-80-g_4293.jpg";"SHEBA влажный корм для кошек Naturalle из курицы и индейки 80 г";"CB-00024697"
"files/sheba-vlazhnij-korm-dlya-koshek-pleasure-iz-kurici-i-krolika-85-g.jpg";"files/sheba-vlazhnij-korm-dlya-koshek-pleasure-iz-kurici-i-krolika-85-g_4294.jpg";"SHEBA влажный корм для кошек Pleasure из курицы и кролика 85 г";"CB-00024705"
"files/sheba-vlazhnij-korm-dlya-koshek-pleasure-s-tuncom-i-lososem-85-g.jpg";"files/sheba-vlazhnij-korm-dlya-koshek-pleasure-s-tuncom-i-lososem-85-g_4295.jpg";"SHEBA влажный корм для кошек Pleasure с тунцом и лососем 85 г";"CB-00024707"
"files/sheba-vlazhnij-korm-dlya-koshek-pleasure-s-forelyu-i-krevetkami-85-g.jpg";"files/sheba-vlazhnij-korm-dlya-koshek-pleasure-s-forelyu-i-krevetkami-85-g_4296.jpg";"SHEBA влажный корм для кошек Pleasure с форелью и креветками 85 г";"CB-00024709"
"files/sheba-vlazhnij-korm-dlya-koshek-pleasure-iz-telyatini-i-yazika-85-g.jpg";"files/sheba-vlazhnij-korm-dlya-koshek-pleasure-iz-telyatini-i-yazika-85-g_4297.jpg";"SHEBA влажный корм для кошек Pleasure из телятины и языка 85 г";"CB-00024706"
"files/sheba-vlazhnij-korm-dlya-koshek-pleasure-iz-kurici-i-indejki-85-g.jpg";"files/sheba-vlazhnij-korm-dlya-koshek-pleasure-iz-kurici-i-indejki-85-g_4298.jpg";"SHEBA влажный корм для кошек Pleasure из курицы и индейки 85 г";"CB-00024704"
"files/sheba-vlazhnij-korm-dlya-koshek-pleasure-s-utkoj-i-ciplenkom-85-g.jpg";"files/sheba-vlazhnij-korm-dlya-koshek-pleasure-s-utkoj-i-ciplenkom-85-g_4299.jpg";"SHEBA влажный корм для кошек Pleasure с уткой и цыпленком 85 г";"CB-00024708"
"files/sheba-vlazhnij-korm-delicatesso-dlya-vzroslih-koshek-indejka-v-souse-beshamel-85-g.jpg";"files/sheba-vlazhnij-korm-delicatesso-dlya-vzroslih-koshek-indejka-v-souse-beshamel-85-g_4300.jpg";"SHEBA влажный корм Delicatesso для взрослых кошек индейка в соусе Бешамель 85 г";"CB-00025401"
"files/sheba-vlazhnij-korm-delicatesso-dlya-vzroslih-koshek-frikase-s-krolikom-utkoj-i-ovoshami-85-g.jpg";"files/sheba-vlazhnij-korm-delicatesso-dlya-vzroslih-koshek-frikase-s-krolikom-utkoj-i-ovoshami-85-g_4301.jpg";"SHEBA влажный корм Delicatesso для взрослых кошек фрикасе с кроликом, уткой и овощами 85 г";"CB-00025402"
"files/sheba-vlazhnij-korm-delicatesso-dlya-vzroslih-koshek-pate-s-govyadinoj-85-g.jpg";"files/sheba-vlazhnij-korm-delicatesso-dlya-vzroslih-koshek-pate-s-govyadinoj-85-g_4302.jpg";"SHEBA влажный корм Delicatesso для взрослых кошек патэ с говядиной 85 г";"CB-00025404"
"files/sheba-vlazhnij-korm-dlya-vzroslih-koshkek-mini-porciya-s-lososem-50-g.jpg";"files/sheba-vlazhnij-korm-dlya-vzroslih-koshkek-mini-porciya-s-lososem-50-g_4303.jpg";"SHEBA влажный корм для взрослых кошкек Mini Порция с лососем 50 г";"CB-00026184"
"files/sheba-vlazhnij-korm-delicatesso-dlya-vzroslih-koshek-pate-s-telyatinoj-i-kuricej-85-g.jpg";"files/sheba-vlazhnij-korm-delicatesso-dlya-vzroslih-koshek-pate-s-telyatinoj-i-kuricej-85-g_4304.jpg";"SHEBA влажный корм Delicatesso для взрослых кошек патэ с телятиной и курицей 85 г";"CB-00025405"
"files/sheba-vlazhnij-korm-delicatesso-dlya-vzroslih-koshek-pate-s-myasom-ptici-85-g.jpg";"files/sheba-vlazhnij-korm-delicatesso-dlya-vzroslih-koshek-pate-s-myasom-ptici-85-g_4305.jpg";"SHEBA влажный корм Delicatesso для взрослых кошек патэ с мясом птицы 85 г";"CB-00025403"
"files/sheba-vlazhnij-korm-dlya-vzroslih-koshkek-mini-porciya-s-utkoj-50-g.jpg";"files/sheba-vlazhnij-korm-dlya-vzroslih-koshkek-mini-porciya-s-utkoj-50-g_4306.jpg";"SHEBA влажный корм для взрослых кошкек Mini Порция с уткой 50 г";"CB-00026186"
"files/sheba-vlazhnij-korm-dlya-vzroslih-koshkek-mini-porciya-s-kuricej-50-g.jpg";"files/sheba-vlazhnij-korm-dlya-vzroslih-koshkek-mini-porciya-s-kuricej-50-g_4307.jpg";"SHEBA влажный корм для взрослых кошкек Mini Порция с курицей 50 г";"CB-00026183"
"files/sheba-vlazhnij-korm-dlya-vzroslih-koshkek-mini-porciya-s-govyadinoj-50-g.jpg";"files/sheba-vlazhnij-korm-dlya-vzroslih-koshkek-mini-porciya-s-govyadinoj-50-g_4309.jpg";"SHEBA влажный корм для взрослых кошкек Mini Порция с говядиной 50 г";"CB-00026185"
"files/whiskas-suhoj-korm-dlya-koshek-starshe-goda-podushechki-s-pashtetom-iz-govyadini-i-myasa-krolika-08-kg.jpg";"files/whiskas-suhoj-korm-dlya-koshek-starshe-goda-podushechki-s-pashtetom-iz-govyadini-i-myasa-krolika-08-kg_4363.jpg";"WHISKAS сухой корм для кошек старше года подушечки с паштетом из говядины и мяса кролика 0,8 кг";"CB-00024937"
"files/whiskas-suhoj-korm-dlya-koshek-starshe-goda-podushechki-s-pashtetom-iz-govyadini-i-myasa-krolika-5-kg.jpg";"files/whiskas-suhoj-korm-dlya-koshek-starshe-goda-podushechki-s-pashtetom-iz-govyadini-i-myasa-krolika-5-kg_4365.jpg";"WHISKAS сухой корм для кошек старше года подушечки с паштетом из говядины и мяса кролика 5 кг";"CB-00024936"
"files/whiskas-suhoj-korm-dlya-koshek-starshe-goda-podushechki-s-pashtetom-iz-myasa-kurici-i-indejki-5-kg.jpg";"files/whiskas-suhoj-korm-dlya-koshek-starshe-goda-podushechki-s-pashtetom-iz-myasa-kurici-i-indejki-5-kg_4366.jpg";"WHISKAS сухой корм для кошек старше года подушечки с паштетом из мяса курицы и индейки 5 кг";"CB-00025320"
"files/whiskas-podushechki-s-kuricej-dlya-sterilizovannih-koshek-035-kg.jpg";"files/whiskas-podushechki-s-kuricej-dlya-sterilizovannih-koshek-035-kg_4367.jpg";"WHISKAS подушечки с курицей для стерилизованных кошек 0,35 кг";"CB-00024742"
"files/whiskas-suhoj-korm-dlya-koshek-starshe-goda-podushechki-s-pashtetom-iz-lososya-5-kg.jpg";"files/whiskas-suhoj-korm-dlya-koshek-starshe-goda-podushechki-s-pashtetom-iz-lososya-5-kg_4368.jpg";"WHISKAS сухой корм для кошек старше года подушечки с паштетом из лосося 5 кг";"CB-00025321"
"files/whiskas-podushechki-s-kuricej-dlya-sterilizovannih-koshek-19-kg.jpg";"files/whiskas-podushechki-s-kuricej-dlya-sterilizovannih-koshek-19-kg_4369.jpg";"WHISKAS подушечки с курицей для стерилизованных кошек 1,9 кг";"CB-00024743"
"files/whiskas-podushechki-s-nezhnim-pashtetom-appetitnoe-assorti-s-kuricej-i-indejkoj-035-kg.jpg";"files/whiskas-podushechki-s-nezhnim-pashtetom-appetitnoe-assorti-s-kuricej-i-indejkoj-035-kg_4370.jpg";"WHISKAS подушечки с нежным паштетом Аппетитное ассорти с курицей и индейкой 0,35 кг";"CB-00024749"
"files/whiskas-podushechki-s-nezhnim-pashtetom-appetitnoe-assorti-s-kuricej-i-indejkoj-08-kg.jpg";"files/whiskas-podushechki-s-nezhnim-pashtetom-appetitnoe-assorti-s-kuricej-i-indejkoj-08-kg_4371.jpg";"WHISKAS подушечки с нежным паштетом Аппетитное ассорти с курицей и индейкой 0,8 кг";"CB-00026402"
"files/whiskas-podushechki-s-nezhnim-pashtetom-appetitnoe-assorti-s-govyadinoj-i-krolikom-19-kg.jpg";"files/whiskas-podushechki-s-nezhnim-pashtetom-appetitnoe-assorti-s-govyadinoj-i-krolikom-19-kg_4372.jpg";"WHISKAS подушечки с нежным паштетом Аппетитное ассорти с говядиной и кроликом 1,9 кг";"CB-00024747"
"files/whiskas-podushechki-s-nezhnim-pashtetom-appetitnoe-assorti-s-kuricej-i-indejkoj-19-kg.jpg";"files/whiskas-podushechki-s-nezhnim-pashtetom-appetitnoe-assorti-s-kuricej-i-indejkoj-19-kg_4373.jpg";"WHISKAS подушечки с нежным паштетом Аппетитное ассорти с курицей и индейкой 1,9 кг";"CB-00024750"
"files/whiskas-podushechki-s-nezhnim-pashtetom-appetitnij-obed-s-lososem-19-kg.jpg";"files/whiskas-podushechki-s-nezhnim-pashtetom-appetitnij-obed-s-lososem-19-kg_4374.jpg";"WHISKAS подушечки с нежным паштетом Аппетитный обед с лососем 1,9 кг";"CB-00024753"
"files/whiskas-podushechki-s-nezhnim-pashtetom-appetitnij-obed-s-lososem-035-kg.jpg";"files/whiskas-podushechki-s-nezhnim-pashtetom-appetitnij-obed-s-lososem-035-kg_4375.jpg";"WHISKAS подушечки с нежным паштетом Аппетитный обед с лососем 0,35 кг";"CB-00024752"
"files/whiskas-podushechki-s-pashtetom-dlya-koshek-starshe-7-let-assorti-s-myasom-ptici-350-g.jpg";"files/whiskas-podushechki-s-pashtetom-dlya-koshek-starshe-7-let-assorti-s-myasom-ptici-350-g_4376.jpg";"WHISKAS подушечки с паштетом для кошек старше 7 лет Ассорти с мясом птицы  350 г";"CB-00024715"
"files/whiskas-vlazhnij-korm-dlya-kotyat-pashtet-s-kuricej-85-g.jpg";"files/whiskas-vlazhnij-korm-dlya-kotyat-pashtet-s-kuricej-85-g_4377.jpg";"WHISKAS влажный корм для котят паштет с курицей 85 г";"CB-00024712"
"files/whiskas-podushechki-s-govyadinoj-dlya-sterilizovannih-koshek-19-kg.jpg";"files/whiskas-podushechki-s-govyadinoj-dlya-sterilizovannih-koshek-19-kg_4378.jpg";"WHISKAS подушечки с говядиной для стерилизованных кошек 1,9 кг";"CB-00024741"
"files/whiskas-vlazhnij-korm-dlya-koshek-starshe-7-let-ragu-s-kuricej-85-g.jpg";"files/whiskas-vlazhnij-korm-dlya-koshek-starshe-7-let-ragu-s-kuricej-85-g_4379.jpg";"WHISKAS влажный корм для кошек старше 7 лет рагу с курицей 85 г";"CB-00024722"
"files/whiskas-podushechki-dlya-kotyat-s-molokom-indejkoj-i-morkovyu-19-kg.jpg";"files/whiskas-podushechki-dlya-kotyat-s-molokom-indejkoj-i-morkovyu-19-kg_4380.jpg";"WHISKAS подушечки для котят с молоком, индейкой и морковью 1,9 кг";"CB-00024717"
"files/whiskas-vlazhnij-korm-dlya-kotyat-zhele-s-telyatinoj-85-g.jpg";"files/whiskas-vlazhnij-korm-dlya-kotyat-zhele-s-telyatinoj-85-g_4383.jpg";"WHISKAS влажный корм для котят желе с телятиной 85 г";"CB-00024718"
"files/whiskas-vlazhnij-korm-dlya-kotyat-ragu-s-yagnenkom-85g.jpg";"files/whiskas-vlazhnij-korm-dlya-kotyat-ragu-s-yagnenkom-85g_4382.jpg";"WHISKAS влажный корм для котят рагу с ягненком 85г";"CB-00024720"
"files/whiskas-vlazhnij-korm-dlya-kotyat-ragu-s-kuricej-85-g.jpg";"files/whiskas-vlazhnij-korm-dlya-kotyat-ragu-s-kuricej-85-g_4381.jpg";"WHISKAS влажный корм для котят рагу с курицей 85 г";"CB-00024719"
"files/whiskas-vlazhnij-korm-dlya-vzroslih-koshek-zhele-s-govyadinoj-i-yagnenkom-85-g.jpg";"files/whiskas-vlazhnij-korm-dlya-vzroslih-koshek-zhele-s-govyadinoj-i-yagnenkom-85-g_4384.jpg";"WHISKAS влажный корм для взрослых кошек желе с говядиной и ягненком 85 г";"CB-00024724"
"files/whiskas-vlazhnij-korm-dlya-vzroslih-koshek-zhele-s-lososem-85-g.jpg";"files/whiskas-vlazhnij-korm-dlya-vzroslih-koshek-zhele-s-lososem-85-g_4385.jpg";"WHISKAS влажный корм для взрослых кошек желе с лососем 85 г";"CB-00024728"
"files/whiskas-vlazhnij-korm-dlya-vzroslih-koshek-zhele-s-krolikom-i-ovoshami-85-g.jpg";"files/whiskas-vlazhnij-korm-dlya-vzroslih-koshek-zhele-s-krolikom-i-ovoshami-85-g_4386.jpg";"WHISKAS влажный корм для взрослых кошек желе с кроликом и овощами 85 г";"CB-00024726"
"files/whiskas-vlazhnij-korm-dlya-vzroslih-koshek-zhele-s-kuricej-85-g.jpg";"files/whiskas-vlazhnij-korm-dlya-vzroslih-koshek-zhele-s-kuricej-85-g_4387.jpg";"WHISKAS влажный корм для взрослых кошек желе с курицей 85 г";"CB-00024727"
"files/whiskas-vlazhnij-korm-dlya-vzroslih-koshek-pashtet-iz-kurici-s-indejkoj-85-g.jpg";"files/whiskas-vlazhnij-korm-dlya-vzroslih-koshek-pashtet-iz-kurici-s-indejkoj-85-g_4388.jpg";"WHISKAS влажный корм для взрослых кошек паштет из курицы с индейкой 85 г";"CB-00024736"
"files/whiskas-vlazhnij-korm-dlya-vzroslih-koshek-pashtet-iz-govyadini-s-pechenyu-85-g.jpg";"files/whiskas-vlazhnij-korm-dlya-vzroslih-koshek-pashtet-iz-govyadini-s-pechenyu-85-g_4389.jpg";"WHISKAS влажный корм для взрослых кошек паштет из говядины с печенью 85 г";"CB-00024735"
"files/whiskas-vlazhnij-korm-dlya-koshek-starshe-7-let-ragu-s-yagnenkom-85-g.jpg";"files/whiskas-vlazhnij-korm-dlya-koshek-starshe-7-let-ragu-s-yagnenkom-85-g_4390.jpg";"WHISKAS влажный корм для кошек старше 7 лет рагу с ягненком 85 г";"CB-00024723"
"files/whiskas-vlazhnij-korm-dlya-vzroslih-koshek-pashtet-s-utkoj-85-g.jpg";"files/whiskas-vlazhnij-korm-dlya-vzroslih-koshek-pashtet-s-utkoj-85-g_4392.jpg";"WHISKAS влажный корм для взрослых кошек паштет с уткой 85 г";"CB-00024738"
"files/whiskas-vlazhnij-korm-dlya-vzroslih-koshek-ragu-s-govyadinoj-i-yagnenkom-85-g.jpg";"files/whiskas-vlazhnij-korm-dlya-vzroslih-koshek-ragu-s-govyadinoj-i-yagnenkom-85-g_4391.jpg";"WHISKAS влажный корм для взрослых кошек рагу с говядиной и ягненком 85 г";"CB-00024755"
"files/whiskas-vlazhnij-korm-dlya-vzroslih-koshek-ragu-s-krolikom-i-indejkoj-85-g.jpg";"files/whiskas-vlazhnij-korm-dlya-vzroslih-koshek-ragu-s-krolikom-i-indejkoj-85-g_4393.jpg";"WHISKAS влажный корм для взрослых кошек рагу с кроликом и индейкой 85 г";"CB-00024756"
"files/whiskas-vlazhnij-korm-dlya-vzroslih-koshek-ragu-s-indejkoj-85-g.jpg";"files/whiskas-vlazhnij-korm-dlya-vzroslih-koshek-ragu-s-indejkoj-85-g_4394.jpg";"WHISKAS влажный корм для взрослых кошек рагу с индейкой 85 г";"CB-00024758"
"files/whiskas-vlazhnij-korm-dlya-vzroslih-koshek-ragu-s-forelyu-85-g.jpg";"files/whiskas-vlazhnij-korm-dlya-vzroslih-koshek-ragu-s-forelyu-85-g_4395.jpg";"WHISKAS влажный корм для взрослых кошек рагу с форелью 85 г";"CB-00024761"
"files/whiskas-vlazhnij-korm-dlya-vzroslih-koshek-ragu-s-telyatinoj-85-g.jpg";"files/whiskas-vlazhnij-korm-dlya-vzroslih-koshek-ragu-s-telyatinoj-85-g_4396.jpg";"WHISKAS влажный корм для взрослых кошек рагу с телятиной 85 г";"CB-00024760"
"files/whiskas-vlazhnij-korm-dlya-vzroslih-koshek-ragu-s-lososem-85-g.jpg";"files/whiskas-vlazhnij-korm-dlya-vzroslih-koshek-ragu-s-lososem-85-g_4397.jpg";"WHISKAS влажный корм для взрослых кошек рагу с лососем 85 г";"CB-00024759"
"files/whiskas-vlazhnij-korm-dlya-koshek-starshe-goda-mini-file-govyadina-v-zhele-85-g.jpg";"files/whiskas-vlazhnij-korm-dlya-koshek-starshe-goda-mini-file-govyadina-v-zhele-85-g_4398.jpg";"WHISKAS влажный корм для кошек старше года мини-филе говядина в желе 85 г";"CB-00024933"
"files/whiskas-vlazhnij-korm-dlya-vzroslih-koshek-ragu-s-kuricej-85-g.jpg";"files/whiskas-vlazhnij-korm-dlya-vzroslih-koshek-ragu-s-kuricej-85-g_4399.jpg";"WHISKAS влажный корм для взрослых кошек рагу с курицей 85 г";"CB-00024757"
"files/lovular-podguzniki-hot-wind-xs-2-5kg-22-sht.jpg";"files/lovular-podguzniki-hot-wind-xs-2-5kg-22-sht_4520.jpg";"LOVULAR подгузники Hot Wind XS (2-5кг) 22 шт";"CB-00044921"
"files/lovular-trusiki-podguzniki-giraffe-xl-12-17-kg-46-sht.jpg";"files/lovular-trusiki-podguzniki-giraffe-xl-12-17-kg-46-sht_4628.jpg";"LOVULAR трусики-подгузники Giraffe XL (12-17 кг) 46 шт";"CB-00044925"
"files/lovular-podguzniki-hot-wind-s-3-7-kg-22-sht.jpg";"files/lovular-podguzniki-hot-wind-s-3-7-kg-22-sht_4635.jpg";"LOVULAR подгузники Hot Wind S (3-7 кг) 22 шт";"CB-00044922"
"files/lovular-trusiki-podguzniki-giraffe-l-9-14-kg-50-sht.jpg";"files/lovular-trusiki-podguzniki-giraffe-l-9-14-kg-50-sht_4636.jpg";"LOVULAR трусики-подгузники Giraffe L (9-14 кг) 50 шт";"CB-00044924"
"files/whiskas-vlazhnij-korm-dlya-koshek-starshe-goda-mini-file-kurica-v-zhele-85-g.jpg";"files/whiskas-vlazhnij-korm-dlya-koshek-starshe-goda-mini-file-kurica-v-zhele-85-g_4645.jpg";"WHISKAS влажный корм для кошек старше года мини-филе курица в желе 85 г";"CB-00024935"
"files/whiskas-vlazhnij-korm-dlya-koshek-starshe-goda-mini-file-krolik-v-zhele-85-g.jpg";"files/whiskas-vlazhnij-korm-dlya-koshek-starshe-goda-mini-file-krolik-v-zhele-85-g_4647.jpg";"WHISKAS влажный корм для кошек старше года мини-филе кролик в желе 85 г";"CB-00024934"
"files/whiskas-pashtet-dlya-koshek-starshe-goda-s-telyatinoj-85-g.jpg";"files/whiskas-pashtet-dlya-koshek-starshe-goda-s-telyatinoj-85-g_4648.jpg";"WHISKAS паштет для кошек старше года с телятиной 85 г";"CB-00024938"
"files/whiskas-podushechki-so-smetanoj-i-ovoshami-appetitnoe-assorti-govyadinoj-i-krolikom-350-g.jpg";"files/whiskas-podushechki-so-smetanoj-i-ovoshami-appetitnoe-assorti-govyadinoj-i-krolikom-350-g_6435.jpg";"WHISKAS подушечки со сметаной и овощами Аппетитное ассорти говядиной и кроликом 350 г";"CB-00024745"