"Рекомендуемые товары";"Сопутствующие товары";"Короткое название";"Артикул"
"АНТИЗАСОР Средство для удаления засора в трубах 1000 мл;ЧИСТЮЛЯ ЛЕГКАЯ губки для посуды 7 шт";"SANFOR чистящее средство Activ Антиржавчина 750 мл;ZEWA салфетки Everyday 150 шт;Я САМАЯ влажные салфетки для интимной гигиены Organic 15 шт";"VORTEX средство для мытья посуды Marvel лимон 1 л";430285
"АНТИЗАСОР Средство для удаления засора в трубах 1000 мл;SUPRIM средство от накипи для стиральных машин 750 г";"KLEENEX носовые платочки Original белые10 х 10 шт;ЧИСТИН средство для удаления накипи в стиральных машинах Эффект 500 г;VILEDA салфетка хозяйственная МикроТафф Плюс 38х38 см желтая 1 шт";"БИОЛАН Средство для мытья посуды Бальзам с Алоэ вера 0,9 л";460302
"АНТИЗАСОР Средство для удаления засоров в трубах гель 1000 мл;ЧИСТЮЛЯ ЛЕГКАЯ салфетки вискозные вафельные 3 шт";"ЧИСТИН средство для удаления накипи в стиральных машинах Эффект 500 г;PAPIA салфетки Facial Tissue для лица в коробке двухслойные 100 шт;ДОМИНГО Перчатки хозяйственные Brute прочные L";"AOS Средство для мытья посуды Бальзам 1 л";430181
"АНТИЗАСОР Средство для удаления засоров в трубах гранулы 70 г;VILEDA салфетка хозяйственная МикроТафф Плюс 38х38 см голубая 1 шт";"SUPRIM средство от накипи для стиральных машин 750 г;ZEWA салфетки бумажные для лица Family 90 шт;ЧИСТЫЙ СОСТАВ моющее средство Ацид антиналет 750 мл";"AOS средство для мытья посуды Лимон 450 мл";430190
"АНТИЗАСОР чистящее средство Профессиональный гель для устранения засоров в трубах 500 мл;BAGI Средство для удаления накипи Кумкумит 550 мл";"ПЕМОЛЮКС чистящее средство Лимон 480 г;CIF чистящий крем Active Fresh 500 мл";"FINISH Средство для мытья посуды в посудомоечных машинах Classic Лимон порошок 1 кг";430166
"АНТИЗАСОР чистящее средство Экспресс-формула ганулированное средство для удаления засора в трубах 70 г";"СОЛНЦЕ И ЛУНА влажные салфетки Для Детей с экстрактом алоэ 63 шт;BAGI чистящее средство Шуманит от Известкового Налета 550 мл;ДОМИНГО салфетки целлюлозные абсорбирующие 3 шт";"FAIRY Средство для мытья посуды Сочный лимон 450 мл";430231
"АНТИЗАСОР чистящее средство Экспресс-формула ганулированное средство для удаления засора в трубах 70 г;KLEENEX носовые платочки клубника 10 х 10 шт";"ЧИСТЮЛЯ губка поролоновая для ванной;AURA Влажные салфетки для детей Ultra Comfort с крышкой 120 шт;SUPRIM средство от накипи для стиральных машин 750 г";"FAIRY Средство для мытья посуды Сочный лимон 900 мл";430234
"БОЛЬШАЯ СТИРКА средство от накипи в стиральных машинах 500 г";"VILEDA салфетка-губка Веттекс Классик 18х20 см голубая 1 шт;ЧИСТЮЛЯ пакеты для мусора Стандарт 30 л 31 шт;SANFOR средство для прочистки засоров в трубах 1000 мл";"КАПЛЯ VOX Средство для мытья посуды лимон 500 мл";430243
"БОЛЬШАЯ СТИРКА средство от накипи в стиральных машинах 500 г;КРОТ средство для прочистки канализационных труб Активный 580 мл";"DOMESTOS туалетный блок Power 5 Duo Ледяная магнолия 1 шт;МИФ Средство для мытья посуды Свежесть цитрусов 1 л;BAGI Средство против грибка и плесени Анти-Плесень 500 мл";"FAIRY Капсулы для посудомоечных машин  84 шт";460426
"БОЛЬШАЯ СТИРКА средство от накипи в стиральных машинах 500 г;ZEWA бумажные полотенца 4 шт";"ЧИСТЮЛЯ губка поролоновая для ванной;АНТИЗАСОР Средство для удаления засоров в трубах гель 1000 мл";"МИФ Средство для мытья посуды Свежесть цитрусов 0,5 л";460305
"БОЛЬШАЯ СТИРКА средство от накипи в стиральных машинах 500 г;ZEWA салфетки бумажные для лица Family 90 шт";"VORTEX средство для удаления засоров Draft 1 л;MEBELUX полироль для мебели 5в1 для любых поверхностей 500 мл;QUALITA cкребок из нержавеющей стали 1 шт";"БИОЛАН средство для мытья посуды Апельсин и Лимон 900 мл";430194
"ВОСХОД моющее средство Универсальное горная лаванда 1 л;BREF туалетный блок Волна Свежести со сменным наполнителем 360 мл";"ЧИСТИН средство для удаления накипи в стиральных машинах Эффект 500 г;КРОТ средство для прочистки канализационных труб Турбо 1 л;FAIRY Средство для мытья посуды Нежные руки Ромашка и витамин Е 450 мл";"SOMAT чистящее средство для посудомоечных машин 3 шт";430175
"ДОМИНГО Губки поролоновые с абразивом Brick 5 шт";"АНТИЗАСОР Средство для удаления засоров в трубах гель 1000 мл;BAGI чистящее средство Шуманит от Известкового Налета 550 мл";"AOS средство для мытья посуды Апельсин и Мята 450 мл";430179
"ДОМИНГО Губки поролоновые с абразивом Brick 5 шт;АНТИЗАСОР чистящее средство Профессиональный гель для устранения засоров в трубах 500 мл";"SANFOR чистящее средство Activ Антиржавчина 750 мл;ZEWA бумажные полотенца 2-в-1 1 шт;ЧИСТЮЛЯ салфетки вискозные тонкие 5 шт";"SORTI средство для мытья посуды Бальзам с Экстрактом Ромашки 450 мл";430273
"ДОМИНГО Губки поролоновые с абразивом Bubbler 4 шт;ЧИСТИН чистящий порошок Яблоко 400 г";"ЧИСТЮЛЯ швабра отжимная с губкой ПВА 1 ролик;DR. SCHNELL Универсальное моющее средство Unimagic 1 л;ЧИСТЮЛЯ ЛЕГКАЯ перчатки хозяйственные легкие прочные L";"DR. SCHNELL чистящее средство Glasan для очистки стеклянных поверхностей 1 л";430140
"ДОМИНГО Перчатки хозяйственные Brute прочные S;ЧИСТЮЛЯ салфетка для пола с микрофиброй";"Совок с закрывающейся крышкой Леголэнд;DR. SCHNELL Универсальное моющее средство Forol 1 л;MEBELUX полироль для мебели с антистатиком 300 мл";"GREEN LOVE средство для чистки стекол и зеркал 500 мл";460291
"ДОННА РОЗА губка поролоновая с абразивом 5 шт;АНТИЗАСОР чистящее средство Экспресс-формула ганулированное средство для удаления засора в трубах 70 г";"ZEWA туалетная бумага Just 1 четырехслойная без аромата 8 шт;BAGI чистящее средство Шуманит от Известкового Налета 550 мл;ZEWA носовые платки Плюс Неароматизированные 10х10 шт";"SORTI средство для мытья посуды Лимон 900 мл";430282
"КАПЛЯ VOX Средство для мытья посуды яблоко 1 лр;ЧИСТИН средство для удаления накипи в стиральных машинах Эффект 500 г";"DR. SCHNELL Универсальное моющее средство Forol 1 л;COMET Чистящий гель Океанский бриз 0,5 л;КРОТ средство для прочистки канализационных труб Активный 580 мл";"FAIRY Капсулы для посудомоечных машин  Platinum 10 шт";460424
"КРОТ средство для прочистки канализационных труб Активный 580 мл;БОЛЬШАЯ СТИРКА средство от накипи в стиральных машинах 500 г";"ДОМИНГО Салфетка из микрофибры для пола Ламинат;BELLA носовые платки Classic 10х10 шт";"GARDEN ECO средство для мытья посуды Алое вера 500 мл";430238
"КРОТ средство для прочистки канализационных труб Активный 580 мл;DOMESTOS туалетный блок 3 в 1 Лимон 1 шт";"ЧИСТИН средство для удаления накипи в стиральных машинах Эффект 500 г;KLEENEX салфетки универсальные Viva в рулоне1 шт";"PRIL средство для мытья посуды Бальзам алоэ вера 900 мл";430264
"КРОТ средство для прочистки канализационных труб Активный 580 мл;SANFOR чистящее средство Activ Антиржавчина 750 мл";"МИФ Средство для мытья посуды Свежесть цитрусов 1 л;CIF чистящий крем Active Fresh 500 мл";"SOMAT порошок для посудомоечных машин Classic 1,5 кг";460294
"КРОТ средство для прочистки канализационных труб Турбо 1 л;ЧИСТИН средство для удаления накипи в стиральных машинах Эффект 500 г";"ПЕМОЛЮКС чистящее средство Сода 5 морской бриз 480 г;SORTI cредство для мытья посуды Бальзам с витамином Е 900 мл;BAGI Средство для прочистки засоров Потхан 600 г";"BIO MIO Таблетки для посудомоечной машины Bio -Total эвкалипт 30 шт";430149
"Пакеты для мусора 60 л Light Стандарт 20 шт;EXPEL Биоактиватор для дачных туалетов и септиков 4 таблетки";"VILEDA салфетка вискозная универсальная 38х40 см желтая 1 шт;ZEWA бумажные полотенца 75 шт;BAGI Средство для удаления накипи Кумкумит 550 мл";"FAIRY средство для мытья посуды Зеленое яблоко 650 мл";430236
"ПЕМОЛЮКС чистящее средство Сода 5 морской бриз 480 г;BAGI Средство для прочистки засоров Потхан 600 г";"SUPRIM средство от накипи для стиральных машин 750 г;ЧИСТЮЛЯ мочалка-нержавейка Маленькая кухня";"SORTI средство для мытья посуды Цитрусовый Фреш 450 мл";430276
"ЧИСТИН средство для очистки канализационных труб Сток 750 мл;ЧИСТЮЛЯ Губки для посуды Легкая с защитой маникюра 3 шт";"БОЛЬШАЯ СТИРКА средство от накипи в стиральных машинах 500 г;EXPEL Жирогон Средство для устранения засоров от жира и пищевых остатков 2*50гр";"FAIRY Средство для мытья посуды Зеленое яблоко 900 мл";430237
"ЧИСТИН средство для очистки канализационных труб Сток 750 мл;SANFOR чистящее средство WС гель Speсial black 750 мл";"BAGI салфетки в рулоне Чудо Тряпка Супер Прочная 33 шт;ZEWA салфетки бумажные для лица Family 90 шт;БОЛЬШАЯ СТИРКА средство от накипи в стиральных машинах 500 г";"AOS средство для мытья посуды Лимон 900 мл";430191
"ЧИСТИН средство для очистки канализационных труб Сток 750 мл;ZEWA салфетки бумажные для лица Everyday 100 шт";"BAGI Средство для удаления накипи Кумкумит 550 мл;ЧИСТЮЛЯ мочалки из нержавеющей стали 2 шт;ЧИСТЮЛЯ Салфетки целлюлозные для кухни 3 шт";"SORTI средство для мытья посуды Глицерин 450 мл";430279
"ЧИСТИН средство для удаления накипи в стиральных машинах Эффект 500 г;БИОЛАН средство для мытья посуды Бальзам Облепиха 450 мл";"АНТИЗАСОР чистящее средство Профессиональный гель для устранения засоров в трубах 500 мл;БИОЛАН средство для мытья посуды Апельсин и Лимон 900 мл";"FAIRY Капсулы для посудомоечных машин Platinum 18 шт";430158
"ЧИСТИН средство для удаления накипи в стиральных машинах Эффект 500 г;AURA влажные салфетки антибактериальные Лимон 15 шт";"BREF освежитель воздуха Дачный для дачных туалетов 450 г;ЧИСТЮЛЯ Губки поролоновые с абразивом MAXI 10 шт;ZEWA салфетки бумажные для лица Everyday 100 шт";"КАПЛЯ VOX Средство для мытья посуды лимон 1 лр";430242
"ЧИСТИН средство для удаления накипи в стиральных машинах Эффект 500 г;MR PROPER моющее средство Для Полов и Стен роза 1 л";"AOS средство для мытья посуды Апельсин и Мята 900 мл;DR. SCHNELL средство для очистки санитарных зон и удаления отложений Milizid 1 л;ЧИСТИН средство для очистки канализационных труб Сток 750 мл";"FAIRY Капсулы для посудомоечных машин  22+22 шт";460425
"ЧИСТЮЛЯ губка поролоновая с абразивом MIDI 10 шт;PAPIA бумажные полотенца белые трёхслойные 4 шт";"PAMPERS влажные салфетки Baby Fresh Clean 4x64;EXPEL средство для устранения засоров От Волос 2x50 г;SANFOR чистящее средство Activ Антиржавчина 750 мл";"AOS средство для мытья посуды Бальзам Алоэ Вера 0,9 л";460300
"ЧИСТЮЛЯ губка поролоновая с абразивом MIDI 10 шт;ZEWA носовые платки Deluxe Клубника 10х10 шт";"ЧИСТИН средство для удаления накипи в стиральных машинах Эффект 500 г;АНТИЗАСОР чистящее средство Экспресс-формула ганулированное средство для удаления засора в трубах 70 г;ЧИСТЮЛЯ пакеты для промышленного мусора 120 л 10 шт";"БИОЛАН Средство для мытья посуды Бальзам с Алоэ вера 0,45 л";460301
"ЧИСТЮЛЯ Губка целлюлозная Натуральная;QUALITA перчатки хозяйственные Universal L";"ЧИСТИН средство санитарно-гигиеническое 750 мл;БОЛЬШАЯ СТИРКА Шампунь для чистки ковров 1000 мл;Щетка для совка Леголэнд 25 см";"CLIN моющее средство Окна и Стекла лимон 500 мл";430139
"ЧИСТЮЛЯ Губки поролоновые с абразивом БИСКВИТ 3 шт;EXPEL биоактиватор для дачных туалетов и септиков 1 шт";"DOMESTOS туалетный блок Power 5 Duo Свежесть Лаванды 1 шт;ZEWA салфетки Everyday 150 шт;SANFOR чистящее средство Activ Антиржавчина 750 мл";"БИОЛАН средство для мытья посуды Бальзам Облепиха 450 мл";430195
"ЧИСТЮЛЯ губки поролоновые с абразивом Комфорт 7 шт;PLUSHE бумажные полотенца Light 2 слоя белые 2 шт";"ЧИСТЮЛЯ Перчатки латексные с напылением хлопка L;BAGI чистящее средство Шуманит от Известкового Налета 550 мл;EXPEL Жирогон Средство для устранения засоров от жира и пищевых остатков 2*50гр";"SORTI средство для мытья посуды Бальзам с Витамином Е 450 мл";430275
"ЧИСТЮЛЯ губки поролоновые с абразивом XL 5 шт;ЧИСТИН 3-в-1 средство для сантехники 750 мл";"ЧИСТЮЛЯ Перчатки латексные с напылением хлопка S";"КАПЛЯ VOX Средство для чистки стёкол и зеркал морской бриз 500 мл";430142
"ЧИСТЮЛЯ мочалка из нержавеющей стали 1 шт;BAGI Средство для прочистки засоров Потхан 600 г";"ZEWA туалетная бумага Deluxe орхидея 3 слоя 4 шт;ZEWA носовые платки Kids 10x10 шт;SUPRIM средство от накипи для стиральных машин 750 г";"FAIRY Средство для мытья посуды Апельсин и лимонник 450 мл";430217
"ЧИСТЮЛЯ мочалка из нержавеющей стали 1 шт;PAPIA салфетки Facial Tissue для лица в коробке двухслойные 100 шт";"AURA Влажные салфетки Ultra Comfort для детей 60 шт;ЧИСТИН средство для удаления накипи в стиральных машинах Эффект 500 г;SYNERGETIC cредство для устранения засоров в канализационных трубах 1 л";"SORTI средство для мытья посуды Бальзам с Экстрактом Ромашки 900 мл";430274
"ЧИСТЮЛЯ мочалки металлические для посуды 2 шт;ЧИСТЮЛЯ Пакеты для мусора прочные 30л 30 шт";"ZEWA салфетки бумажные для лица Kids 60 шт;EXPEL биоактиватор для дачных туалетов и септиков 1 шт;ЧИСТИН средство для удаления накипи в стиральных машинах Эффект 500 г";"PRIL средство для мытья посуды Дуо Актив лимон 900 мл";430269
"ЧИСТЮЛЯ насадка из микрофибры для швабры;ЧИСТЮЛЯ ЛЕГКАЯ перчатки хозяйственные легкие прочные S";"VORTEX очиститель универсальный Well 500 мл;ЧИСТЮЛЯ салфетка для пола большая;COMET чистящий порошок Лимон без хлоринола 400 г";"VORTEX средство для мытья стекол Magic сменный флакон 500 мл";430148
"ЧИСТЮЛЯ Перчатки латексные с напылением хлопка L;VILEDA салфетка хозяйственная МикроТафф Плюс 38х38 см желтая 1 шт";"EXPEL биоактиватор для дачных туалетов и септиков 1 шт;ЧИСТИН средство для удаления накипи в стиральных машинах Эффект 500 г";"ПЕМОЛЮКС средство для мытья посуды Нежные Руки алоэ вера 450 мл";430261
"ЧИСТЮЛЯ салфетка вискозная в рулоне 30 шт;KLEENEX носовые платочки Ultra Soft 7 х 12 шт";"АНТИЗАСОР чистящее средство Профессиональный гель для устранения засоров в трубах 500 мл;VILEDA Губка средней жёсткости жёлтая с зелёный абразивом 9x7см 1 шт;ЧИСТИН средство для удаления накипи в стиральных машинах Эффект 500 г";"SORTI средство для мытья посуды Глицерин 900 мл";430280
"ЧИСТЮЛЯ салфетка для пола с микрофиброй";"BAGI Средство для удаления накипи Кумкумит 550 мл;АНТИЗАСОР Средство для удаления засоров в трубах гранулы 70 г;PAMPERS влажные салфетки Sensitive 12 шт";"БИОЛАН Средство для мытья посуды Глицерин и Ромашка 900 мл";430201
"ЧИСТЮЛЯ салфетки вискозные 10 шт;GREEN LOVE чистящий крем Универсальный 330 г";"KLEENEX влажные салфетки антибактериальные 10 шт;ZEWA носовые платки Deluxe Ромашка 10 х 10 шт;BAGI Средство для чистки Шуманит от засоров 70 г";"КАПЛЯ VOX Средство для мытья посуды Алоэ-вера и брусника 500 мл";430240
"ЧИСТЮЛЯ швабра с насадкой из микрофибры;MEBELUX полироль для мебели с антистатиком 300 мл";"DOMESTOS универсальный чистящий гель Ультра Блеск 500 мл;ЧИСТЮЛЯ Губки поролоновые с абразивом БИСКВИТ 3 шт;VILEDA перчатки Контракт резиновые M";"VORTEX средство для мытья стекол Magic 0,5 л";460292
"Щетка для совка Леголэнд 25 см;DOMESTOS универсальный чистящий гель Кристальная Чистота 1 л";"ЧИСТЮЛЯ ЛЕГКАЯ перчатки хозяйственные легкие прочные L;DR. SCHNELL Универсальное моющее средство Unimagic 1 л;ЧИСТЮЛЯ ЛЕГКАЯ салфетки вискозные Неделька 7 шт";"ЧИСТЫЙ СОСТАВ моющее средство Для Стекол и Зеркал без запаха 750 мл";430136
"AURA Влажные салфетки Ultra Comfort для детей с экстрактом Алоэ и витамином Е 120 шт";"SANFOR чистящее средство Activ Антиржавчина 750 мл;VILEDA салфетка вискозная универсальная 38х40 см красная 1 шт;АНТИЗАСОР Средство для удаления засоров в трубах гранулы 70 г";"FAIRY Средство для мытья посуды Апельсин и лимонник 900 мл";430218
"AURA FAMILY влажные салфетки для всей семьи Ecoomy с крышкой 200 шт;QUALITA Салфетки вискозные для экспресс-уборки в рулоне 70 шт";"КРОТ средство для прочистки канализационных труб Активный 580 мл;BELLAGIO салфетки для лица Monalisa двухслойные 200 шт;БОЛЬШАЯ СТИРКА средство от накипи в стиральных машинах 500 г";"SORTI cредство для мытья посуды Бальзам с витамином Е 900 мл";430270
"BAGI салфетки в рулоне Чудо тряпка Анти-ворсинки 70 шт;KLEENEX носовые платочки клубника 10 х 10 шт";"АНТИЗАСОР Средство для удаления засора в трубах 1000 мл;SUPRIM средство от накипи для стиральных машин 750 г;DOMESTOS универсальный чистящий гель Кристальная Чистота 1 л";"GARDEN ECO средство для мытья посуды Цитрус 500 мл";430239
"BAGI Средство для удаления накипи Кумкумит 550 мл";"DOMESTOS универсальный чистящий гель Розовый шторм 1 л;SANFOR средство для прочистки засоров в трубах 1000 мл;БИОЛАН средство для мытья посуды Глицерин и Ромашка 450 мл";"FINISH таблетки для посудомоечных машин Classic 28 шт";430170
"BAGI Средство для удаления накипи Кумкумит 550 мл";"EXPEL средство для устранения засоров От Волос 2x50 г";"PRIL средство для мытья посуды Бальзам кальций 450 мл";430265
"BAGI Средство для удаления накипи Кумкумит 550 мл;АНТИЗАСОР чистящее средство Профессиональный гель для устранения засоров в трубах 500 мл";"CIF влажные салфетки для очищения поверхностей Универсальные 30 шт;ZEWA носовые платки Softis Алоэ 9х10 шт;LIBERO влажные салфетки Baby Care 2x64 шт";"SORTI средство для мытья посуды Лимон 450 мл";430281
"BAGI Средство для удаления накипи Кумкумит 550 мл;ЧИСТЮЛЯ мочалка-нержавейка Маленькая кухня";"ЧИСТЮЛЯ губки поролоновые с абразивом XL 5 шт;BAGI Средство для чистки Шуманит от засоров 70 г;ZEWA салфетки Everyday 150 шт";"FAIRY Средство для мытья посуды Нежные руки Ромашка и витамин Е 450 мл";430222
"BAGI Средство для удаления накипи Кумкумит 550 мл;PLUSHE бумажные полотенца Light 2 слоя белые 2 шт";"BAGI Средство для чистки Шуманит от засоров 70 г;AURA влажные салфетки антибактериальные 20 шт;ЧИСТЮЛЯ салфетки вискозные 10 шт";"FAIRY средство для мытья посуды Pure & Clean 650 мл";430229
"BAGI Средство для чистки Шуманит от засоров 70 г;ЧИСТИН средство для удаления накипи в стиральных машинах Эффект 500 г";"ZEWA влажная туалетная бумага Ромашка 42 шт;ДОННА РОЗА губка поролоновая с абразивом 10 шт";"SORTI средство для мытья посуды Бальзам Алоэ Вера 450 мл";430271
"BAGI чистящее средство Мастика для Полировки Полов 500 мл;BAGI чистящее средство Оранит для Мытья Полов 550 мл;BIO MIO чистящее средство Bio-cleaner для мытья полов c маслом мелиссы 750 мл;ЧИСТЫЙ СОСТАВ моющее средство Для поверхностей 1 л;ЧИСТИН средство для мытья полов Сочный лимон 1000 мл";"DR. SCHNELL моющее средство Forex для плиточных полов 1 л;DR. SCHNELL натур. нейтрализатор запахов на поверхностях Bio Fresh 1 л;GLORIX чистящее средство для пола Цветущая яблоня и ландыш 1 л;GLORIX чистящее средство для пола Лимонная энергия 1 л";"BAGI моющее средство Паркет для Мытья Полов 550 мл";460239
"BAGI чистящее средство Шуманит от Известкового Налета 550 мл;ЧИСТЮЛЯ ЛЕГКАЯ губки поролоновые 4 шт";"BELLAGIO салфетки для лица Monalisa двухслойные 200 шт;АНТИЗАСОР чистящее средство Профессиональный ганулированное средство для удаления засора в трубах 50 г;СОЛНЦЕ И ЛУНА влажные салфетки для детей Фитолиния с отваром череды и облепихи с крышкой 56 шт";"FAIRY Средство для мытья посуды Зеленое яблоко 450 мл";430235
"BAGI чистящее средство Шуманит от Известкового Налета 550 мл;KLEENEX салфетки Декор овал 64 шт";"BREF освежитель воздуха Дачный для дачных туалетов 450 г;ZEWA носовые платки Softis Soft Sensitive 10х9 шт;VILEDA салфетка хозяйственная МикроТафф Бэйс 36х36 см желтая 1 шт";"AOS средство для мытья посуды Фитокомплекс 7 Трав 1 л";430187
"BELLA носовые платки Classic 10х10 шт;VILEDA салфетка-губка Веттекс Классик 18х20 см голубая 1 шт";"ЧИСТЮЛЯ ЛЕГКАЯ салфетки вискозные тонкие 5 шт;SYNERGETIC cредство для устранения засоров в канализационных трубах 1 л;SUPRIM средство от накипи для стиральных машин 750 г";"МИФ Средство для мытья посуды Лимонная свежесть 0,5 л";460306
"BIO MIO Таблетки для посудомоечной машины Bio -Total эвкалипт 30 шт;БОЛЬШАЯ СТИРКА средство от накипи в стиральных машинах 500 г";"VORTEX моющее средство Destroy для удаления загрязнений после строительства и ремонта 1 л;FAIRY средство для мытья посуды Апельсин и лимонник 650 мл;АНТИЗАСОР Средство для удаления засоров в трубах гранулы 70 г";"FAIRY Капсулы для посудомоечных машин Platinum 27 шт";430159
"BREF освежитель воздуха Дачный для дачных туалетов 450 г;DOMESTOS запасной туалетный блок 3 в 1 Атлантик 1 шт";"ZEWA носовые платки Плюс Неароматизированные 10х10 шт;SUPRIM средство от накипи для стиральных машин 750 г;ЧИСТЮЛЯ ЛЕГКАЯ губки поролоновые 4 шт";"AOS средство для мытья посуды Масло Розы 1 л";430192
"BREF туалетный блок Сила-Актив лимонная свежесть 1 шт;EXPEL биоактиватор для дачных туалетов и септиков 1 шт";"БОЛЬШАЯ СТИРКА средство от накипи в стиральных машинах 500 г;ЧИСТИН чистящий порошок Сирень 400 г;SORTI средство для мытья посуды Бальзам Алоэ Вера 900 мл";"SOMAT чистящее средство для посудомоечных машин 250 мл";430174
"BREF туалетный блок Сила-Актив хвойная свежесть 2 шт";"SANFOR чистящее средство Activ Антиржавчина 750 мл;АНТИЗАСОР чистящее средство Профессиональный ганулированное средство для удаления засора в трубах 50 г";"FAIRY Капсулы для посудомоечных машин Platinum 37 шт";460293
"COMET Чистящее средство для туалета Весенняя свежесть 750 мл;ЧИСТЮЛЯ ЛЕГКАЯ салфетки вискозные в рулоне 50 шт";"ZEWA бумажные полотенца 2 шт;GREEN LOVE чистящий крем Универсальный 330 г;КРОТ средство для прочистки канализационных труб Активный 580 мл";"CJ LION средство для мытья посуды Chamgreen Древесный Уголь 0,96 л";460299
"DR. SCHNELL средство для очистки санитарных зон и удаления отложений Milizid 1 л;ЧИСТИН средство для удаления накипи в стиральных машинах Эффект 500 г";"PRIL средство для мытья посуды Дуо Актив лимон 450 мл;EXPEL средство для устранения засоров От Волос 2x50 г";"FAIRY Капсулы для посудомоечных машин 48 шт";430154
"DR. SCHNELL Универсальное моющее средство Unimagic 1 л;SUPRIM средство от накипи для стиральных машин 750 г";"VORTEX средство для удаления засоров Draft 1 л;БИОЛАН средство для мытья посуды Лаванда и Витамин Е 450 мл";"FAIRY Капсулы для посудомоечных машин 39 шт";430153
"DR. SCHNELL чистящее средство Glasan для очистки стеклянных поверхностей 1 л;БОЛЬШАЯ СТИРКА средство от накипи в стиральных машинах 500 г";"ЧИСТЫЙ СОСТАВ моющее средство Для посуды 500 мл;EXPEL биоактиватор для дачных туалетов и септиков 1 шт;DOMESTOS универсальный чистящий гель Свежесть Атлантики 1 л";"SUPRIM порошок для посудомоечных машин 500 г";460295
"DR. SCHNELL чистящее средство Quick Tric для очистки ковров и обивки 1 л;ЧИСТЮЛЯ швабра отжимная с губкой ПВА 1 ролик";"ЧИСТЮЛЯ Салфетки из микрофибры для окон;COMET чистящий порошок Лимон без хлоринола 475 г;ЧИСТЮЛЯ ЛЕГКАЯ перчатки хозяйственные легкие прочные S";"SANITA спрей для стекол с нашатырным спиртом 500 мл";430144
"EXPEL биоактиватор для дачных туалетов и септиков 1 шт;БОЛЬШАЯ СТИРКА средство от накипи в стиральных машинах 500 г";"ЧИСТЮЛЯ Baby салфетки для уборки в деткой из микрофибры 2 шт;ВОСХОД моющее средство Универсальное горная лаванда 1 л;ZEWA бумажные полотенца 75 шт";"FAIRY Platinum Средство для мытья посуды Лимон и лайм 430 мл";460244
"EXPEL Биоактиватор для дачных туалетов и септиков 4 таблетки;Набор для уборки УльтраСпид Мини синий";"BAGI чистящее средство Шуманит от Известкового Налета 550 мл;ЧИСТЮЛЯ губка поролоновая с абразивом Маленькая кухня XL 1 шт";"МИФ Средство для мытья посуды Бальзам АлоэВера 0,5 л";460307
"EXPEL Биоактиватор для дачных туалетов и септиков 4 таблетки;QUALITA салфетки Влаговпитывающие целлюлозные 3 шт";"Салфетки белые Стандарт 100 шт;ZEWA туалетная бумага Just 1 четырехслойная без аромата 8 шт;GREEN LOVE чистящий крем Универсальный 330 г";"AOS средство для мытья посуды Апельсин и Мята 900 мл";430180
"EXPEL Биоактиватор для дачных туалетов и септиков 4 таблетки;VILEDA салфетка хозяйственная ТиТауэл Микро 40х60 см 1 шт";"BAGI чистящее средство Шуманит от Известкового Налета 550 мл;ZEWA бумажные полотенца 2 шт;ZEWA носовые платки Kids 10х10 шт";"SORTI Средство для мытья посуды Цитрусовый Фреш 900 мл";430278
"EXPEL Жирогон Средство для устранения засоров от жира и пищевых остатков 2*50гр;ДОМИНГО Губки поролоновые с абразивом Brick 5 шт";"ЧИСТИН средство санитарно-гигиеническое 750 мл;SUPRIM средство от накипи для стиральных машин 750 г";"FAIRY Средство для мытья посуды Нежные руки Чайное дерево и мята 450 мл";430219
"EXPEL Жирогон Средство для устранения засоров от жира и пищевых остатков 2*50гр;BELLAGIO салфетки для лица Monalisa двухслойные 200 шт";"CILLIT BANG чистящее средство Удаление Черной Плесени 750 мл;ЧИСТЮЛЯ ЛЕГКАЯ салфетки вискозные Неделька 7 шт;SUPRIM средство от накипи для стиральных машин 750 г";"МИФ Средство для мытья посуды Свежесть цитрусов 1 л";430258
"EXPEL средство для устранения засоров От Волос 2x50 г;ЧИСТЮЛЯ салфетки вискозные тонкие 5 шт";"GREEN LOVE чистящий крем Универсальный 330 г;SANFOR средство для прочистки засоров в трубах 1000 мл";"ПЕМОЛЮКС средство для мытья посуды Сода 5 лимон 450 мл";430262
"EXPEL средство для устранения засоров От Волос 2x50 г;ЧИСТЮЛЯ Салфетки целлюлозные Маленькая кухня мини 3 шт";"АНТИЗАСОР чистящее средство Экспресс-формула ганулированное средство для удаления засора в трубах 70 г;TORK салфетки бумажные Big Pack 25 х 25 см однослойные красные 500 шт;BAGI чистящее средство Шуманит от Известкового Налета 550 мл";"AOS средство для мытья посуды Глицерин 900 мл";430189
"EXPEL средство для устранения засоров От Волос 2x50 г;BAGI тряпка для пола Премиум Белая 50x80 см";"БОЛЬШАЯ СТИРКА средство от накипи в стиральных машинах 500 г;ЧИСТЮЛЯ пакеты для мусора удлиненные 35 л 25 шт";"CJ LION средство для мытья посуды Chamgreen Айва 450 мл";430206
"GREEN LOVE чистящий крем Универсальный 330 г";"ZEWA туалетная бумага Deluxe орхидея 3 слоя 4 шт;VILEDA салфетка хозяйственная МикроТафф Бэйс 36х36 см красная 1 шт;SYNERGETIC cредство для устранения засоров в канализационных трубах 1 л";"CJ LION средство для мытья посуды Chamgreen Зеленый Чай 0,96 л";460297
"GREEN LOVE чистящий крем Универсальный 330 г;БИОЛАН порошок чистящий Горная свежесть 400 г";"SORTI средство для мытья посуды Лимон 450 мл;GLORIX чистящее средство для пола Лимонная энергия 1 л;BAGI Средство для прочистки засоров Потхан 600 г";"FAIRY Капсулы для посудомоечных машин Platinum 50 шт";430160
"GREEN LOVE чистящий крем Универсальный 330 г;ЧИСТЮЛЯ губка поролоновая для ванной";"BAGI Средство для чистки Шуманит от засоров 70 г;ЧИСТЮЛЯ пакеты для промышленного мусора 120 л 10 шт;KLEENEX носовые платочки клубника 10 х 10 шт";"AOS средство для мытья посуды Бальзам Алоэ Вера 0,45 л";460298
"GREEN LOVE чистящий крем Универсальный 330 г;Я САМАЯ влажные салфетки для снятия макияжа 15 шт";"ZEWA носовые платки Deluxe Ментол 10х10 шт;АНТИЗАСОР Средство для удаления засоров в трубах гель 1000 мл;VILEDA губка меламиновая МираКлин";"FAIRY ProDerma Средство для мытья посуды Шёлк и Орхидея 450 мл";430216
"GREEN LOVE чистящий крем Универсальный 330 г;SANFOR средство для прочистки засоров в трубах 1000 мл";"ZEWA носовые платки Плюс Неароматизированные 10х10 шт;ZEWA носовые платки Softis Алоэ 9х10 шт;ДОННА РОЗА губка поролоновая с абразивом 5 шт";"CJ LION средство для мытья посуды Chamgreen Айва мягкая упаковка 860 мл";430207
"KLEENEX носовые платочки клубника 10 х 10 шт;VILEDA салфетка хозяйственная МикроТафф Бэйс 36х36 см желтая 1 шт";"BREF туалетный блок Duo-Cubes 2 шт;BAGI Средство для удаления накипи Кумкумит 550 мл;АНТИЗАСОР чистящее средство Экспресс-формула ганулированное средство для удаления засора в трубах 70 г";"FAIRY Средство для мытья посуды Platinum Ледяная свежесть 650 мл";430225
"KLEENEX носовые платочки Balsam 9 х 8 шт;BAGI чистящее средство Шуманит от Известкового Налета 550 мл";"KLEENEX влажная туалетная бумага в пластиковой упаковке 42 шт;BREF освежитель воздуха Дачный для дачных туалетов 450 г;ДОМИНГО Салфетка из микрофибры для уборки Plush-up";"PRIL средство для мытья посуды Дуо Актив лимон 450 мл";430268
"KLEENEX салфетки Family в коробке 150 шт;ЧИСТИН средство для удаления накипи в стиральных машинах Эффект 500 г";"DOMESTOS запасной туалетный блок 3 в 1 Атлантик 1 шт;EXPEL биоактиватор для дачных туалетов и септиков 1 шт;ЧИСТЮЛЯ мочалка из нержавеющей стали 1 шт";"БИОЛАН средство для мытья посуды Лаванда и Витамин Е 450 мл";430202
"KLEENEX салфетки Ultra Soft в коробке 56 шт;АНТИЗАСОР Средство для удаления засоров в трубах гель 1000 мл";"VORTEX чистящее средство для туалета Fumigel 750 мл;ЧИСТЮЛЯ салфетка для пола с микрофиброй;SUPRIM средство от накипи для стиральных машин 750 г";"FAIRY Expert cредство для мытья посуды Лимон 5 л";430214
"KLEENEX салфетки Ultra Soft в коробке 56 шт;COMET Чистящий гель Сосна 1 л";"BAGI салфетки в рулоне Чудо тряпка Анти-ворсинки 70 шт;BAGI Средство для удаления накипи Кумкумит 550 мл;ЧИСТИН средство для очистки канализационных труб Сток 750 мл";"МИФ Средство для мытья посуды Бальзам АлоэВера 1 л";430252
"LIBERO подгузники-трусики Dry Pants 7 (16 - 26 кг) 14 шт;LIBERO подгузники-трусики Dry Pants 6 (13 - 20 кг) 30 шт";"LURE влажные салфетки для детей с крышкой 120 шт;PAMPERS подгузники Active Baby 5 (11 - 16 кг) 110 шт;VERNEL кондиционер для белья Детский 0,91 л";"GREEN LOVE средство для мытья детской посуды 500 мл";460296
"LIBRESSE влажные салфетки Natural 20 шт;АНТИЗАСОР Средство для удаления засоров в трубах гель 1000 мл";"ЧИСТИН средство для удаления накипи в стиральных машинах Эффект 500 г;ZEWA салфетки бумажные для лица Everyday 100 шт;ЧИСТЮЛЯ мочалка из нержавеющей стали 1 шт";"ЧИСТЫЙ СОСТАВ моющее средство Для посуды 500 мл";430205
"LOVULAR влажные фито-салфетки для груди, сосок, пустышек 40 шт;ZEWA бумажные полотенца Decor 4 шт";"QUALITA губки кухонные Bubble Еffect 5 шт;BREF освежитель воздуха Дачный для дачных туалетов 450 г;SUPRIM средство от накипи для стиральных машин 750 г";"БИОЛАН средство для мытья посуды Апельсин и Лимон 450 мл";430193
"MR PROPER Моющий порошок для уборки Универсальный с отбеливателем 400 г";"DR. SCHNELL чистящее средство Quick Tric для очистки ковров и обивки 1 л;ЧИСТЮЛЯ мочалки из нержавеющей стали 2 шт;ДОННА РОЗА перчатки хозяйственные L";"CLIN моющее средство Окна и Стекла 500 мл";430138
"PAPIA бумажные полотенца белые трёхслойные 4 шт;КРОТ средство для прочистки канализационных труб Активный 580 мл";"ЧИСТЮЛЯ губки поролоновые с абразивом XL 5 шт;ZEWA носовые платки Kids 10х10 шт;SUPRIM средство от накипи для стиральных машин 750 г";"КАПЛЯ VOX Средство для мытья посуды яблоко 1 лр";430244
"PAPIA туалетная бумага Professional 3 слоя 8 шт;БОЛЬШАЯ СТИРКА средство от накипи в стиральных машинах 500 г";"ЧИСТЮЛЯ губка в сетке со стальной нитью 2 шт;АНТИЗАСОР Средство для удаления засоров в трубах гель 1000 мл";"МИФ Средство для мытья посуды Бальзам Лаванда 500 мл";430254
"SANFOR средство для прочистки засоров в трубах 1000 мл;ЧИСТЮЛЯ губка поролоновая с абразивом Маленькая кухня XL 1 шт";"VILEDA салфетка хозяйственная МикроТафф Бэйс 36х36 см красная 1 шт;ЧИСТИН средство для удаления накипи в стиральных машинах Эффект 500 г;ZEWA бумажные полотенца 75 шт";"МИФ Средство для мытья посуды Лимонная свежесть 1 л";430255
"SANFOR средство для прочистки засоров в трубах 1000 мл;ЧИСТЮЛЯ ЛЕГКАЯ салфетки вискозные тонкие 5 шт";"БОЛЬШАЯ СТИРКА средство от накипи в стиральных машинах 500 г;ЧИСТЮЛЯ Салфетка - полотенце из микрофибры для посуды";"CJ LION средство для мытья посуды Chamgreen Японский Абрикос 960 мл";430210
"SANFOR средство для прочистки засоров в трубах 1000 мл;CLIN моющее средство Окна и Стекла лимон 500 мл";"FAIRY Platinum Средство для мытья посуды Лимон и лайм 430 мл;ПЕМОЛЮКС чистящее средство Сода 5 морской бриз 480 г;БОЛЬШАЯ СТИРКА средство от накипи в стиральных машинах 500 г";"FAIRY Капсулы для посудомоечных машин 60 шт";430155
"SANFOR чистящее средство Activ Антиржавчина 750 мл;EXPEL Жирогон Средство для устранения засоров от жира и пищевых остатков 2*50гр";"ZEWA носовые платки Kids 10х10 шт;VILEDA салфетка хозяйственная МикроТафф Бэйс 36х36 см красная 1 шт;ЧИСТЮЛЯ Губки поролоновые с абразивом MAXI 10 шт";"AOS средство для мытья посуды Бальзам 0,9 л";460303
"SANFOR чистящее средство Activ Антиржавчина 750 мл;PAPIA бумажные полотенца белые трёхслойные 4 шт";"LURE влажные салфетки С Антибактериальным Эффектом 15 шт;EXPEL средство для устранения засоров От Волос 2x50 г;CIF влажные салфетки для очищения поверхностей Универсальные 30 шт";"БИОЛАН средство для мытья посуды Глицерин и Ромашка 450 мл";430200
"SUPRIM средство от накипи для стиральных машин 750 г";"Пакеты для мусора 60 л Light Стандарт 20 шт;EXPEL Жирогон Средство для устранения засоров от жира и пищевых остатков 2*50гр;QUALITA Салфетки вискозные для экспресс-уборки в рулоне 70 шт";"FAIRY средство для мытья посуды Сочный лимон 650 мл";430233
"SUPRIM средство от накипи для стиральных машин 750 г;ПЕМОЛЮКС чистящее средство Морской бриз 480 г";"БИОЛАН средство для мытья посуды Лаванда и Витамин Е 450 мл;EXPEL средство для устранения засоров От Волос 2x50 г;КАПЛЯ VOX Средство для мытья посуды Цитрусовый микс 500 мл";"FINISH cредство для мытья посуды в посудомоечных машинах Classic порошок 1 кг";430163
"SUPRIM средство от накипи для стиральных машин 750 г;BAGI Средство для чистки Шуманит от засоров 70 г";"KLEENEX салфетки Декор овал 64 шт;ЧИСТЮЛЯ мочалки из нержавеющей стали 2 шт;ЧИСТЮЛЯ ЛЕГКАЯ губки поролоновые 4 шт";"FAIRY Средство для мытья посуды Шёлк и Орхидея ProDerma 650 мл";430230
"SUPRIM средство от накипи для стиральных машин 750 г;EXPEL Жирогон Средство для устранения засоров от жира и пищевых остатков 2*50гр";"BREF туалетный блок Сила-Актив лимонная свежесть 2 шт;МИФ Средство для мытья посуды Лимонная свежесть 1 л;CIF чистящий крем Active Лимон 250 мл";"FINISH таблетки для посудомоечных машин Quantum 40 шт";430172
"SUPRIM средство от накипи для стиральных машин 750 г;PAMPERS влажные салфетки Sensitive 56 шт";"EXPEL биоактиватор для дачных туалетов и септиков 1 шт;ZEWA салфетки бумажные для лица Family 90 шт;ЧИСТЮЛЯ Губка целлюлозная Натуральная";"FAIRY Средство для мытья посуды Professional Sensitive 5 л";430227
"VILEDA салфетка вискозная универсальная 38х40 см зеленая 1 шт;MEBELUX полироль для мебели с воском 300 мл";"ЧИСТЮЛЯ насадка из микрофибры для швабры;SANFOR чистящее средство Universal 10 в 1 Морской бриз 750 мл;QUALITA перчатки хозяйственные Universal M";"КАПЛЯ VOX Средство для чистки стёкол и зеркал цитрусовая свежесть 500 гр";430141
"VILEDA салфетка хозяйственная Бризи универсальная 35х35 см голубая 1 шт;BAGI Средство для удаления накипи Кумкумит 550 мл";"SANFOR средство для прочистки засоров в трубах 1000 мл;BELLAGIO салфетки для лица Monalisa двухслойные 200 шт";"AOS средство для мытья посуды Глицерин 450 мл";430188
"VILEDA салфетка хозяйственная МикроТафф Плюс 38х38 см желтая 1 шт;KLEENEX салфетки Декор овал 64 шт";"BAGI Средство для удаления накипи Кумкумит 550 мл;ЧИСТЮЛЯ губка поролоновая для ванной;АНТИЗАСОР Средство для удаления засоров в трубах гель 1000 мл";"SYNERGETIC средство для мытья посуды Optima 5 л";430284
"VILEDA салфетка-губка Веттекс Классик 18х20 см голубая 1 шт";"ЧИСТЮЛЯ ЛЕГКАЯ губки для посуды 7 шт;SANFOR чистящее средство Activ Антиржавчина 750 мл;EXPEL Жирогон Средство для устранения засоров от жира и пищевых остатков 2*50гр";"FAIRY Средство для мытья посуды Нежные руки Чайное дерево и мята 650 мл";430220
"VORTEX очиститель от следов скотча и наклеек Antistick 1 л;ЧИСТЮЛЯ швабра с насадкой из микрофибры";"ЧИСТИН средство санитарно-гигиеническое 750 мл;ЧИСТЮЛЯ Перчатки латексные с напылением хлопка L;VILEDA салфетка вискозная универсальная 38х40 см красная 1 шт";"ORGANIC PEOPLE эко-спрей для стекол и зеркал с органическим лимоном и апельсином 500 мл";430516
"VORTEX средство для удаления засоров Draft 1 л;ЧИСТЮЛЯ ЛЕГКАЯ губки поролоновые 4 шт";"BAGI Средство для чистки Шуманит 3 л;ZEWA носовые платки Deluxe Ментол 10х10 шт;БОЛЬШАЯ СТИРКА средство от накипи в стиральных машинах 500 г";"MEINE LIEBE средство для мытья посуды С экстрактом Авокадо 485 мл";430249
"VORTEX средство для удаления засоров Draft 1 л;ЧИСТЮЛЯ салфетка для кухни из микрофибры Антижир";"SANFOR чистящее средство Activ Антиржавчина 750 мл;HUGGIES влажные салфетки Ultra Comfort алоэ 128 шт";"КАПЛЯ VOX Средство для мытья посуды яблоко 500 мл";430245
"VORTEX средство для удаления засоров Draft 1 л;Щетка для совка Леголэнд 25 см";"ЧИСТЮЛЯ ЛЕГКАЯ салфетки вискозные тонкие 5 шт;BAGI Средство для удаления накипи Кумкумит 550 мл";"FAIRY средство для мытья посуды Апельсин и лимонник 650 мл";460240
"VORTEX чистящее средство для удаления плесени и грибка Fungus 500 мл;АНТИЗАСОР чистящее средство Экспресс-формула ганулированное средство для удаления засора в трубах 70 г";"BAGI чистящее средство Шуманит от Известкового Налета 550 мл;AOS средство для мытья посуды Лимон 450 мл";"FAIRY Капсулы для посудомоечных машин  Platinum 70 шт";460427
"ZEWA бумажные полотенца Decor 2 шт;EXPEL биоактиватор для дачных туалетов и септиков 1 шт";"PLUSHE бумажные полотенца Light 2 слоя белые 2 шт;SANFOR чистящее средство Activ Антиржавчина 750 мл;ЧИСТЮЛЯ салфетки вискозные 5 шт";"AOS средство для мытья посуды Бальзам 0,45 л";460304
"ZEWA носовые платки Deluxe Клубника 10х10 шт";"ЧИСТЮЛЯ губка в сетке со стальной нитью 2 шт;БОЛЬШАЯ СТИРКА средство от накипи в стиральных машинах 500 г;АНТИЗАСОР чистящее средство Профессиональный ганулированное средство для удаления засора в трубах 50 г";"КАПЛЯ VOX Средство для мытья посуды Цитрусовый микс 500 мл";430241
"ZEWA носовые платки Deluxe Ментол 10х10 шт;ДОМИНГО Губки поролоновые с абразивом Brick 5 шт";"КРОТ средство для прочистки канализационных труб Активный 580 мл;SANFOR чистящее средство Activ Антиржавчина 750 мл;ЧИСТЮЛЯ губка махровая 2 шт";"FAIRY Средство для мытья посуды Нежные руки Ромашка и витамин Е 650 мл";430223
"ZEWA носовые платки Deluxe Ментол 10х10 шт;SANFOR чистящее средство Activ Антиржавчина 750 мл";"VILEDA салфетка хозяйственная МикроТафф Плюс 38х38 см желтая 1 шт;ЧИСТИН средство для очистки канализационных труб Сток 750 мл;VILEDA губка меламиновая МираКлин";"БИОЛАН Средство для мытья посуды Бальзам Облепиха 900 мл";430196
"ZEWA носовые платки Deluxe Ромашка 10 х 10 шт;ЧИСТЮЛЯ Салфетка - полотенце из микрофибры для посуды";"FAMILIA туалетная бумага белая Радуга двухслойная 4 шт;SUPRIM средство от накипи для стиральных машин 750 г;EXPEL средство для устранения засоров От Волос 2x50 г";"CJ LION средство для мытья посуды Chamgreen Древесный Уголь мягкая упаковка 1,2 л";430209
"ZEWA носовые платки Softis Алоэ 9х10 шт;QUALITA cкребок из нержавеющей стали 1 шт";"АНТИЗАСОР Средство для удаления засора в трубах 1000 мл;GREEN LOVE чистящий крем Универсальный 330 г;ЧИСТЮЛЯ ЛЕГКАЯ мочалка из нержавеющей стали";"FAIRY Средство для мытья посуды Platinum Лимон и лайм 650 мл";430226
"ZEWA салфетки бумажные для лица Kids 60 шт;SUPRIM средство от накипи для стиральных машин 750 г";"VILEDA салфетка вискозная универсальная 38х40 см зеленая 1 шт;АНТИЗАСОР Средство для удаления засоров в трубах гранулы 70 г";"SORTI средство для мытья посуды Бальзам Алоэ Вера 900 мл";430272
"АНТИЗАСОР Средство для удаления засора в трубах 1000 мл;ЧИСТЮЛЯ ЛЕГКАЯ губки для посуды 7 шт";"SANFOR чистящее средство Activ Антиржавчина 750 мл;ZEWA салфетки Everyday 150 шт;Я САМАЯ влажные салфетки для интимной гигиены Organic 15 шт";"BAGI чистящее средство Ламинат для Мытья Полов 550 мл";430100
"АНТИЗАСОР Средство для удаления засора в трубах 1000 мл;SUPRIM средство от накипи для стиральных машин 750 г";"KLEENEX носовые платочки Original белые10 х 10 шт;ЧИСТИН средство для удаления накипи в стиральных машинах Эффект 500 г;VILEDA салфетка хозяйственная МикроТафф Плюс 38х38 см желтая 1 шт";"BAGI чистящее средство Мастика для Полировки Полов 500 мл";430101
"АНТИЗАСОР Средство для удаления засоров в трубах гель 1000 мл;ЧИСТЮЛЯ ЛЕГКАЯ салфетки вискозные вафельные 3 шт";"ЧИСТИН средство для удаления накипи в стиральных машинах Эффект 500 г;PAPIA салфетки Facial Tissue для лица в коробке двухслойные 100 шт;ДОМИНГО Перчатки хозяйственные Brute прочные L";"BAGI чистящее средство Оранит для Мытья Полов 550 мл";430102
"АНТИЗАСОР Средство для удаления засоров в трубах гранулы 70 г;VILEDA салфетка хозяйственная МикроТафф Плюс 38х38 см голубая 1 шт";"SUPRIM средство от накипи для стиральных машин 750 г;ZEWA салфетки бумажные для лица Family 90 шт;ЧИСТЫЙ СОСТАВ моющее средство Ацид антиналет 750 мл";"BIO MIO чистящее средство Bio-cleaner для мытья полов c маслом мелиссы 750 мл";430103
"АНТИЗАСОР чистящее средство Профессиональный гель для устранения засоров в трубах 500 мл;BAGI Средство для удаления накипи Кумкумит 550 мл";"ПЕМОЛЮКС чистящее средство Лимон 480 г;CIF чистящий крем Active Fresh 500 мл";"ЧИСТЫЙ СОСТАВ моющее средство Для поверхностей 1 л";430104
"АНТИЗАСОР чистящее средство Экспресс-формула ганулированное средство для удаления засора в трубах 70 г";"СОЛНЦЕ И ЛУНА влажные салфетки Для Детей с экстрактом алоэ 63 шт;BAGI чистящее средство Шуманит от Известкового Налета 550 мл;ДОМИНГО салфетки целлюлозные абсорбирующие 3 шт";"ЧИСТИН средство для мытья полов Сочный лимон 1000 мл";430105
"АНТИЗАСОР чистящее средство Экспресс-формула ганулированное средство для удаления засора в трубах 70 г;KLEENEX носовые платочки клубника 10 х 10 шт";"ЧИСТЮЛЯ губка поролоновая для ванной;AURA Влажные салфетки для детей Ultra Comfort с крышкой 120 шт;SUPRIM средство от накипи для стиральных машин 750 г";"DR. SCHNELL моющее средство Floortop для напольных покрытий 1 л";430106
"БОЛЬШАЯ СТИРКА средство от накипи в стиральных машинах 500 г";"VILEDA салфетка-губка Веттекс Классик 18х20 см голубая 1 шт;ЧИСТЮЛЯ пакеты для мусора Стандарт 30 л 31 шт;SANFOR средство для прочистки засоров в трубах 1000 мл";"DR. SCHNELL моющее средство Forex для плиточных полов 1 л";430107
"БОЛЬШАЯ СТИРКА средство от накипи в стиральных машинах 500 г;КРОТ средство для прочистки канализационных труб Активный 580 мл";"DOMESTOS туалетный блок Power 5 Duo Ледяная магнолия 1 шт;МИФ Средство для мытья посуды Свежесть цитрусов 1 л;BAGI Средство против грибка и плесени Анти-Плесень 500 мл";"DR. SCHNELL натур. нейтрализатор запахов на поверхностях Bio Fresh 1 л";430108
"БОЛЬШАЯ СТИРКА средство от накипи в стиральных машинах 500 г;ZEWA бумажные полотенца 4 шт";"ЧИСТЮЛЯ губка поролоновая для ванной;АНТИЗАСОР Средство для удаления засоров в трубах гель 1000 мл";"GLORIX чистящее средство для пола Цветущая яблоня и ландыш 1 л";430109
"БОЛЬШАЯ СТИРКА средство от накипи в стиральных машинах 500 г;ZEWA салфетки бумажные для лица Family 90 шт";"VORTEX средство для удаления засоров Draft 1 л;MEBELUX полироль для мебели 5в1 для любых поверхностей 500 мл;QUALITA cкребок из нержавеющей стали 1 шт";"GLORIX чистящее средство для пола Лимонная энергия 1 л";430110
"ВОСХОД моющее средство Универсальное горная лаванда 1 л;BREF туалетный блок Волна Свежести со сменным наполнителем 360 мл";"ЧИСТИН средство для удаления накипи в стиральных машинах Эффект 500 г;КРОТ средство для прочистки канализационных труб Турбо 1 л;FAIRY Средство для мытья посуды Нежные руки Ромашка и витамин Е 450 мл";"GLORIX средство для мытья пола Свежесть Атлантики 1 л";430111
"ДОМИНГО Губки поролоновые с абразивом Brick 5 шт";"АНТИЗАСОР Средство для удаления засоров в трубах гель 1000 мл;BAGI чистящее средство Шуманит от Известкового Налета 550 мл";"MEINE LIEBE средство для мытья кухонных поверхностей 500 мл";430112
"ДОМИНГО Губки поролоновые с абразивом Brick 5 шт;АНТИЗАСОР чистящее средство Профессиональный гель для устранения засоров в трубах 500 мл";"SANFOR чистящее средство Activ Антиржавчина 750 мл;ZEWA бумажные полотенца 2-в-1 1 шт;ЧИСТЮЛЯ салфетки вискозные тонкие 5 шт";"MEINE LIEBE Универсальное средство для мытья пола 1 л";430113
"ДОМИНГО Губки поролоновые с абразивом Bubbler 4 шт;ЧИСТИН чистящий порошок Яблоко 400 г";"ЧИСТЮЛЯ швабра отжимная с губкой ПВА 1 ролик;DR. SCHNELL Универсальное моющее средство Unimagic 1 л;ЧИСТЮЛЯ ЛЕГКАЯ перчатки хозяйственные легкие прочные L";"MR PROPER Моющая жидкость для полов и стен Бодрящий лайм и мята 500 мл";430114
"ДОМИНГО Перчатки хозяйственные Brute прочные S;ЧИСТЮЛЯ салфетка для пола с микрофиброй";"Совок с закрывающейся крышкой Леголэнд;DR. SCHNELL Универсальное моющее средство Forol 1 л;MEBELUX полироль для мебели с антистатиком 300 мл";"MR PROPER Моющая жидкость для полов и стен Горный ручей и прохлада 1 л";430115
"ДОННА РОЗА губка поролоновая с абразивом 5 шт;АНТИЗАСОР чистящее средство Экспресс-формула ганулированное средство для удаления засора в трубах 70 г";"ZEWA туалетная бумага Just 1 четырехслойная без аромата 8 шт;BAGI чистящее средство Шуманит от Известкового Налета 550 мл;ZEWA носовые платки Плюс Неароматизированные 10х10 шт";"MR PROPER Моющая жидкость для полов и стен Горный ручей и прохлада 500мл";430116
"КАПЛЯ VOX Средство для мытья посуды яблоко 1 лр;ЧИСТИН средство для удаления накипи в стиральных машинах Эффект 500 г";"DR. SCHNELL Универсальное моющее средство Forol 1 л;COMET Чистящий гель Океанский бриз 0,5 л;КРОТ средство для прочистки канализационных труб Активный 580 мл";"MR PROPER Моющая жидкость для полов и стен Горный ручей и прохлада 750 мл";430117
"КРОТ средство для прочистки канализационных труб Активный 580 мл;БОЛЬШАЯ СТИРКА средство от накипи в стиральных машинах 500 г";"ДОМИНГО Салфетка из микрофибры для пола Ламинат;BELLA носовые платки Classic 10х10 шт";"MR PROPER Моющая жидкость для полов и стен Лавандовое Спокойствие 1 л";430118
"КРОТ средство для прочистки канализационных труб Активный 580 мл;DOMESTOS туалетный блок 3 в 1 Лимон 1 шт";"ЧИСТИН средство для удаления накипи в стиральных машинах Эффект 500 г;KLEENEX салфетки универсальные Viva в рулоне1 шт";"MR PROPER Моющая жидкость для полов и стен Лавандовое Спокойствие 750 мл";430120
"КРОТ средство для прочистки канализационных труб Активный 580 мл;SANFOR чистящее средство Activ Антиржавчина 750 мл";"МИФ Средство для мытья посуды Свежесть цитрусов 1 л;CIF чистящий крем Active Fresh 500 мл";"MR PROPER Моющая жидкость для полов и стен Лимон 1,5 л";430121
"КРОТ средство для прочистки канализационных труб Турбо 1 л;ЧИСТИН средство для удаления накипи в стиральных машинах Эффект 500 г";"ПЕМОЛЮКС чистящее средство Сода 5 морской бриз 480 г;SORTI cредство для мытья посуды Бальзам с витамином Е 900 мл;BAGI Средство для прочистки засоров Потхан 600 г";"MR PROPER Моющая жидкость для полов и стен Лимон 500 мл";430122
"Пакеты для мусора 60 л Light Стандарт 20 шт;EXPEL Биоактиватор для дачных туалетов и септиков 4 таблетки";"VILEDA салфетка вискозная универсальная 38х40 см желтая 1 шт;ZEWA бумажные полотенца 75 шт;BAGI Средство для удаления накипи Кумкумит 550 мл";"MR PROPER Моющая жидкость для полов и стен Океан 1 л";430124
"ПЕМОЛЮКС чистящее средство Сода 5 морской бриз 480 г;BAGI Средство для прочистки засоров Потхан 600 г";"SUPRIM средство от накипи для стиральных машин 750 г;ЧИСТЮЛЯ мочалка-нержавейка Маленькая кухня";"MR PROPER Моющая жидкость для полов и стен Роза 500 мл";430126
"ЧИСТИН средство для очистки канализационных труб Сток 750 мл;ЧИСТЮЛЯ Губки для посуды Легкая с защитой маникюра 3 шт";"БОЛЬШАЯ СТИРКА средство от накипи в стиральных машинах 500 г;EXPEL Жирогон Средство для устранения засоров от жира и пищевых остатков 2*50гр";"MR PROPER Моющая жидкость для полов и стен Роза 750 мл";430127
"ЧИСТИН средство для очистки канализационных труб Сток 750 мл;SANFOR чистящее средство WС гель Speсial black 750 мл";"BAGI салфетки в рулоне Чудо Тряпка Супер Прочная 33 шт;ZEWA салфетки бумажные для лица Family 90 шт;БОЛЬШАЯ СТИРКА средство от накипи в стиральных машинах 500 г";"MR PROPER моющее средство Для Полов и Стен бережная уборка 1 л";430128
"ЧИСТИН средство для очистки канализационных труб Сток 750 мл;ZEWA салфетки бумажные для лица Everyday 100 шт";"BAGI Средство для удаления накипи Кумкумит 550 мл;ЧИСТЮЛЯ мочалки из нержавеющей стали 2 шт;ЧИСТЮЛЯ Салфетки целлюлозные для кухни 3 шт";"MR PROPER моющее средство Для Полов и Стен бодрящий лайм и мята 1 л";430130
"ЧИСТИН средство для удаления накипи в стиральных машинах Эффект 500 г;БИОЛАН средство для мытья посуды Бальзам Облепиха 450 мл";"АНТИЗАСОР чистящее средство Профессиональный гель для устранения засоров в трубах 500 мл;БИОЛАН средство для мытья посуды Апельсин и Лимон 900 мл";"MR PROPER моющее средство Для Полов и Стен лимон 1 л";430131
"ЧИСТИН средство для удаления накипи в стиральных машинах Эффект 500 г;AURA влажные салфетки антибактериальные Лимон 15 шт";"BREF освежитель воздуха Дачный для дачных туалетов 450 г;ЧИСТЮЛЯ Губки поролоновые с абразивом MAXI 10 шт;ZEWA салфетки бумажные для лица Everyday 100 шт";"MR PROPER моющее средство Для Полов и Стен роза 1 л";430132
"ЧИСТИН средство для удаления накипи в стиральных машинах Эффект 500 г;MR PROPER моющее средство Для Полов и Стен роза 1 л";"AOS средство для мытья посуды Апельсин и Мята 900 мл;DR. SCHNELL средство для очистки санитарных зон и удаления отложений Milizid 1 л;ЧИСТИН средство для очистки канализационных труб Сток 750 мл";"MR PROPER Проф. средство для мытья полов и уборки кухни Лимон 5 л";430133
"ЧИСТЮЛЯ губка поролоновая с абразивом MIDI 10 шт;PAPIA бумажные полотенца белые трёхслойные 4 шт";"PAMPERS влажные салфетки Baby Fresh Clean 4x64;EXPEL средство для устранения засоров От Волос 2x50 г;SANFOR чистящее средство Activ Антиржавчина 750 мл";"VORTEX средство для мытья пола Comfort Extra щелочное 1 л";430134
"ЧИСТЮЛЯ губка поролоновая с абразивом MIDI 10 шт;ZEWA носовые платки Deluxe Клубника 10х10 шт";"ЧИСТИН средство для удаления накипи в стиральных машинах Эффект 500 г;АНТИЗАСОР чистящее средство Экспресс-формула ганулированное средство для удаления засора в трубах 70 г;ЧИСТЮЛЯ пакеты для промышленного мусора 120 л 10 шт";"VORTEX средство для мытья пола Comfort нейтральное 1 л";430135
"ЧИСТЮЛЯ Губка целлюлозная Натуральная;QUALITA перчатки хозяйственные Universal L";"ЧИСТИН средство санитарно-гигиеническое 750 мл;БОЛЬШАЯ СТИРКА Шампунь для чистки ковров 1000 мл;Щетка для совка Леголэнд 25 см";"BIO MIO чистящее средство Bio-cleaner средство для мытья полов концентрат c маслом мелиссы 750 мл";430515
"ЧИСТЮЛЯ Губки поролоновые с абразивом БИСКВИТ 3 шт;EXPEL биоактиватор для дачных туалетов и септиков 1 шт";"DOMESTOS туалетный блок Power 5 Duo Свежесть Лаванды 1 шт;ZEWA салфетки Everyday 150 шт;SANFOR чистящее средство Activ Антиржавчина 750 мл";"DR. SCHNELL натуральный нейтрализатор запахов на поверхностях Bio Fresh 1 л";460238
"ЧИСТЮЛЯ губки поролоновые с абразивом Комфорт 7 шт;PLUSHE бумажные полотенца Light 2 слоя белые 2 шт";"ЧИСТЮЛЯ Перчатки латексные с напылением хлопка L;BAGI чистящее средство Шуманит от Известкового Налета 550 мл;EXPEL Жирогон Средство для устранения засоров от жира и пищевых остатков 2*50гр";"MR PROPER Профессиональное средство для мытья полов и уборки кухни Лимон 5 л";460236
"ЧИСТЮЛЯ губки поролоновые с абразивом XL 5 шт;ЧИСТИН 3-в-1 средство для сантехники 750 мл";"ЧИСТЮЛЯ Перчатки латексные с напылением хлопка S";"MR PROPER Моющая жидкость для полов и стен Бодрящий лайм и мята 750 мл";460237
"ЧИСТЮЛЯ мочалка из нержавеющей стали 1 шт;BAGI Средство для прочистки засоров Потхан 600 г";"ZEWA туалетная бумага Deluxe орхидея 3 слоя 4 шт;ZEWA носовые платки Kids 10x10 шт;SUPRIM средство от накипи для стиральных машин 750 г";"MR PROPER Моющая жидкость для полов и стен Лимон 0,75 л";460284
"ЧИСТЮЛЯ мочалка из нержавеющей стали 1 шт;PAPIA салфетки Facial Tissue для лица в коробке двухслойные 100 шт";"AURA Влажные салфетки Ultra Comfort для детей 60 шт;ЧИСТИН средство для удаления накипи в стиральных машинах Эффект 500 г;SYNERGETIC cредство для устранения засоров в канализационных трубах 1 л";"MR PROPER Моющая жидкость для полов и стен Океан 0,75 л";460285
"ЧИСТЮЛЯ мочалки металлические для посуды 2 шт;ЧИСТЮЛЯ Пакеты для мусора прочные 30л 30 шт";"ZEWA салфетки бумажные для лица Kids 60 шт;EXPEL биоактиватор для дачных туалетов и септиков 1 шт;ЧИСТИН средство для удаления накипи в стиральных машинах Эффект 500 г";"MR PROPER Моющая жидкость для полов и стен Лавандовое Спокойствие 0,5 л";460286
"ЧИСТЮЛЯ насадка из микрофибры для швабры;ЧИСТЮЛЯ ЛЕГКАЯ перчатки хозяйственные легкие прочные S";"VORTEX очиститель универсальный Well 500 мл;ЧИСТЮЛЯ салфетка для пола большая;COMET чистящий порошок Лимон без хлоринола 400 г";"GREEN LOVE средство для мытья полов 1 л";460287
"ЧИСТЮЛЯ Перчатки латексные с напылением хлопка L;VILEDA салфетка хозяйственная МикроТафф Плюс 38х38 см желтая 1 шт";"EXPEL биоактиватор для дачных туалетов и септиков 1 шт;ЧИСТИН средство для удаления накипи в стиральных машинах Эффект 500 г";"GREEN LOVE моющее средство Универсальное 1 л";460288
"ЧИСТЮЛЯ салфетка вискозная в рулоне 30 шт;KLEENEX носовые платочки Ultra Soft 7 х 12 шт";"АНТИЗАСОР чистящее средство Профессиональный гель для устранения засоров в трубах 500 мл;VILEDA Губка средней жёсткости жёлтая с зелёный абразивом 9x7см 1 шт;ЧИСТИН средство для удаления накипи в стиральных машинах Эффект 500 г";"MR PROPER моющее средство Для Полов и Стен бережная уборка 0,5 л";460289
"ЧИСТЮЛЯ салфетка для пола с микрофиброй";"BAGI Средство для удаления накипи Кумкумит 550 мл;АНТИЗАСОР Средство для удаления засоров в трубах гранулы 70 г;PAMPERS влажные салфетки Sensitive 12 шт";"MR PROPER Моющая жидкость для полов и стен Океан 0,5 л";460290
"ЧИСТЮЛЯ салфетки вискозные 10 шт;GREEN LOVE чистящий крем Универсальный 330 г";"KLEENEX влажные салфетки антибактериальные 10 шт;ZEWA носовые платки Deluxe Ромашка 10 х 10 шт;BAGI Средство для чистки Шуманит от засоров 70 г";"CIF чистящее средство для стекол и зеркал Ультра Быстрый 750 мл";430137
"ЧИСТЮЛЯ швабра с насадкой из микрофибры;MEBELUX полироль для мебели с антистатиком 300 мл";"DOMESTOS универсальный чистящий гель Ультра Блеск 500 мл;ЧИСТЮЛЯ Губки поролоновые с абразивом БИСКВИТ 3 шт;VILEDA перчатки Контракт резиновые M";"ORGANIC PEOPLE эко-спрей для стекол и зеркал с лимоном и апельсином 500 мл";430143
"Щетка для совка Леголэнд 25 см;DOMESTOS универсальный чистящий гель Кристальная Чистота 1 л";"ЧИСТЮЛЯ ЛЕГКАЯ перчатки хозяйственные легкие прочные L;DR. SCHNELL Универсальное моющее средство Unimagic 1 л;ЧИСТЮЛЯ ЛЕГКАЯ салфетки вискозные Неделька 7 шт";"SYNERGETIC моющее cредство для мытья стекол, зеркал и бытовой техники 500 мл";430145
"AURA Влажные салфетки Ultra Comfort для детей с экстрактом Алоэ и витамином Е 120 шт";"SANFOR чистящее средство Activ Антиржавчина 750 мл;VILEDA салфетка вискозная универсальная 38х40 см красная 1 шт;АНТИЗАСОР Средство для удаления засоров в трубах гранулы 70 г";"VORTEX средство для мытья стекол Magic концентрат 1 л";430147
"AURA FAMILY влажные салфетки для всей семьи Ecoomy с крышкой 200 шт;QUALITA Салфетки вискозные для экспресс-уборки в рулоне 70 шт";"КРОТ средство для прочистки канализационных труб Активный 580 мл;BELLAGIO салфетки для лица Monalisa двухслойные 200 шт;БОЛЬШАЯ СТИРКА средство от накипи в стиральных машинах 500 г";"FAIRY Капсулы для посудомоечных машин 12 шт";430150
"BAGI салфетки в рулоне Чудо тряпка Анти-ворсинки 70 шт;KLEENEX носовые платочки клубника 10 х 10 шт";"АНТИЗАСОР Средство для удаления засора в трубах 1000 мл;SUPRIM средство от накипи для стиральных машин 750 г;DOMESTOS универсальный чистящий гель Кристальная Чистота 1 л";"FAIRY Капсулы для посудомоечных машин  24 шт";430152
"BAGI Средство для удаления накипи Кумкумит 550 мл";"DOMESTOS универсальный чистящий гель Розовый шторм 1 л;SANFOR средство для прочистки засоров в трубах 1000 мл;БИОЛАН средство для мытья посуды Глицерин и Ромашка 450 мл";"FINISH cредство чистящее для посудомоечных машин 250 мл";430162
"BAGI Средство для удаления накипи Кумкумит 550 мл";"EXPEL средство для устранения засоров От Волос 2x50 г";"FINISH ополаскиватель для посуды в посудомоечных машинах 400 мл";430164
"BAGI Средство для удаления накипи Кумкумит 550 мл;АНТИЗАСОР чистящее средство Профессиональный гель для устранения засоров в трубах 500 мл";"CIF влажные салфетки для очищения поверхностей Универсальные 30 шт;ZEWA носовые платки Softis Алоэ 9х10 шт;LIBERO влажные салфетки Baby Care 2x64 шт";"FINISH Соль специальная для посудомоечных машин 1,5 кг";430165
"BAGI Средство для удаления накипи Кумкумит 550 мл;ЧИСТЮЛЯ мочалка-нержавейка Маленькая кухня";"ЧИСТЮЛЯ губки поролоновые с абразивом XL 5 шт;BAGI Средство для чистки Шуманит от засоров 70 г;ZEWA салфетки Everyday 150 шт";"FINISH Средство для мытья посуды в посудомоечных машинах Classic Лимон порошок 2,5 кг";430167
"BAGI Средство для удаления накипи Кумкумит 550 мл;PLUSHE бумажные полотенца Light 2 слоя белые 2 шт";"BAGI Средство для чистки Шуманит от засоров 70 г;AURA влажные салфетки антибактериальные 20 шт;ЧИСТЮЛЯ салфетки вискозные 10 шт";"FINISH таблетки для посудомоечных машин All-in-1 50 шт";430168
"BAGI Средство для чистки Шуманит от засоров 70 г;ЧИСТИН средство для удаления накипи в стиральных машинах Эффект 500 г";"ZEWA влажная туалетная бумага Ромашка 42 шт;ДОННА РОЗА губка поролоновая с абразивом 10 шт";"FINISH таблетки для посудомоечных машин All-in-1 лимон 65 шт";430169
"BAGI чистящее средство Мастика для Полировки Полов 500 мл;BAGI чистящее средство Оранит для Мытья Полов 550 мл;BIO MIO чистящее средство Bio-cleaner для мытья полов c маслом мелиссы 750 мл;ЧИСТЫЙ СОСТАВ моющее средство Для поверхностей 1 л;ЧИСТИН средство для мытья полов Сочный лимон 1000 мл";"DR. SCHNELL моющее средство Forex для плиточных полов 1 л;DR. SCHNELL натур. нейтрализатор запахов на поверхностях Bio Fresh 1 л;GLORIX чистящее средство для пола Цветущая яблоня и ландыш 1 л;GLORIX чистящее средство для пола Лимонная энергия 1 л";"FINISH таблетки для посудомоечных машин Quantum 20 шт";430171
"BAGI чистящее средство Шуманит от Известкового Налета 550 мл;ЧИСТЮЛЯ ЛЕГКАЯ губки поролоновые 4 шт";"BELLAGIO салфетки для лица Monalisa двухслойные 200 шт;АНТИЗАСОР чистящее средство Профессиональный ганулированное средство для удаления засора в трубах 50 г;СОЛНЦЕ И ЛУНА влажные салфетки для детей Фитолиния с отваром череды и облепихи с крышкой 56 шт";"MEINE LIEBE таблетки для посудомоечной машины All in 1 21 шт";430173
"BAGI чистящее средство Шуманит от Известкового Налета 550 мл;KLEENEX салфетки Декор овал 64 шт";"BREF освежитель воздуха Дачный для дачных туалетов 450 г;ZEWA носовые платки Softis Soft Sensitive 10х9 шт;VILEDA салфетка хозяйственная МикроТафф Бэйс 36х36 см желтая 1 шт";"SOMAT ополаскиватель для посудомоечных машин 750 мл";430176
"BELLA носовые платки Classic 10х10 шт;VILEDA салфетка-губка Веттекс Классик 18х20 см голубая 1 шт";"ЧИСТЮЛЯ ЛЕГКАЯ салфетки вискозные тонкие 5 шт;SYNERGETIC cредство для устранения засоров в канализационных трубах 1 л;SUPRIM средство от накипи для стиральных машин 750 г";"SOMAT соль для посудомоечных машин 1,5 кг";430177
"BIO MIO Таблетки для посудомоечной машины Bio -Total эвкалипт 30 шт;БОЛЬШАЯ СТИРКА средство от накипи в стиральных машинах 500 г";"VORTEX моющее средство Destroy для удаления загрязнений после строительства и ремонта 1 л;FAIRY средство для мытья посуды Апельсин и лимонник 650 мл;АНТИЗАСОР Средство для удаления засоров в трубах гранулы 70 г";"SYNERGETIC моющее cредство для посудомоечных машин 1 л";430178
"BREF освежитель воздуха Дачный для дачных туалетов 450 г;DOMESTOS запасной туалетный блок 3 в 1 Атлантик 1 шт";"ZEWA носовые платки Плюс Неароматизированные 10х10 шт;SUPRIM средство от накипи для стиральных машин 750 г;ЧИСТЮЛЯ ЛЕГКАЯ губки поролоновые 4 шт";"FAIRY Капсулы для посудомоечных машин 22+22 шт";430151
"BREF туалетный блок Сила-Актив лимонная свежесть 1 шт;EXPEL биоактиватор для дачных туалетов и септиков 1 шт";"БОЛЬШАЯ СТИРКА средство от накипи в стиральных машинах 500 г;ЧИСТИН чистящий порошок Сирень 400 г;SORTI средство для мытья посуды Бальзам Алоэ Вера 900 мл";"FAIRY Капсулы для посудомоечных машин 84 шт";430156
"BREF туалетный блок Сила-Актив хвойная свежесть 2 шт";"SANFOR чистящее средство Activ Антиржавчина 750 мл;АНТИЗАСОР чистящее средство Профессиональный ганулированное средство для удаления засора в трубах 50 г";"FAIRY Капсулы для посудомоечных машин Platinum 10 шт";430157
"COMET Чистящее средство для туалета Весенняя свежесть 750 мл;ЧИСТЮЛЯ ЛЕГКАЯ салфетки вискозные в рулоне 50 шт";"ZEWA бумажные полотенца 2 шт;GREEN LOVE чистящий крем Универсальный 330 г;КРОТ средство для прочистки канализационных труб Активный 580 мл";"FAIRY Капсулы для посудомоечных машин Platinum 70 шт";430161
"DR. SCHNELL средство для очистки санитарных зон и удаления отложений Milizid 1 л;ЧИСТИН средство для удаления накипи в стиральных машинах Эффект 500 г";"PRIL средство для мытья посуды Дуо Актив лимон 450 мл;EXPEL средство для устранения засоров От Волос 2x50 г";"AOS Средство для мытья посуды Бальзам Ромашка и Витамин Е 500 мл";430186
"DR. SCHNELL Универсальное моющее средство Unimagic 1 л;SUPRIM средство от накипи для стиральных машин 750 г";"VORTEX средство для удаления засоров Draft 1 л;БИОЛАН средство для мытья посуды Лаванда и Витамин Е 450 мл";"БИОЛАН Средство для мытья посуды Бальзам с Алоэ вера 1 л";430197
"DR. SCHNELL чистящее средство Glasan для очистки стеклянных поверхностей 1 л;БОЛЬШАЯ СТИРКА средство от накипи в стиральных машинах 500 г";"ЧИСТЫЙ СОСТАВ моющее средство Для посуды 500 мл;EXPEL биоактиватор для дачных туалетов и септиков 1 шт;DOMESTOS универсальный чистящий гель Свежесть Атлантики 1 л";"ЧАЙКА средство для мытья посуды Морские Минералы 500 мл";430203
"DR. SCHNELL чистящее средство Quick Tric для очистки ковров и обивки 1 л;ЧИСТЮЛЯ швабра отжимная с губкой ПВА 1 ролик";"ЧИСТЮЛЯ Салфетки из микрофибры для окон;COMET чистящий порошок Лимон без хлоринола 475 г;ЧИСТЮЛЯ ЛЕГКАЯ перчатки хозяйственные легкие прочные S";"ЧАЙКА средство для мытья посуды Особое 500 мл";430204
"EXPEL биоактиватор для дачных туалетов и септиков 1 шт;БОЛЬШАЯ СТИРКА средство от накипи в стиральных машинах 500 г";"ЧИСТЮЛЯ Baby салфетки для уборки в деткой из микрофибры 2 шт;ВОСХОД моющее средство Универсальное горная лаванда 1 л;ZEWA бумажные полотенца 75 шт";"CJ LION средство для мытья посуды Chamgreen Японский Абрикос мягкая упаковка 960 мл";430211
"EXPEL Биоактиватор для дачных туалетов и септиков 4 таблетки;Набор для уборки УльтраСпид Мини синий";"BAGI чистящее средство Шуманит от Известкового Налета 550 мл;ЧИСТЮЛЯ губка поролоновая с абразивом Маленькая кухня XL 1 шт";"CJ LION средство для мытья посуды Chamgreen Зеленый Чай мягкая упаковка 1,2 л";430213
"EXPEL Биоактиватор для дачных туалетов и септиков 4 таблетки;QUALITA салфетки Влаговпитывающие целлюлозные 3 шт";"Салфетки белые Стандарт 100 шт;ZEWA туалетная бумага Just 1 четырехслойная без аромата 8 шт;GREEN LOVE чистящий крем Универсальный 330 г";"FAIRY Platinum Средство для мытья посуды Ледяная свежесть 430 мл";430215
"EXPEL Биоактиватор для дачных туалетов и септиков 4 таблетки;VILEDA салфетка хозяйственная ТиТауэл Микро 40х60 см 1 шт";"BAGI чистящее средство Шуманит от Известкового Налета 550 мл;ZEWA бумажные полотенца 2 шт;ZEWA носовые платки Kids 10х10 шт";"FAIRY Средство для мытья посуды Нежные руки Чайное дерево и мята 900 мл";430221
"EXPEL Жирогон Средство для устранения засоров от жира и пищевых остатков 2*50гр;ДОМИНГО Губки поролоновые с абразивом Brick 5 шт";"ЧИСТИН средство санитарно-гигиеническое 750 мл;SUPRIM средство от накипи для стиральных машин 750 г";"FAIRY Средство для мытья посуды Нежные руки Ромашка и витамин Е 900 мл";430224
"EXPEL Жирогон Средство для устранения засоров от жира и пищевых остатков 2*50гр;BELLAGIO салфетки для лица Monalisa двухслойные 200 шт";"CILLIT BANG чистящее средство Удаление Черной Плесени 750 мл;ЧИСТЮЛЯ ЛЕГКАЯ салфетки вискозные Неделька 7 шт;SUPRIM средство от накипи для стиральных машин 750 г";"FAIRY средство для мытья посуды Pure & Clean 450 мл";430228
"EXPEL средство для устранения засоров От Волос 2x50 г;ЧИСТЮЛЯ салфетки вискозные тонкие 5 шт";"GREEN LOVE чистящий крем Универсальный 330 г;SANFOR средство для прочистки засоров в трубах 1000 мл";"FAIRY Средство для мытья посуды Сочный Лимон 650 мл+ MR PROPER Моющая жидкость для полов и стен Лимон 500 мл";430232
"EXPEL средство для устранения засоров От Волос 2x50 г;ЧИСТЮЛЯ Салфетки целлюлозные Маленькая кухня мини 3 шт";"АНТИЗАСОР чистящее средство Экспресс-формула ганулированное средство для удаления засора в трубах 70 г;TORK салфетки бумажные Big Pack 25 х 25 см однослойные красные 500 шт;BAGI чистящее средство Шуманит от Известкового Налета 550 мл";"MEINE LIEBE средство для мытья посуды 500 мл";430246
"EXPEL средство для устранения засоров От Волос 2x50 г;BAGI тряпка для пола Премиум Белая 50x80 см";"БОЛЬШАЯ СТИРКА средство от накипи в стиральных машинах 500 г;ЧИСТЮЛЯ пакеты для мусора удлиненные 35 л 25 шт";"MEINE LIEBE средство для мытья посуды Гранат и Цветы Шиповника 500 мл";430247
"GREEN LOVE чистящий крем Универсальный 330 г";"ZEWA туалетная бумага Deluxe орхидея 3 слоя 4 шт;VILEDA салфетка хозяйственная МикроТафф Бэйс 36х36 см красная 1 шт;SYNERGETIC cредство для устранения засоров в канализационных трубах 1 л";"MEINE LIEBE средство для мытья посуды Манго и Освежающий Лайм 500 мл";430248
"GREEN LOVE чистящий крем Универсальный 330 г;БИОЛАН порошок чистящий Горная свежесть 400 г";"SORTI средство для мытья посуды Лимон 450 мл;GLORIX чистящее средство для пола Лимонная энергия 1 л;BAGI Средство для прочистки засоров Потхан 600 г";"MEINE LIEBE средство для мытья посуды Сочная Груша 500 мл";430250
"GREEN LOVE чистящий крем Универсальный 330 г;ЧИСТЮЛЯ губка поролоновая для ванной";"BAGI Средство для чистки Шуманит от засоров 70 г;ЧИСТЮЛЯ пакеты для промышленного мусора 120 л 10 шт;KLEENEX носовые платочки клубника 10 х 10 шт";"MEINE LIEBE средство для мытья посуды Спелая Облепиха 500 мл";430251
"GREEN LOVE чистящий крем Универсальный 330 г;Я САМАЯ влажные салфетки для снятия макияжа 15 шт";"ZEWA носовые платки Deluxe Ментол 10х10 шт;АНТИЗАСОР Средство для удаления засоров в трубах гель 1000 мл;VILEDA губка меламиновая МираКлин";"МИФ Средство для мытья посуды Освежающая мята 500 мл";430257
"GREEN LOVE чистящий крем Универсальный 330 г;SANFOR средство для прочистки засоров в трубах 1000 мл";"ZEWA носовые платки Плюс Неароматизированные 10х10 шт;ZEWA носовые платки Softis Алоэ 9х10 шт;ДОННА РОЗА губка поролоновая с абразивом 5 шт";"ORGANIC PEOPLE эко-гель Green Clean для мытья посуды лимон 500 мл";430260
"KLEENEX носовые платочки клубника 10 х 10 шт;VILEDA салфетка хозяйственная МикроТафф Бэйс 36х36 см желтая 1 шт";"BREF туалетный блок Duo-Cubes 2 шт;BAGI Средство для удаления накипи Кумкумит 550 мл;АНТИЗАСОР чистящее средство Экспресс-формула ганулированное средство для удаления засора в трубах 70 г";"PRIL средство для мытья посуды Бальзам алоэ вера 450 мл";430263
"KLEENEX носовые платочки Balsam 9 х 8 шт;BAGI чистящее средство Шуманит от Известкового Налета 550 мл";"KLEENEX влажная туалетная бумага в пластиковой упаковке 42 шт;BREF освежитель воздуха Дачный для дачных туалетов 450 г;ДОМИНГО Салфетка из микрофибры для уборки Plush-up";"PRIL средство для мытья посуды Дуо Актив грейпфрут и вишня 450 мл";430266
"KLEENEX салфетки Family в коробке 150 шт;ЧИСТИН средство для удаления накипи в стиральных машинах Эффект 500 г";"DOMESTOS запасной туалетный блок 3 в 1 Атлантик 1 шт;EXPEL биоактиватор для дачных туалетов и септиков 1 шт;ЧИСТЮЛЯ мочалка из нержавеющей стали 1 шт";"PRIL средство для мытья посуды Дуо Актив лаванда 450 мл";430267
"KLEENEX салфетки Ultra Soft в коробке 56 шт;АНТИЗАСОР Средство для удаления засоров в трубах гель 1000 мл";"VORTEX чистящее средство для туалета Fumigel 750 мл;ЧИСТЮЛЯ салфетка для пола с микрофиброй;SUPRIM средство от накипи для стиральных машин 750 г";"SORTI средство для мытья посуды Цитрусовый фреш 500 мл";430277
"KLEENEX салфетки Ultra Soft в коробке 56 шт;COMET Чистящий гель Сосна 1 л";"BAGI салфетки в рулоне Чудо тряпка Анти-ворсинки 70 шт;BAGI Средство для удаления накипи Кумкумит 550 мл;ЧИСТИН средство для очистки канализационных труб Сток 750 мл";"SYNERGETIC БИО средство для мытья посуды лимон 500 мл";430283
"LIBERO подгузники-трусики Dry Pants 7 (16 - 26 кг) 14 шт;LIBERO подгузники-трусики Dry Pants 6 (13 - 20 кг) 30 шт";"LURE влажные салфетки для детей с крышкой 120 шт;PAMPERS подгузники Active Baby 5 (11 - 16 кг) 110 шт;VERNEL кондиционер для белья Детский 0,91 л";"CJ LION средство для мытья посуды Chamgreen Гранат 450 мл";460241
"LIBRESSE влажные салфетки Natural 20 шт;АНТИЗАСОР Средство для удаления засоров в трубах гель 1000 мл";"ЧИСТИН средство для удаления накипи в стиральных машинах Эффект 500 г;ZEWA салфетки бумажные для лица Everyday 100 шт;ЧИСТЮЛЯ мочалка из нержавеющей стали 1 шт";"CJ LION средство для мытья посуды Chamgreen Гранат мягкая упаковка 860 мл";460242
"EXPEL Биоактиватор для дачных туалетов и септиков 4 таблетки;Набор для уборки УльтраСпид Мини синий";"BAGI чистящее средство Шуманит от Известкового Налета 550 мл;ЧИСТЮЛЯ губка поролоновая с абразивом Маленькая кухня XL 1 шт";"МИФ Средство для мытья посуды Свежесть Долины Роз 500 мл";460243
