"Рекомендуемые товары";"Короткое название";"Артикул";"Сопутствующие товары"
"8 IN 1 добавка Excel Calcium для щенков и взрослых собак 155 таблеток;PEDIGREE лакомство Jumbone Mini для взрослых собак мелких пород с говядиной 180 г;ROYAL CANIN VET DIET влажный корм Early Cardiac EС26 для собак страдающих сердечной недостаточностью 410 г";"ROYAL CANIN VET DIET влажный корм Early Cardiac EС26 для собак страдающих сердечной недостаточностью 410 г";620256;"ROYAL CANIN сухой корм для пожилых собак X-Small Adult 500 г;N1 игрушка для собак Петух с пищалкой средний 23 см;ROYAL CANIN VET DIET сухой корм Sensitivity Control SC21 canine для собак с пищевой аллергией 7 кг"
"8 IN 1 пивные дрожжи для кошек и собак Excel 260 шт;УЮТ игрушки для кошек Дразнилка Перья фиолетово-синие 40 см;ROYAL CANIN сухой корм для кошек Ageing 12+ 4 кг";"ROYAL CANIN сухой корм для кошек Ageing 12+ 4 кг";620539;"УЮТ игрушки для кошек Катушка пластиковая, с погремушкой 7x4 см;CATSAN наполнитель для кошачьего туалета Ultra 5 л;БАРСИК поглотитель запаха и пятен для кошек 500 мл"
"8 IN 1 пивные дрожжи для кошек и собак Excel 260 шт;FRESH STEP наполнитель для кошачьего туалета Extreme впитывающий 12 л;ROYAL CANIN сухой корм для кошек Indoor Long Hair 10 кг";"ROYAL CANIN сухой корм для кошек Indoor Long Hair 10 кг";610213;"УЮТ игрушки для кошек Дразнилка Перья фиолетово-синие 40 см;ЧИСТЮЛЯ Легкая салфетки для уборки Шерсть и Волосы из микрофибры для пола  1 шт;УЮТ игрушки для кошек Дразнилка Катушка сизаль 40 см"
"АВАНТА Зубная паста Фтородент Отбеливающая 125 г;ЛЕСНОЙ БАЛЬЗАМ ополаскиватель для полости рта Кедровые орешки и шалфей 250 мл;REXONA твердый антиперсперант Алоэ Вера 40 мл";"REXONA твердый антиперсперант Алоэ Вера 40 мл";350044;"VEET Восковые полоски с маслом ши серии Naturals c технологией Easy Gel-wax 10 шт;LIBRESSE ежедневные прокладки Dailyfresh Multistyle 20 шт;ORAL-B Зубная щетка Pro-Expert Clinic Line Pro-Flex  средняя"
"АНТИПЯТИН мыло-пятновыводитель для детских вещей 90 г;PAMPERS подгузники Active Baby 5 (11 - 18 кг) шт;SYNERGETIC cредство для мытья посуды и детских игрушек с ароматом алоэ 1 л";"SYNERGETIC cредство для мытья посуды и детских игрушек с ароматом алоэ 1 л";740011;"СОЛНЦЕ И ЛУНА подгузники для детей Мягкая Забота 3 (4-9 кг) 16 шт;LIBERO подгузники-трусики Up & Go 5 (10 - 14 кг) 48 шт;HUGGIES влажные салфетки Ultra Comfort алоэ 64 шт"
"АНТИПЯТИН пятновыводитель концентрированный гель с щеткой 200 мл;ЛИРА Антистатик нейтральный запах 150 мл;TIDE стиральный порошок Color автомат 6 кг";"TIDE стиральный порошок Color автомат 6 кг";410503;"VERNEL кондиционер для белья Ароматерапия белый пион & масло хлопка 0,91 л;CALGON средство для смягчения воды 2-в-1 порошок 1,1 кг;MEINE LIEBE концентрированный кондиционер для белья Детский 500 мл"
"БАРСИК наполнитель для кошачьего туалета Кукурузный  4,5 л;DREAMIES лакомство для кошек с уткой 60 г;ROYAL CANIN влажный корм Kitten Instinctive (в желе) для котят от 4 до 12 месяцев 85 г";"ROYAL CANIN влажный корм Kitten Instinctive (в желе) для котят от 4 до 12 месяцев 85 г";620488;"ЧИСТЮЛЯ Легкая салфетки для уборки Шерсть и Волосы из микрофибры для пола  1 шт;УЮТ игрушки для кошек Носок мягкий с погремушкой 10x8 см;УЮТ игрушки для кошек Дразнилка Перья зелено-оранжевые 40 см"
"БАРСИК наполнитель для кошачьего туалета Натуральный древесный 4,54 л;DREAMIES лакомство для кошек с курицей 140 г;ROYAL CANIN сухой корм для кошек Indoor 0,4 кг";"ROYAL CANIN сухой корм для кошек Indoor 0,4 кг";620424;"УЮТ средство для приучения к туалету Отучитель 250 мл;УЮТ игрушки для кошек Носок мягкий с погремушкой 10x8 см;УЮТ игрушки для кошек Дразнилка Перья фиолетово-синие 40 см"
"БАРСИК наполнитель для кошачьего туалета Стандарт 4,5 л;УЮТ игрушки для кошек Носок мягкий с погремушкой 10x8 см;ROYAL CANIN VET DIET влажный корм Urinary Feline S/O для кошек в целях лечения и профилактики мочекаменной болезни 100 г";"ROYAL CANIN VET DIET влажный корм Urinary Feline S/O для кошек в целях лечения и профилактики мочекаменной болезни 100 г";620541;"DREAMIES лакомство для кошек с сыром 60 г;BREESAL Aqua-нейтрализатор Запаха Освежающий Микс 375 мл;УЮТ игрушки для кошек Дразнилка Перья зелено-оранжевые 40 см"
"БАРСИК наполнитель для кошачьего туалета Mix - Древесный 4,5 л;БАРСИК поглотитель запаха и пятен для кошек 500 мл;ROYAL CANIN влажный корм Sterilised (паштет) для стерилизованных кошек 85 г";"ROYAL CANIN влажный корм Sterilised (паштет) для стерилизованных кошек 85 г";620553;"УЮТ игрушки для кошек Мяч-погремушка с цветной мышкой 4 см;DREAMIES лакомство для кошек с курицей 30 г;УЮТ игрушки для кошек Дразнилка Перья зелено-оранжевые 40 см"
"БАРСИК поглотитель запаха и пятен для кошек 500 мл;БАРСИК наполнитель для кошачьего туалета Натуральный древесный 4,54 л;HILLS Science Plan сухой корм для кошек Optimal Care с курицей 2 кг";"HILLS Science Plan сухой корм для кошек Optimal Care с курицей 2 кг";610085;"DREAMIES лакомство для кошек с говядиной 60 г;УЮТ игрушки для кошек Катушка пластиковая, с погремушкой 7x4 см;УЮТ игрушки для кошек Мяч-погремушка с цветной мышкой 4 см"
"ВЕСНА жидкое крем-мыло Олива и миндальное молочко 280 г;FA гель для душа Греческий Йогурт Миндаль 250 мл;PERFECT MOUSSE краска-мусс для волос Средний Каштан 500";"PERFECT MOUSSE краска-мусс для волос Средний Каштан 500";520441;"SCHAUMA бальзам-ополаскиватель 7 Трав Свежесть и объем 200 мл;HEAD & SHOULDERS Шампунь Sports Fresh 600 мл;GOT2B спрей для укладки волос Легкое расчесывание 200 мл"
"ГАДКИЙ Я гель для душа Банан 250 мл;IKEEP! Мочалка для тела Сфера;HEAD & SHOULDERS бальзам-ополаскиватель Supreme Увлажнение 275 мл";"HEAD & SHOULDERS бальзам-ополаскиватель Supreme Увлажнение 275 мл";330077;"МИЛК пена для ванн Шоколадная Антистресс 400 мл;HEAD & SHOULDERS шампунь Увлажняющий уход 200 мл;МИЛК крем-гель для душа Клубничный коктейль 500 мл"
"ГАДКИЙ Я гель для душа Банан 250 мл;NAN молочная смесь Optipro 2 с шести месяцев 400 г;HELEN HARPER Детские впитывающие пеленки Soft & Dry 60x60 30 шт";"HELEN HARPER Детские впитывающие пеленки Soft & Dry 60x60 30 шт";710107;"HELEN HARPER Детские впитывающие пеленки Soft & Dry 40х60 30 шт;LENOR Концентрированный кондиционер для белья Миндальное Масло, для чувствительной кожи 2 л;ГАДКИЙ Я гель для душа Тропический микс 250 мл"
"ГАДКИЙ Я шампунь Яблоко 250 мл;SCHAUMA шампунь-гель для купания Baby 225 мл;SHOCKWAVES набор cухой шампунь Style Refresh/Volume 180 мл + гель-спрей";"SHOCKWAVES набор cухой шампунь Style Refresh/Volume 180 мл + гель-спрей";520638;"DOVE бальзам-ополаскиватель Hair Therapy Объем и Восстановление 200 мл;PALETTE крем-краска для волос Интенсивный цвет Чёрный N1;ORGANIC BEAUTY Гель для душа Сирень и хлопок 1000 мл"
"ГОНКИ Детский гель для душа 300 мл;МИЛК пена для ванн Шоколадная SPA-уход 400 мл;PANTENE бальзам-ополаскиватель Aqua Light 200 мл";"PANTENE бальзам-ополаскиватель Aqua Light 200 мл";330021;"СПАЙДЕР-МЕН гель-пена для ванной 2-в-1 Double Effect 400 мл;ПРЕЛЕСТЬ шампунь Укрепление и Защита 500 мл;AURA губка для купания Губка Боб"
"ДРАКОША ополаскиватель для полости рта Тутти-Фрутти детский 250 мл;R.O.C.S. зубная паста Нежный уход с ароматом липы 0-3 лет 45 г;R.O.C.S. гель для укрепления зубов Medical Minerals для детей школьного возраста Клубника 45 г";"R.O.C.S. гель для укрепления зубов Medical Minerals для детей школьного возраста Клубника 45 г";310126;"ЧИСТЮЛЯ зубочистки мятные 100 шт;ORAL-B Зубная щетка Black 40 Всесторонняя чистка средней жесткости 3 шт;ORAL-B Электрическая зубная щетка Triumph  + Smart Guide"
"КАПЛЯ VOX Средство для мытья посуды яблоко 1 лр;ЧИСТИН средство для удаления накипи в стиральных машинах Эффект 500 г;FAIRY Капсулы для посудомоечных машин  Platinum 10 шт";"FAIRY Капсулы для посудомоечных машин  Platinum 10 шт";460424;"DR. SCHNELL Универсальное моющее средство Forol 1 л;COMET Чистящий гель Океанский бриз 0,5 л;КРОТ средство для прочистки канализационных труб Активный 580 мл"
"КОТЯРА наполнитель для кошачьего туалета Extra силикагелевый 3 л;WHISKAS лакомство для кошек Duo Treats c лососем и сыром 40 г;ROYAL CANIN влажный корм Urinary Care Sac 4 для кошек старше 7 лет в целях профилактики мочекаменной болезни 85 г";"ROYAL CANIN влажный корм Urinary Care Sac 4 для кошек старше 7 лет в целях профилактики мочекаменной болезни 85 г";620555;"ЧИСТЮЛЯ Легкая салфетки для уборки Шерсть и Волосы из микрофибры для пола  1 шт;УЮТ игрушки для кошек Орех мяч-погремушка прозрачный 4 см;УЮТ игрушки для кошек Дразнилка Перья зелено-оранжевые 40 см"
"ЛАПОЧКА крем-гель для купания 300 мл;HELEN HARPER Детские впитывающие пеленки Baby 60х90 5 шт;HELEN HARPER трусики-подгузники Soft&Dry Maxi 4 (8-13кг) 50 шт";"HELEN HARPER трусики-подгузники Soft&Dry Maxi 4 (8-13кг) 50 шт";710404;"VERNEL кондиционер для белья Детский 1,8 л;МАЛЮТКА молочная смесь 1 с рождения 600 г;СОЛНЦЕ И ЛУНА средство для купания 2-в-1 Супермен для мальчиков 200 мл"
"ЛАПОЧКА средство для купания От Макушки до Пяток детское 300 мл;ПРИНЦЕССА шампунь 2в1 Тутти-Фрутти 400 мл;SCHAUMA бальзам-ополаскиватель 7 Трав Свежесть и объем 200 мл";"SCHAUMA бальзам-ополаскиватель 7 Трав Свежесть и объем 200 мл";330139;"FRESHLIGHT гель для душа с маслом семян Подсолнуха для девочек 300 мл;IKEEP! Мочалка для тела Роза;МИЛК пена для ванн Шоколадная Антистресс 400 мл"
"ЛАПОЧКА средство для купания От Макушки до Пяток детское 300 мл;VERNEL кондиционер для белья Детский 1,8 л;HELEN HARPER подгузники Soft & Dry 5 (11 - 25 кг) 10 шт";"HELEN HARPER подгузники Soft & Dry 5 (11 - 25 кг) 10 шт";710229;"NAN молочная смесь Optipro 1 с рождения 400 г;МОЕ СОЛНЫШКО пена для купания Баю-баюшки 200 мл;HELEN HARPER пеленки впитывающие Soft & Dry 60x90 30 шт"
"ЛИРА антистатик без запаха 200 мл;CALGON средство для смягчения воды 2-в-1 порошок 1,1 кг;TIDE стиральный порошок Color автомат 9 кг";"TIDE стиральный порошок Color автомат 9 кг";410504;"E кондиционер для белья Восточный Сон 2 л;LENOR концентрированный кондиционер для белья Детский 1 л;BAGI пятновыводитель 100 Видов Пятен 400 мл"
"ЛИРА антистатик без запаха 200 мл;LENOR Концентрированный кондиционер для белья Миндальное Масло, для чувствительной кожи 2 л;PERSIL стиральный порошок Свежесть от Vernel автомат 15 кг";"PERSIL стиральный порошок Свежесть от Vernel автомат 15 кг";410437;"FIVE PLUS парфюмированная вода для утюгов 1 л;LENOR кондиционер для белья концентрированный цветение шелковой акации 0,91 л;MEINE LIEBE  карандаш-пятновыводитель  для детского белья 35 г"
"ЛИРА Антистатик нейтральный запах 150 мл;LENOR концентрированный кондиционер для белья Садовые цветы 0,93 л;BIMAX стиральный порошок 100 Пятен автомат 6 кг";"BIMAX стиральный порошок 100 Пятен автомат 6 кг";410273;"FIVE PLUS парфюмированная вода для утюгов 1 л;АНТИПЯТИН мыло-пятновыводитель Лимон 90 г;LENOR Концентрированный кондиционер для белья Детский 1 л"
"МАЛЕНЬКАЯ ФЕЯ гель для душа Happy Moments Фруктовая Сказка 240 мл;KABRITA молочная смесь Gold 3 с двенадцати месяцев 800 г;HELEN HARPER подгузники-трусики Soft & Dry 5 (12 - 18 кг) 17 шт";"HELEN HARPER подгузники-трусики Soft & Dry 5 (12 - 18 кг) 17 шт";710310;"TIDE стиральный порошок Детский автомат 6 кг;HELEN HARPER Детские впитывающие пеленки Baby 60х90 10 шт;ЛАПОЧКА крем-гель для купания 300 мл"
"МАЛЮТКА молочная смесь 1 с рождения 600 г;ГАДКИЙ Я гель для душа Банан 250 мл;HELEN HARPER подгузники Soft & Dry 4 (9 - 18 кг) 12 шт";"HELEN HARPER подгузники Soft & Dry 4 (9 - 18 кг) 12 шт";710228;"HELEN HARPER пеленки впитывающие Soft & Dry 60x90 30 шт;Я РОДИЛСЯ Стиральный порошок Детский для Белого белья 2,4 кг;BIONI пена детская Мягкая для купания перед сном 250 мл"
"МАЛЮТКА молочная смесь 2 с шести месяцев 600 г;BIONI молочко детское Увлажняющее с д-пантенолом 250 мл;HELEN HARPER подгузники Soft & Dry 3 (4 - 9 кг) 14 шт";"HELEN HARPER подгузники Soft & Dry 3 (4 - 9 кг) 14 шт";710227;"МОЯ ПРЕЛЕСТЬ пена для ванн Космическая слива цветная для детей 500 мл;HELEN HARPER Детские впитывающие пеленки 60x60 10 шт;Я РОДИЛСЯ Гель для стирки для цветного и белого белья 1500 мл"
"МАЛЮТКА молочная смесь 2 с шести месяцев 600 г;HELEN HARPER Детские впитывающие пеленки Baby 60x60 5 шт;GOON подгузники M (6 - 11 кг) 64 шт";"GOON подгузники M (6 - 11 кг) 64 шт";710134;"BIO MIO стиральный порошок Bio-Color 1,5 кг;СОЛНЦЕ И ЛУНА средство для купания 2-в-1 Принцесса для девочек 200 мл;JOHNSON'S Baby Гель-пена для купания 2 в 1 Веселые пузырьки 300 мл"
"МАРА гель для стирки Для Детского Белья 1 л;ГОНКИ Детский гель для душа 300 мл;HELEN HARPER подгузники Soft & Dry 4 (7 - 18 кг) 72 шт";"HELEN HARPER подгузники Soft & Dry 4 (7 - 18 кг) 72 шт";710407;"МОЕ СОЛНЫШКО Пенка для купания Медовая дыня 200 мл;PAMPERS пеленки для переодевания Change Mats 60x60 12 шт;NAN молочная смесь Optipro 1 с рождения 400 г"
"МАРА гель для стирки Для Детского Белья 1 л;СОЛНЦЕ И ЛУНА средство для купания 2-в-1 Принцесса для девочек 200 мл;HELEN HARPER Детские впитывающие пеленки Soft & Dry 40х60 5 шт";"HELEN HARPER Детские впитывающие пеленки Soft & Dry 40х60 5 шт";710111;"KABRITA каша на козьем молочке Рисовая с 4 месяцев 180 г;HELEN HARPER Детские впитывающие пеленки Baby 60x60 5 шт;МОЕ СОЛНЫШКО пенка для купания С чередой 200 мл"
"МИЛК пена для ванн Шоколадная Антистресс 400 мл;NIVEA гель для душа Сила Угля 250 мл;HEAD & SHOULDERS Шампунь 2 в 1 Мгновенная помощь 400 мл";"HEAD & SHOULDERS Шампунь 2 в 1 Мгновенная помощь 400 мл";330719;"СПАЙДЕР-МЕН гель-пена для ванной 2-в-1 Double Effect 400 мл;КРАСА бальзам-ополаскиватель Интенсивное Восстановление 285 мл;IKEEP! Мочалка для тела Сфера"
"МИЛК пена для ванн Шоколадная SPA-уход 400 мл;ЛАПОЧКА средство для купания От Макушки до Пяток детское 300 мл;SCHAUMA бальзам-ополаскиватель 6 Уровней Восстановления 200 мл";"SCHAUMA бальзам-ополаскиватель 6 Уровней Восстановления 200 мл";330134;"AURA губка для купания Губка Боб;DOVE Men гель для душа Care Интенсивное Увлажнение для мужчин 250 мл;FRUCTIS шампунь Рост во всю силу 250 мл"
"МОЕ СОЛНЫШКО крем детский солнцезащитный SPF 50 55 мл;ЛАПОЧКА крем детский увлажняющий 75 мл;GARNIER Ambre Solaire Спрей Солнечная вода SPF 50 150мл";"GARNIER Ambre Solaire Спрей Солнечная вода SPF 50 150мл";570171;"GARDEX Аэрозоль от летающих насекомых и клещей Extreme 150 мл;GARDEX пластины от комаров Naturin без запаха 10 шт;ЧИСТАЯ ЛИНИЯ молочко для тела Двойное Увлажнение медуница и таволга 250 мл"
"МОЕ СОЛНЫШКО пена для купания Баю-баюшки 200 мл;МАЛЕНЬКАЯ ФЕЯ гель для душа Happy Moments Фруктовая Сказка 240 мл;HELEN HARPER Детские впитывающие пеленки Soft & Dry 40х60 30 шт";"HELEN HARPER Детские впитывающие пеленки Soft & Dry 40х60 30 шт";710106;"HELEN HARPER Детские впитывающие пеленки Soft & Dry 40х60 5 шт;Я РОДИЛСЯ Гель для стирки для цветного и белого белья 1500 мл;KABRITA каша на козьем молочке Рисовая с 4 месяцев 180 г"
"МОЕ СОЛНЫШКО пена для купания Баю-баюшки 200 мл;HELEN HARPER Детские впитывающие пеленки Baby 60x60 5 шт;HELEN HARPER трусики-подгузники Soft&Dry Pants Junior 5 (12-18 кг) 64 шт";"HELEN HARPER трусики-подгузники Soft&Dry Pants Junior 5 (12-18 кг) 64 шт";710123;"МОЯ ПРЕЛЕСТЬ пена для ванн Космическая слива цветная для детей 500 мл;МАРА гель для стирки Для Детского Белья 1 л;KABRITA молочная смесь Gold 1 с рождения 400 г"
"ПРЕЛЕСТЬ бальзам Питание и увлажнение с Морскими минералами и алоэ для всех типов волос 250 мл;GARNIER крем-краска для волос Color Sensation перламутровый шелк 10.21;LOREAL крем-краска для волос Excellence 9.32 Сенсационный блонд";"LOREAL крем-краска для волос Excellence 9.32 Сенсационный блонд";570203;"OLD SPICE гель для душа + шампунь 2 в 1 Cooling 400 мл;ELSEVE шампунь Эксперт цвета 250 мл;TAFT пудра для укладки волос Мгновенный Объем 10 г"
"ПРЕЛЕСТЬ шампунь Интенсивное питание для окрашенных волос 600 мл;SYOSS бальзам-ополаскиватель Renew 7 Complete Repair 500 мл;SYOSS краска для волос Color Платиновый осветлитель 13-5";"SYOSS краска для волос Color Платиновый осветлитель 13-5";520478;"INDOLA спрей для термоукладки Setting Thermal Protector 300 мл;FA Men гель для душа Охлаждение Экстрим мужской 250 мл;HEAD & SHOULDERS Шампунь Энергия океана 400 мл"
"ПРЕЛЕСТЬ шампунь Кератинотерапия Expert Collection для любого типа волос 600 мл;МОЯ ПРЕЛЕСТЬ гель-пенка для купания 2 в 1 Капитан Банан 500 мл;SCHAUMA бальзам-ополаскиватель 6 Уровней Восстановления 200 мл";"SCHAUMA бальзам-ополаскиватель 6 Уровней Восстановления 200 мл";330134;"BIONI молочко детское Увлажняющее с д-пантенолом 250 мл;DOVE крем-гель для душа Глубокое Питание и Увлажнение 250 мл;AURA губка для купания Губка Боб"
"ПРЕЛЕСТЬ шампунь Укрепление и Защита с экстрактом Крапивы для всех типов волос 250 мл;МИЛК пена для ванн Шоколадная SPA-уход 400 мл;BONACURE бальзам-ополаскиватель Fibre Force Укрепляющий 150 мл";"BONACURE бальзам-ополаскиватель Fibre Force Укрепляющий 150 мл";520014;"ГАДКИЙ Я гель для душа Тропический микс 250 мл;СОЛНЦЕ И ЛУНА средство для купания 2-в-1 Пони для девочек 200 мл;IKEEP! Мочалка для тела Сфера"
"Сгон для совка Леголэнд  35 см;ORGANIC PEOPLE эко-спрей для стекол и зеркал с органическим лимоном и апельсином 500 мл;CIF чистящий крем Active Fresh 500 мл";"CIF чистящий крем Active Fresh 500 мл";430350;"MEBELUX полироль для мебели 5в1 для любых поверхностей 500 мл;ЧИСТЮЛЯ Перчатки латексные с напылением хлопка S;VILEDA салфетка хозяйственная МикроТафф Бэйс 36х36 см красная 1 шт"
"СОЛНЦЕ И ЛУНА средство для купания 2-в-1 Принцесса для девочек 200 мл;DURU гель для душа Цветочное облако  250 мл;PANTENE шампунь Мицеллярное Очищение и Питание 250 мл";"PANTENE шампунь Мицеллярное Очищение и Питание 250 мл";330842;"FRUCTIS Бальзам-ополаскиватель Густые и роскошные 200 мл;IKEEP! губка для тела Talia;МИЛК пена для ванн Шоколадная Антистресс 400 мл"
"СОЛНЦЕ И ЛУНА средство для купания 2-в-1 Принцесса для девочек 200 мл;GLISS KUR бальзам-ополаскиватель Реновация волос 200 мл;DOVE крем-гель для душа Драгоценные Масла 250 мл";"DOVE крем-гель для душа Драгоценные Масла 250 мл";330238;"IKEEP! губка для тела Talia;FA пена для ванн Тайна Масел Розовый Жасмин 500 мл;GARNIER шампунь Botanic Therapy Касторовое Масло и Миндаль 250 мл"
"СОЛНЦЕ И ЛУНА средство для купания 2-в-1 Принцесса для девочек 200 мл;NAN молочная смесь Optipro 2 с шести месяцев 400 г;HELEN HARPER подгузники Soft & Dry 4 (7 - 18 кг) 96 шт";"HELEN HARPER подгузники Soft & Dry 4 (7 - 18 кг) 96 шт";710128;"ЛАПОЧКА средство для купания От Макушки до Пяток детское 300 мл;Я РОДИЛСЯ Стиральный порошок Для семьи Color 2,4 кг;PAMPERS пеленки для переодевания Change Mats 60x60 12 шт"
"СОЛНЦЕ И ЛУНА средство для купания 2-в-1 Супермен для мальчиков 200 мл;LOREAL краска для волос Prodigy 6.45 Янтарь;SYOSS краска для вролос Color Дымчатый блонд 8-1";"SYOSS краска для вролос Color Дымчатый блонд 8-1";520495;"DESSANGE шампунь Экстра питание 250 мл;TAFT спрей для укладки волос Густые и Пышные Сверхсильная Фиксация 150 мл;ЧИСТАЯ ЛИНИЯ бальзам-ополаскиватель Укрепляющий крапива для всех типов волос 230 мл"
"СПАЙДЕР-МЕН гель-пена для ванной 2-в-1 Double Effect 400 мл;HELEN HARPER пеленки впитывающие Soft & Dry 60x90 30 шт;СОЛНЦЕ И ЛУНА подгузники-трусики Нежное Прикосновение 5 (13 - 20 кг) 40 шт";"СОЛНЦЕ И ЛУНА подгузники-трусики Нежное Прикосновение 5 (13 - 20 кг) 40 шт";710383;"BIO MIO стиральный порошок Bio-White автомат 1,5 кг;МАЛЮТКА молочная смесь 2 с шести месяцев 300 г;ПРИНЦЕССА Пена для ванн Волшебная 400 мл"
"СПАЙДЕР-МЕН гель-пена для ванной 2-в-1 Double Effect 400 мл;KABRITA молочная смесь Gold 2 с шести месяцев 800 г;PAMPERS подгузники Active Baby 5 (11 - 18 кг) 64 шт";"PAMPERS подгузники Active Baby 5 (11 - 18 кг) 64 шт";710161;"ЛАПОЧКА средство для купания От Макушки до Пяток детское 300 мл;LENOR Концентрированный кондиционер для белья Миндальное Масло, для чувствительной кожи 2 л;HELEN HARPER Детские впитывающие пеленки 60x60 10 шт"
"СПАЙДЕР-МЕН гель-пена для ванной 2-в-1 Double Effect 400 мл;ORGANIC BEAUTY пена для ванн Релаксирующая Лаванда и Мелисса 1000 мл;SCHAUMA бальзам-ополаскиватель Кокосовая вода и Цветок Лотоса 200 мл";"SCHAUMA бальзам-ополаскиватель Кокосовая вода и Цветок Лотоса 200 мл";330136;"AUSSIE Шампунь Aussome Volume 300 мл;AURA губка для купания Губка Боб;DOVE Men гель для душа Care Экстра Свежесть для мужчин 250 мл"
"ТОНИКА оттеночный бальзам Аметист 9.01;JOHNSON'S Baby Шампунь Перед сном 300 мл;LOREAL cтойкая краска для волос Casting Creme Gloss 603 Молочный шоколад";"LOREAL cтойкая краска для волос Casting Creme Gloss 603 Молочный шоколад";570198;"INDOLA глина для укладки Texture Soft Clay 85 мл;OLD SPICE Гель для душа Whitewater 250 мл;ELSEVE бальзам Фибрология 200 мл"
"УЮТ игрушки для кошек Дразнилка Катушка сизаль 40 см;DREAMIES лакомство для кошек с лососем 60 г;ROYAL CANIN влажный корм Maine Coon для кошек породы Мейн-Кун 85 г";"ROYAL CANIN влажный корм Maine Coon для кошек породы Мейн-Кун 85 г";620538;"УЮТ средство для приучения к туалету Приучитель 250 мл;УЮТ игрушки для кошек Дразнилка Перья фиолетово-синие 40 см;N1 наполнитель для кошачьего туалета Crystals лаванда 5 л"
"УЮТ игрушки для кошек Дразнилка Перья зелено-оранжевые 40 см;УЮТ игрушки для кошек Катушка пластиковая, с погремушкой 7x4 см;КОТЯРА наполнитель для кошачьего туалета силикагелевый 3 л";"WHISKAS подушечки с паштетом для кошек старше 7 лет Ассорти с мясом птицы  350 г";620565;
"УЮТ игрушки для кошек Дразнилка Перья зелено-оранжевые 40 см;BREESAL Aqua-нейтрализатор Запаха Освежающий Микс 375 мл;ROYAL CANIN сухой корм для кошек Indoor 7+ 1,5 кг";"ROYAL CANIN сухой корм для кошек Indoor 7+ 1,5 кг";610550;"CATSAN наполнитель для кошачьего туалета Ultra 5 л;УЮТ игрушки для кошек Мяч-погремушка с цветной мышкой 4 см;WHISKAS лакомство для кошек Duo Treats c лососем и сыром 40 г"
"УЮТ игрушки для кошек Дразнилка Перья зелено-оранжевые 40 см;BREESAL Aqua-нейтрализатор Запаха Освежающий Микс 375 мл;ROYAL CANIN сухой корм для кошек Siamese 2 кг";"ROYAL CANIN сухой корм для кошек Siamese 2 кг";610246;"БАРСИК наполнитель для кошачьего туалета Mix - Древесный 4,5 л;УЮТ игрушки для кошек Мяч-погремушка с цветной мышкой 4 см;DREAMIES лакомство для кошек с лососем 60 г"
"УЮТ игрушки для кошек Дразнилка Перья фиолетово-синие 40 см;КОТЯРА наполнитель для кошачьего туалета силикагелевый 3 л;ROYAL CANIN VET DIET сухой корм для кошек Gastro Intestinal Moderate Calorie 0,4 кг";"ROYAL CANIN VET DIET сухой корм для кошек Gastro Intestinal Moderate Calorie 0,4 кг";620459;"DREAMIES лакомство для кошек с говядиной 60 г;УЮТ игрушки для кошек Катушка пластиковая, с погремушкой 7x4 см;ЧИСТЮЛЯ Легкая салфетки для уборки Шерсть и Волосы из микрофибры для пола  1 шт"
"УЮТ игрушки для кошек Дразнилка Перья фиолетово-синие 40 см;УЮТ игрушки для кошек Орех мяч-погремушка прозрачный 4 см;ROYAL CANIN сухой корм для кошек Siamese 0,4 кг";"ROYAL CANIN сухой корм для кошек Siamese 0,4 кг";620537;"WHISKAS лакомство для кошек Duo Treats c лососем и сыром 40 г;SYMPHONY очиститель воздуха От запахов животных 300 мл;N1 наполнитель для кошачьего туалета Crystals 12,5 л"
"УЮТ игрушки для кошек Дразнилка Перья фиолетово-синие 40 см;N1 наполнитель для кошачьего туалета Crystals 12,5 л;ROYAL CANIN влажный корм Ageing 12+ (в желе) для кошек старше 12 лет 85 г";"ROYAL CANIN влажный корм Ageing 12+ (в желе) для кошек старше 12 лет 85 г";620544;"8 IN 1 пивные дрожжи для кошек и собак Excel 260 шт;УЮТ игрушки для кошек Мяч-погремушка с цветной мышкой 4 см;BREESAL Aqua-нейтрализатор Запаха Освежающий Микс 375 мл"
"УЮТ игрушки для кошек Катушка пластиковая, с погремушкой 7x4 см;КОТЯРА наполнитель для кошачьего туалета Extra силикагелевый 3 л;ROYAL CANIN влажный корм Digest Sensitive (в соусе) для кошек с чувствительным пищеварением 3+1 х 85 г";"ROYAL CANIN влажный корм Digest Sensitive (в соусе) для кошек с чувствительным пищеварением 3+1 х 85 г";620533;"VORTEX нейтрализатор запаха Block свежесть 500 мл;УЮТ игрушки для кошек Дразнилка Катушка сизаль 40 см;DREAMIES лакомство для кошек с уткой 60 г"
"УЮТ игрушки для кошек Катушка пластиковая, с погремушкой 7x4 см;УЮТ средство для приучения к туалету Приучитель 250 мл;ROYAL CANIN сухой корм для кошек Hair & Skin Care 2 кг";"ROYAL CANIN сухой корм для кошек Hair & Skin Care 2 кг";610200;"УЮТ игрушки для кошек Дразнилка Катушка сизаль 40 см;WHISKAS лакомство для кошек Duo Treats c лососем и сыром 40 г;FRESH STEP наполнитель для кошачьего туалета Extreme впитывающий 12 л"
"УЮТ игрушки для кошек Катушка пластиковая, с погремушкой 7x4 см;PI-PI-BENT наполнитель для кошачьего туалета Классик комкующийся 3 кг;ROYAL CANIN влажный корм Sterilised (в желе) для стерилизованных кошек 85 г";"ROYAL CANIN влажный корм Sterilised (в желе) для стерилизованных кошек 85 г";620552;"УЮТ игрушки для кошек Дразнилка Катушка сизаль 40 см;DREAMIES лакомство для кошек с курицей 30 г;BREESAL Aqua-нейтрализатор Запаха Освежающий Микс 375 мл"
"УЮТ игрушки для кошек Мяч-погремушка с цветной мышкой 4 см;8 IN 1 пивные дрожжи для кошек и собак Excel 260 шт;ROYAL CANIN VET DIET влажный корм Neutered Adult Maintenance для стерилизованных кошек до 7 лет 100 г";"ROYAL CANIN VET DIET влажный корм Neutered Adult Maintenance для стерилизованных кошек до 7 лет 100 г";620543;"SYMPHONY очиститель воздуха От запахов животных 300 мл;УЮТ игрушки для кошек Дразнилка Катушка сизаль 40 см;N1 наполнитель для кошачьего туалета Crystals 12,5 л"
"УЮТ игрушки для кошек Мяч-погремушка с цветной мышкой 4 см;БАРСИК наполнитель для кошачьего туалета Альпийская Свежесть 4,5 л;ROYAL CANIN сухой корм для кошек Bengal 0,4 кг";"ROYAL CANIN сухой корм для кошек Bengal 0,4 кг";620562;"SYMPHONY очиститель воздуха От запахов животных 300 мл;DREAMIES лакомство для кошек с говядиной 30 г;УЮТ игрушки для кошек Носок мягкий с погремушкой 10x8 см"
"УЮТ игрушки для кошек Мяч-погремушка с цветной мышкой 4 см;БАРСИК наполнитель для кошачьего туалета Альпийская Свежесть 4,5 л;ROYAL CANIN VET DIET влажный корм Renal c тунцом для кошек с хронической почечной недостаточностью 85 г";"ROYAL CANIN VET DIET влажный корм Renal c тунцом для кошек с хронической почечной недостаточностью 85 г";620550;"УЮТ игрушки для кошек Дразнилка Катушка сизаль 40 см;DREAMIES лакомство для кошек с говядиной 60 г;VORTEX нейтрализатор запаха Block свежесть 500 мл"
"УЮТ игрушки для кошек Мяч-погремушка с цветной мышкой 4 см;УЮТ средство для приучения к туалету Приучитель 250 мл;ROYAL CANIN сухой корм для кошек Hair & Skin Care 0,4 кг";"ROYAL CANIN сухой корм для кошек Hair & Skin Care 0,4 кг";620411;"PI-PI-BENT наполнитель для кошачьего туалета Классик комкующийся 5 кг;WHISKAS лакомство для кошек Duo Treats c лососем и сыром 40 г;УЮТ игрушки для кошек Орех мяч-погремушка прозрачный 4 см"
"УЮТ игрушки для кошек Мяч-погремушка с цветной мышкой 4 см;ЧИСТЮЛЯ Легкая салфетки для уборки Шерсть и Волосы из микрофибры для пола  1 шт;HILLS Science Plan сухой корм для кошек Optimal Care с курицей 0,4 кг";"HILLS Science Plan сухой корм для кошек Optimal Care с курицей 0,4 кг";620481;"PI-PI-BENT наполнитель для кошачьего туалета Классик комкующийся 5 кг;УЮТ игрушки для кошек Дразнилка Перья фиолетово-синие 40 см;WHISKAS лакомство для кошек Duo Treats c говядиной и сыром 40 г"
"УЮТ игрушки для кошек Мяч-погремушка с цветной мышкой 4 см;FRESH STEP наполнитель для кошачьего туалета Extreme впитывающий 30 л;ROYAL CANIN VET DIET сухой корм для кошек Gastro Intestinal Moderate Calorie 2 кг";"ROYAL CANIN VET DIET сухой корм для кошек Gastro Intestinal Moderate Calorie 2 кг";610292;"УЮТ игрушки для кошек Дразнилка Катушка сизаль 40 см;DREAMIES лакомство для кошек с курицей 60 г;SYMPHONY очиститель воздуха От запахов животных 300 мл"
"УЮТ игрушки для кошек Мяч-погремушка с цветной мышкой 4 см;SYMPHONY очиститель воздуха От запахов животных 300 мл;ROYAL CANIN влажный корм Instinctive +7 (в соусе) для кошек старше 7 лет 85 г";"ROYAL CANIN влажный корм Instinctive +7 (в соусе) для кошек старше 7 лет 85 г";620535;"WHISKAS лакомство для кошек Duo Treats c курицей и сыром 40 г;УЮТ игрушки для кошек Дразнилка Катушка сизаль 40 см;КОТЯРА наполнитель для кошачьего туалета силикагелевый 3 л"
"УЮТ игрушки для кошек Носок мягкий с погремушкой 10x8 см;УЮТ игрушки для кошек Дразнилка Перья фиолетово-синие 40 см;ROYAL CANIN сухой корм для кошек Ageing 12+ 2 кг";"ROYAL CANIN сухой корм для кошек Ageing 12+ 2 кг";620532;"VORTEX нейтрализатор запаха Block свежесть 500 мл;БАРСИК наполнитель для кошачьего туалета Mix - Древесный 4,5 л;8 IN 1 пивные дрожжи для кошек и собак Excel 260 шт"
"УЮТ игрушки для кошек Носок мягкий с погремушкой 10x8 см;DREAMIES лакомство для кошек с сыром 60 г;ROYAL CANIN влажный корм Instinctive (паштет) для кошек старше 1 года 85 г";"ROYAL CANIN влажный корм Instinctive (паштет) для кошек старше 1 года 85 г";620554;"VORTEX нейтрализатор запаха Block свежесть 500 мл;УЮТ игрушки для кошек Дразнилка Перья фиолетово-синие 40 см;CATSAN наполнитель для кошачьего туалета Hygiene 2,5 л"
"УЮТ игрушки для кошек Орех мяч-погремушка прозрачный 4 см;БАРСИК наполнитель для кошачьего туалета Кукурузный  4,5 л;ROYAL CANIN влажный корм для взрослых кошек Urinary Care (в соусе) 3+1 шт";"ROYAL CANIN влажный корм для взрослых кошек Urinary Care (в соусе) 3+1 шт";620561;"УЮТ средство для приучения к туалету Приучитель 250 мл;DREAMIES лакомство для кошек с говядиной 60 г;УЮТ игрушки для кошек Дразнилка Перья зелено-оранжевые 40 см"
"УЮТ игрушки для кошек Орех мяч-погремушка прозрачный 4 см;БАРСИК поглотитель запаха и пятен для кошек 500 мл;ROYAL CANIN влажный корм Ageing 12+ (в соусе) для кошек старше 12 лет 85 г";"ROYAL CANIN влажный корм Ageing 12+ (в соусе) для кошек старше 12 лет 85 г";620534;"УЮТ игрушки для кошек Мяч-погремушка с цветной мышкой 4 см;N1 наполнитель для кошачьего туалета Crystals 12,5 л;DREAMIES лакомство для кошек с говядиной 30 г"
"УЮТ средство для приучения к туалету Отучитель 250 мл;УЮТ игрушки для кошек Дразнилка Перья фиолетово-синие 40 см;ROYAL CANIN сухой корм для кошек Indoor 7+ 3,5 кг";"ROYAL CANIN сухой корм для кошек Indoor 7+ 3,5 кг";610210;"DREAMIES лакомство для кошек с сыром 60 г;N1 наполнитель для кошачьего туалета Crystals лаванда 5 л;УЮТ игрушки для кошек Дразнилка Катушка сизаль 40 см"
"УЮТ средство для приучения к туалету Отучитель 250 мл;DREAMIES лакомство для кошек с говядиной 30 г;ROYAL CANIN сухой корм для кошек Ageing 12+ 0,4 кг";"ROYAL CANIN сухой корм для кошек Ageing 12+ 0,4 кг";620536;"УЮТ игрушки для кошек Дразнилка Перья фиолетово-синие 40 см;CATSAN наполнитель для кошачьего туалета Hygiene 10 л;УЮТ игрушки для кошек Носок мягкий с погремушкой 10x8 см"
"УЮТ средство для приучения к туалету Отучитель 250 мл;WHISKAS лакомство для кошек Duo Treats c курицей и сыром 40 г;ROYAL CANIN влажный корм Instinctive (в желе) для кошек старше 1 года 85 г";"ROYAL CANIN влажный корм Instinctive (в желе) для кошек старше 1 года 85 г";620530;"УЮТ игрушки для кошек Дразнилка Перья зелено-оранжевые 40 см;УЮТ игрушки для кошек Дразнилка Перья фиолетово-синие 40 см;БАРСИК наполнитель для кошачьего туалета Mix - Древесный 4,5 л"
"ЧЕРНЫЙ ЖЕМЧУГ крем для кожи вокруг глаз Крем-Эксперт 46+ 15 мл;LOVULAR влажные фито-салфетки для груди, сосок, пустышек 40 шт;ЧЕРНЫЙ ЖЕМЧУГ ночной крем Самоомоложение Программа от 46 лет 50 мл";"ЧЕРНЫЙ ЖЕМЧУГ ночной крем Самоомоложение Программа от 46 лет 50 мл";530033;"АВАНТА крем для рук Дачница 75 мл;GARNIER гель-пенка для умывания Основной уход 200 мл;ЧИСТАЯ ЛИНИЯ Солнцезащитный спрей 20 SPF 160мл"
"ЧЕРНЫЙ ЖЕМЧУГ крем для лица Крем-Эксперт 56+ 50 мл;EVO Крем Для Локтей и Коленей 46 мл;BARNÄNGEN Бальзам для тела Интенсивный Уход для очень сухой кожи 200мл";"BARNÄNGEN Бальзам для тела Интенсивный Уход для очень сухой кожи 200мл";570177;"GARNIER крем для ног Интенсивный уход восстановление 100 мл;ЧИСТАЯ ЛИНИЯ крем дневной Лёгкий Увлажняющий для нормальной и комбинированной кожи 40 мл;ЧЕРНЫЙ ЖЕМЧУГ маска-эксперт для лица для Y-зоны 50 мл"
"ЧИСТАЯ ЛИНИЯ бальзам-ополаскиватель Укрепляющий крапива для всех типов волос 380 мл;AUSSIE Шампунь Repair Miracle 300 мл;SYOSS краска для волос Gloss Sensation Шоколадная глазурь 3-86";"SYOSS краска для волос Gloss Sensation Шоколадная глазурь 3-86";520489;"COLOR EXPERT крем-краска для волос Бежевый блонд 9.3;SYOSS суфле для укладки волос Естественный блеск №3 Уплотняющее 100 мл;FA гель для душа Природная Свежесть Белый чай 750 мл"
"ЧИСТИН отбеливатель Персоль Супер 250 г;LENOR Концентрированный кондиционер для белья Миндальное Масло, для чувствительной кожи 2 л;BIMAX стиральный порошок 100 пятен автомат 4 кг";"BIMAX стиральный порошок 100 пятен автомат 4 кг";410271;"CALGON средство для смягчения воды 2-в-1 порошок 1,1 кг;ЛИРА антистатик без запаха 200 мл;GARDEN ECO кондиционер для белья Зеленый чай 1 л"
"ЧИСТЮЛЯ Легкая салфетки для уборки Шерсть и Волосы из микрофибры для пола  1 шт;8 IN 1 пивные дрожжи для кошек и собак Excel 260 шт;ROYAL CANIN сухой корм для кошек Indoor 2 кг";"ROYAL CANIN сухой корм для кошек Indoor 2 кг";610209;"PI-PI-BENT наполнитель для кошачьего туалета Классик комкующийся 5+1 кг;УЮТ игрушки для кошек Мяч-погремушка с цветной мышкой 4 см;УЮТ игрушки для кошек Дразнилка Перья зелено-оранжевые 40 см"
"ЧИСТЮЛЯ Легкая салфетки для уборки Шерсть и Волосы из микрофибры для пола  1 шт;УЮТ игрушки для кошек Мяч-погремушка с цветной мышкой 4 см;ROYAL CANIN влажный корм для взрослых кошкек Instinctive (соус) 4 шт + Instinctive (паштет) 1 шт";"ROYAL CANIN влажный корм для взрослых кошкек Instinctive (соус) 4 шт + Instinctive (паштет) 1 шт";620560;"УЮТ игрушки для кошек Катушка пластиковая, с погремушкой 7x4 см;БАРСИК наполнитель для кошачьего туалета Mix - Древесный 4,5 л;DREAMIES лакомство для кошек с курицей 60 г"
"ЧИСТЮЛЯ Салфетка - полотенце из микрофибры для посуды;VILEDA Губка средней жёсткости жёлтая с зелёный абразивом 9x7см 1 шт;SYMPHONY сменный баллон для автоматического освежителя воздуха Сочные ягоды 250 мл";"SYMPHONY сменный баллон для автоматического освежителя воздуха Сочные ягоды 250 мл";450177;"ЧИСТЮЛЯ ЛЕГКАЯ перчатки хозяйственные легкие прочные S;Сгон для совка Леголэнд  35 см;SANFOR чистящее средство Universal 10 в 1 Морской бриз 750 мл"
"ЧИСТЮЛЯ салфетка для пола с микрофиброй;CIF влажные салфетки для очищения поверхностей Универсальные 30 шт;ZEWA бумажные полотенца Premium Decor 2 шт";"ZEWA бумажные полотенца Premium Decor 2 шт";360061;"ZEWA туалетная бумага Плюс Ромашка 2 слоя 4 шт;AURA Влажные салфетки Ultra Comfort для детей 60 шт;AURA влажные салфетки антибактериальные Family 72 шт"
"Я РОДИЛСЯ стиральный порошок детский для белого белья автомат 0,4 кг;FIVE PLUS парфюмированная вода для утюгов 1 л;TIDE стиральный порошок Color автомат 1,5 кг";"TIDE стиральный порошок Color автомат 1,5 кг";410499;"LENOR кондиционер для белья концентрированный цветение шелковой акации 1,8 л;АНТИПЯТИН мыло-пятновыводитель от экстра-сложных пятен 90 г;BAGI Антистатик спрей 200 мл"
"Я РОДИЛСЯ стиральный порошок детский для белого белья автомат 4 кг;СОЛНЦЕ И ЛУНА средство для купания 2-в-1 Принцесса для девочек 200 мл;PAMPERS подгузники Active Baby 3 (5 - 9 кг) 152 шт";"PAMPERS подгузники Active Baby 3 (5 - 9 кг) 152 шт";710253;"KABRITA молочная смесь Gold 2 с шести месяцев 800 г;HELEN HARPER Детские впитывающие пеленки Soft & Dry 60x60 30 шт;МОЕ СОЛНЫШКО пена для купания Баю-баюшки 200 мл"
"Я САМАЯ средство для снятия лака Professional с помпой дозатором 150 мл;NIVEA молочко для тела Ванильный Десерт 200 мл;БАРХАТНЫЕ РУЧКИ крем для рук Роскошь Макадамии 80 мл";"БАРХАТНЫЕ РУЧКИ крем для рук Роскошь Макадамии 80 мл";540042;"АВАНТА крем для ног Дачница 75 мл;GARNIER cпрей Ambre Solaire Идеальный загар SPF 30 200 мл;DOCTOR SILVER антисептический гель 60 мл"
"ACE Отбеливатель жидкий  Бережное отбеливание 1 л;CALGON средство для смягчения воды 2-в-1 порошок 1,1 кг;TIDE стиральный порошок Color автомат 3 кг";"TIDE стиральный порошок Color автомат 3 кг";410500;"E кондиционер для белья Восточный Сон 2 л;BAGI Антистатик спрей 200 мл;SYNERGETIC кондиционер для белья гипоаллергенный 5 л"
"AURA влажные салфетки антибактериальные 20 шт;LOREAL крем Возраст Эксперт 55+ вокруг глаз 50 мл;ЧЕРНЫЙ ЖЕМЧУГ ночной крем Самоомоложение Программа от 46 лет 50 мл";"ЧЕРНЫЙ ЖЕМЧУГ ночной крем Самоомоложение Программа от 46 лет 50 мл";530033;"GARNIER Крем для загара Ambre Solaire Малыш в Тени SPF 50+ 50 мл;БАРХАТНЫЕ РУЧКИ крем для рук Питательный 80 мл;GARNIER молочко для снятия макияжа Основной Уход  Экстракт Винограда для нормальной и смешанной кожи 200 мл"
"AURA губка для купания Губка Боб;СПАЙДЕР-МЕН гель-пена для ванной 2-в-1 Double Effect 400 мл;SCHAUMA бальзам-ополаскиватель Кокосовая вода и Цветок Лотоса 200 мл";"SCHAUMA бальзам-ополаскиватель Кокосовая вода и Цветок Лотоса 200 мл";330136;"DESSANGE шампунь Экстра Блеск 250 мл;FA гель для душа Йогурт Алоэ Вера 750 мл;NATURA SIBERICA пена для ванн Кедровое SPA антистресс 550 мл"
"AURA губка для купания Губка Боб;SHAMTU бальзам-ополаскиватель Глубокое очищение и Свежесть с экстрактами Трав 200 мл;ПРЕЛЕСТЬ шампунь Объем и Сила с Протеинами пшеницы для всех типов волос 250 мл";"ПРЕЛЕСТЬ шампунь Объем и Сила с Протеинами пшеницы для всех типов волос 250 мл";520875;"МОЕ СОЛНЫШКО пена для купания Баю-баюшки 200 мл;FA пена для ванн Медовый Эликсир 500 мл;AQUA FRUIT Гель для душа Fresh 420 мл"
"BAGI Средство для удаления накипи Кумкумит 550 мл;PLUSHE бумажные полотенца Light 2 слоя белые 2 шт;FAIRY средство для мытья посуды Pure & Clean 650 мл";"FAIRY средство для мытья посуды Pure & Clean 650 мл";430229;"BAGI Средство для чистки Шуманит от засоров 70 г;AURA влажные салфетки антибактериальные 20 шт;ЧИСТЮЛЯ салфетки вискозные 10 шт"
"BARNANGEN гель для душа Glacier Breeze 400 мл;BEOLOGY спрей для укладки Deep Sea Extract Увлажнение для сухих волос 150 мл;SYOSS краска для волос Color Темный фиолетовый 3-3";"SYOSS краска для волос Color Темный фиолетовый 3-3";570182;"PANTENE Шампунь Укрепление и Блеск 250 мл;DOVE бальзам-ополаскиватель Hair Therapy Против Секущихся Кончиков 200 мл;SYOSS бальзам-ополаскиватель Glossing Эффект ламинирования 500 мл"
"BARNANGEN гель для душа Glacier Breeze 400 мл;IKEEP! Мочалка для тела Сфера;HEAD & SHOULDERS Шампунь Питательный уход 400 мл";"HEAD & SHOULDERS Шампунь Питательный уход 400 мл";330739;"FA пена для ванн Медовый Эликсир 500 мл;ПРЕЛЕСТЬ бальзам-ополаскиватель Объем и питание 400 мл;СОЛНЦЕ И ЛУНА средство для купания 2-в-1 Принцесса для девочек 200 мл"
"BARNANGEN гель для душа Sauna Relax 400 мл;FRUCTIS шампунь Тройное восстановление 250 мл;TAFT лак для волос Ultra Control №4 Сверхсильная Фиксация 225 мл";"TAFT лак для волос Ultra Control №4 Сверхсильная Фиксация 225 мл";520712;"ORGANIC BEAUTY гель для душа Освежающий Бамбук и зеленый чай 1000 мл;MAD ABOUT WAVES кондиционер для волос Лёгкий 250мл;PALETTE крем-краска для волос Интенсивный цвет Какао G4"
"BARNANGEN гель для душа Sensitive 400 мл;FA пена для ванн Медовый Эликсир 500 мл;HEAD & SHOULDERS Шампунь Sports Fresh 400 мл";"HEAD & SHOULDERS Шампунь Sports Fresh 400 мл";330736;"GLISS KUR бальзам-ополаскиватель Магическое Укрепление 200 мл;МОЯ ПРЕЛЕСТЬ пена для ванн Космическая слива цветная для детей 500 мл;IKEEP! Мочалка для тела Роза"
"BIO MIO пятновыводитель BIo-Stain Remover универсальный для стирки белья без запаха 750 мл;LENOR концентрированный кондиционер для белья Детский 1 л;PERSIL стиральный порошок Свежесть от Vernel автомат 3 кг";"PERSIL стиральный порошок Свежесть от Vernel автомат 3 кг";410438;"ЛИРА антистатик нейтральный запах 200 мл;CALGON средство для смягчения воды 2-в-1 порошок 1,1 кг;LENOR кондиционер для белья концентрированный цветение шелковой акации 1,8 л"
"BIO MIO средство для мытья посуды без запаха Bio-Care 450 мл;PAMPERS подгузники-трусики 6 (16+ кг) 88 шт;LENOR концентрированный кондиционер для белья Детский 1 л";"LENOR концентрированный кондиционер для белья Детский 1 л";740015;"YOUR SUN подгузники M  (5-10кг) 60 шт;PAMPERS подгузники-трусики Premium Care Pants 4 (8 - 14 кг) 44 шт;PAMPERS подгузники-трусики 4 (9 - 14 кг) 16 шт"
"BIO MIO стиральный порошок Bio-Color 1,5 кг;CALGON средство для смягчения воды 2-в-1 порошок 1,1 кг;BIMAX стиральный порошок 100 пятен автомат 0,4 кг";"BIMAX стиральный порошок 100 пятен автомат 0,4 кг";460359;"КАУСТИК отбеливатель Белизна Нью 1 л;LENOR концентрированный кондиционер для белья Вербена 0,91 л;ЛИРА Антистатик нейтральный запах 150 мл"
"BIONI молочко детское Увлажняющее с д-пантенолом 250 мл;МИЛК пена для ванн Шоколадная Антистресс 400 мл;HEAD & SHOULDERS шампунь Цитрусовая свежесть 200 мл";"HEAD & SHOULDERS шампунь Цитрусовая свежесть 200 мл";330741;"AURA губка для купания Губка Боб;BLONDME кондиционер Keratin Restore бондинг-кондиционер кератиновое восстановление для волос блонд 200 мл;OLD SPICE Гель для душа Wolfthorn 400 мл"
"BIONI молочко детское Увлажняющее с д-пантенолом 250 мл;HELEN HARPER Детские впитывающие пеленки Soft & Dry 60x60 30 шт;PAMPERS подгузники Sleep & Play 5 (11 - 18 кг) 58 шт";"PAMPERS подгузники Sleep & Play 5 (11 - 18 кг) 58 шт";710439;"МОЕ СОЛНЫШКО пена для купания Баю-баюшки 200 мл;МАЛЮТКА молочная смесь 1 с рождения 600 г;Я РОДИЛСЯ Стиральный порошок Для семьи Color 2,4 кг"
"BIONI пена детская Мягкая для купания перед сном 250 мл;ЛАПОЧКА крем-гель для купания 300 мл;HELEN HARPER трусики-подгузники Soft&Dry Junior 5 (12-18кг) 46 шт";"HELEN HARPER трусики-подгузники Soft&Dry Junior 5 (12-18кг) 46 шт";710405;"LIBERO пеленки одноразовые 50x70 6 шт;LENOR Концентрированный кондиционер для белья Детский 1 л;KABRITA молочная смесь Gold 3 с двенадцати месяцев 400 г"
"BIONI пена детская Мягкая для купания перед сном 250 мл;MEINE LIEBE концентрированный кондиционер для белья Детский 500 мл;PAMPERS подгузники Active Baby 4 (8 - 14 кг) 20 шт";"PAMPERS подгузники Active Baby 4 (8 - 14 кг) 20 шт";710315;"PAMPERS пеленки впитывающие Bed Mats 80x90 7 шт;KABRITA молочная смесь Gold 1 с рождения 400 г;СОЛНЦЕ И ЛУНА средство для купания 2-в-1 Принцесса для девочек 200 мл"
"BIONI пенка-шампунь детская для купания Нежная 150 мл;PANTENE бальзам-ополаскиватель Мицеллярное Очищение и Питание 200 мл;TAFT лак для волос Ultra Control №4 Сверхсильная Фиксация 225 мл";"TAFT лак для волос Ultra Control №4 Сверхсильная Фиксация 225 мл";520712;"HEAD & SHOULDERS Шампунь 2 в 1 Ментол 400 мл;GARNIER крем-краска для волос Color Sensation благородный опал 4.15;FA Men гель для душа Sport Двойное Действие мужской 250 мл"
"BONACURE спрей-кондиционер Peptide Repair Rescue 200 мл;AUSSIE Шампунь Aussome Volume 300 мл;GOT2B Окрашивающий мелок для волос Strand Up Королевский пурпур 3,5г";"GOT2B Окрашивающий мелок для волос Strand Up Королевский пурпур 3,5г";570071;"CAMAY гель для душа Mademoiselle Игривый аромат цветка Лотоса 250 мл;SHOCKWAVES мусс для волос Ultra Strong Hold 200 мл;PANTENE Бальзам-ополаскиватель Aqua Light 200 мл"
"BREESAL ароматизатор Arome Fleur шлейф волшебства 150 мл;COMET порошок чистящий Океан 475 г;BAGI Средство для чистки Шуманит от засоров 70 г";"BAGI Средство для чистки Шуманит от засоров 70 г";430310;"Сгон для совка Леголэнд  35 см;ЧИСТЮЛЯ пакеты для мусора 60 л 20 шт;ЧИСТЮЛЯ губка поролоновая с абразивом Маленькая кухня XL 1 шт"
"BREESAL Aqua-нейтрализатор Запаха Освежающий Микс 375 мл;DREAMIES лакомство для кошек с курицей 60 г;ROYAL CANIN влажный корм Digest Sensitive (в соусе) для кошек с чувствительным пищеварением 85 г";"ROYAL CANIN влажный корм Digest Sensitive (в соусе) для кошек с чувствительным пищеварением 85 г";620531;"PI-PI-BENT наполнитель для кошачьего туалета Классик комкующийся 5 кг;УЮТ игрушки для кошек Дразнилка Катушка сизаль 40 см;УЮТ игрушки для кошек Дразнилка Перья фиолетово-синие 40 см"
"BRIT Care Cat Snack Superfruits Kitten 100 г;УЮТ игрушки для кошек Дразнилка Катушка сизаль 40 см;ROYAL CANIN VET DIET влажный корм Renal c курицей для кошек с хронической почечной недостаточностью 195 г";"ROYAL CANIN VET DIET влажный корм Renal c курицей для кошек с хронической почечной недостаточностью 195 г";620540;"PI-PI-BENT наполнитель для кошачьего туалета Классик комкующийся 5 кг;УЮТ игрушки для кошек Катушка пластиковая, с погремушкой 7x4 см;SYMPHONY очиститель воздуха От запахов животных 300 мл"
"CALGON средство для смягчения воды 2-в-1 порошок 1,1 кг;ACE пятновыводитель Oxi Magic 200 г;LOSK стиральный порошок Горное Озеро ручная стирка 410 г";"LOSK стиральный порошок Горное Озеро ручная стирка 410 г";410370;"ЛИРА антистатик без запаха 200 мл;VERNEL кондиционер для белья Свежий Бриз 0,91 л;АНТИПЯТИН мыло-пятновыводитель для детских вещей 90 г"
"CAMAY антиперсперант аэрозольный French Romantique Алые Розы 150 мл;BELLA ежедневные прокладки Panty Soft Tilia 20 шт;Я САМАЯ влажные салфетки для интимной гигиены Organic 15 шт";"Я САМАЯ влажные салфетки для интимной гигиены Organic 15 шт";360110;"ALWAYS прокладки Ultra Sensitive Super Plus 16 шт;PAMPERS подгузники Sleep & Play 5 (11 - 18 кг) 58 шт;PAMPERS влажные салфетки Sensitive 4x56 шт"
"CAMAY гель для душа Магическое Заклинание 250 мл;HEAD & SHOULDERS бальзам-ополаскиватель Supreme Укрепление 275 мл;SHOCKWAVES набор лак для волос Seek'n'Shine 250 мл + лосьон для укладки";"SHOCKWAVES набор лак для волос Seek'n'Shine 250 мл + лосьон для укладки";520646;"MEN PERFECT тонирующий гель для мужчин Натуральный Темно-Каштановый 70;ПРЕЛЕСТЬ шампунь Укрепление и Защита 500 мл;HEAD & SHOULDERS шампунь Контроль над Жирностью для мужчин 200 мл"
"DOVE бальзам-ополаскиватель Прогрессивное Восстановление 250 мл;IKEEP! Мочалка для тела Роза;HEAD & SHOULDERS Шампунь 2 в 1 Ментол 400 мл";"HEAD & SHOULDERS Шампунь 2 в 1 Ментол 400 мл";330722;"FA пена для ванн Медовый Эликсир 500 мл;ПРИНЦЕССА Пена для ванн Волшебная 400 мл;AXE гель для душа Excite мужской 250 мл"
"DOVE крем-гель для душа Объятия нежности Сливочная Ваниль и Пион 250 мл;SYOSS крем-краска для волос Oleo Intense Шоколадный каштановый 4-18;COLOR EXPERT крем-краска для волос Холодный русый 8.1";"COLOR EXPERT крем-краска для волос Холодный русый 8.1";520176;"SYOSS спрей для волос Root Retoucher Тонирующий Каштановый 120 мл;PANTENE Бальзам-ополаскиватель Слияние с природой Очищение и Питание 200 мл;FRUCTIS шампунь SOS восстановление 250 мл"
"DOVE крем-гель для душа Фисташковый Крем и Магнолия 250 мл;SHAMTU бальзам-ополаскиватель Cвежесть Лаванды с экстрактом французской Лаванды 200 мл;SHOCKWAVES набор гель-спрей Instant Root Lift 150 мл + Воск для укладки";"SHOCKWAVES набор гель-спрей Instant Root Lift 150 мл + Воск для укладки";520642;"FRUCTIS шампунь Против перхоти 2 в 1 250 мл;LONDA крем-краска для волос стойкая Сладкий финик 14/5;ROYAL CANIN влажный корм Medium Adult (соус) для собак средних пород старше 12 месяцев 140 г"
"DOVE лосьон для тела Сияние лета 250 мл;Я САМАЯ средство для снятия лака Professional с помпой дозатором 150 мл;БАРХАТНЫЕ РУЧКИ крем для рук и ногтей Комплексный 80 мл";"БАРХАТНЫЕ РУЧКИ крем для рук и ногтей Комплексный 80 мл";540032;"DOVE лосьон для тела Кокосовое масло и Миндальное молочко Восстанавливающий 250 мл;LURE крем для ног Vitamins с мочевиной 75 мл;БАРХАТНЫЕ РУЧКИ крем-лосьон для рук и ногтей Прикосновение Нежности Питательный 160 мл"
"DOVE молочко для тела Увлажнение и Питание 250 мл;Я САМАЯ средство для снятия лака Professional с помпой дозатором 150 мл;БАРХАТНЫЕ РУЧКИ крем для рук Роскошь Макадамии 80 мл";"БАРХАТНЫЕ РУЧКИ крем для рук Роскошь Макадамии 80 мл";540042;"БАРХАТНЫЕ РУЧКИ крем для рук Питательный мини версия 20 мл;ЧИСТАЯ ЛИНИЯ гель-свежесть для ног Снятие Усталости мята медуница75 мл;GARNIER Крем для загара Ambre Solaire Малыш в Тени SPF 50+ 50 мл"
"DOVE Men гель для душа Care Экстра Свежесть для мужчин 250 мл;TAFT лак для волос Ultra Pure Без Запаха №4 Сверхсильная Фиксация 225 мл;SYOSS краска для волос Color Русый 7-6";"SYOSS краска для волос Color Русый 7-6";570110;"HEAD & SHOULDERS Шампунь Sports Fresh 600 мл;ПРЕЛЕСТЬ шампунь Укрепление и Защита 500 мл;SCHAUMA бальзам-ополаскиватель Push-Up Объем 200 мл"
"DR. SCHNELL чистящее средство Glasan для очистки стеклянных поверхностей 1 л;ЧИСТЮЛЯ пакеты для промышленного мусора 120 л 10 шт;ДОМИНГО салфетки целлюлозные абсорбирующие 3 шт";"ДОМИНГО салфетки целлюлозные абсорбирующие 3 шт";250072;"ДОМИНГО Перчатки с длинной манжетой Longa М;ЧИСТЮЛЯ ЛЕГКАЯ перчатки хозяйственные легкие прочные L;МИФ Средство для мытья посуды Лимонная свежесть 1 л"
"DREAMIES лакомство для кошек с говядиной 30 г;УЮТ игрушки для кошек Носок мягкий с погремушкой 10x8 см;ROYAL CANIN сухой корм для кошек Hair & Skin Care 10 кг";"ROYAL CANIN сухой корм для кошек Hair & Skin Care 10 кг";610199;"N1 наполнитель для кошачьего туалета Crystals 30 л;УЮТ средство для приучения к туалету Отучитель 250 мл;УЮТ игрушки для кошек Дразнилка Катушка сизаль 40 см"
"DREAMIES лакомство для кошек с лососем 60 г;БАРСИК поглотитель запаха и пятен для кошек 500 мл;УЮТ игрушки для кошек Катушка пластиковая, с погремушкой 7x4 см";"PERFECT FIT сухой корм Adult для взрослых кошек с курицей 190 г";610437;
"DREAMIES лакомство для кошек с лососем 60 г;FRESH STEP наполнитель для кошачьего туалета Extreme впитывающий 30 л;УЮТ игрушки для кошек Носок мягкий с погремушкой 10x8 см";"PERFECT FIT сухой корм Adult  для взрослых кошек с курицей 650 г";620566;
"DREAMIES лакомство для кошек с лососем 60 г;PI-PI-BENT наполнитель для кошачьего туалета Комкующийся 15 кг;ROYAL CANIN сухой корм для кошек Indoor Long Hair 2 кг";"ROYAL CANIN сухой корм для кошек Indoor Long Hair 2 кг";610214;"УЮТ игрушки для кошек Дразнилка Катушка сизаль 40 см;УЮТ игрушки для кошек Мяч-погремушка с цветной мышкой 4 см;УЮТ средство для приучения к туалету Отучитель 250 мл"
"DREAMIES лакомство для кошек с Сыром 140 г;УЮТ игрушки для кошек Орех мяч-погремушка прозрачный 4 см;ROYAL CANIN влажный корм для взрослых кошек Urinary Care (в соусе) 85 г";"ROYAL CANIN влажный корм для взрослых кошек Urinary Care (в соусе) 85 г";620549;"SYMPHONY очиститель воздуха От запахов животных 300 мл;УЮТ игрушки для кошек Носок мягкий с погремушкой 10x8 см;БАРСИК наполнитель для кошачьего туалета Натуральный древесный 4,54 л"
"DURACELL зарядное устройство CEF14 + аккумуляторы AA 1300 mAh 2 шт;DURACELL батарейки Basic AA 6 шт;DURACELL батарейки Basic AAA 4 шт";"DURACELL батарейки Basic AAA 4 шт";240056;"DURACELL батарейки Basic AA 2 шт;GAUSS лампа светодиодная Reflector R50 E14 6W 4100K;DURACELL зарядное устройство CEF14 + аккумуляторы AA 2400 мАч 4 шт"
"DURACELL зарядное устройство CEF20 + аккумуляторы AA 2650 mAh 2 шт;DURACELL батарейки UltraPower AA 4 шт;DURACELL батарейка CR2 3V для фотоаппаратов 1 шт";"DURACELL батарейка CR2 3V для фотоаппаратов 1 шт";240044;"GAUSS лампа светодиодная Elementary Globe 6W E27 4100K;DURACELL батарейки Basic AA 2 шт;DURACELL аккумуляторы AA 2500 mAh 4 шт"
"DURU гель для душа Окенский бриз 250 мл;ЧИСТАЯ ЛИНИЯ бальзам-ополаскиватель Березовый для всех типов волос 230 мл;HEAD & SHOULDERS шампунь Контроль над Жирностью для мужчин 200 мл";"HEAD & SHOULDERS шампунь Контроль над Жирностью для мужчин 200 мл";330760;"МИЛК пена для ванн Шоколадная Антистресс 400 мл;AURA губка для купания Губка Боб;JOHNSON'S Baby Гель-пена для купания 2 в 1 Веселые пузырьки 300 мл"
"DURU крем-гель для душа Морские минералы 250 мл;BEOLOGY бальзам Deep Sea Extract Увлажнение для сухих волос 400 мл;LOREAL крем-краска для волос Excellence 9 Очень светло-русый";"LOREAL крем-краска для волос Excellence 9 Очень светло-русый";570115;"GOT2B сухой шампунь Fresh it Up Объем Экстра-свежесть Легкий и Свежий 200 мл;ПРЕЛЕСТЬ шампунь Рост и Сила с Аргинином и экстрактом бамбука для всех типов волос 600 мл;ПРЕЛЕСТЬ лак для волос мегафиксация Защита 300 мл"
"ENERGIZER батарейки AA (LR6) 20 шт;DURACELL батарейки Basic AA 4 шт;ENERGIZER батарейки AA (LR6) 20 шт";"ENERGIZER батарейки AA (LR6) 20 шт";240074;"GAUSS лампа светодиодная Elementary Globe 6W E14 2700K;DURACELL зарядное устройство CEF20 + аккумуляторы AA 2650 mAh 2 шт;DURACELL зарядное устройство CEF14 + аккумуляторы AA 2400 мАч 4 шт"
"FA гель для душа Йогурт Ванильный Мед 250 мл;CAMAY мыло туалетное DeJour Искрящийся виноград 85 г;LOREAL крем-краска для волос Excellence 4.02 Пленительный каштан";"LOREAL крем-краска для волос Excellence 4.02 Пленительный каштан";570116;"MAD ABOUT WAVES спрей для волос Sea Blend Texturizing Spray Текстурирующий 200 мл;GLISS KUR экспресс-кондиционер Объем и Восстановление 200 мл;ПРЕЛЕСТЬ шампунь Кератинотерапия Expert Collection для любого типа волос 600 мл"
"FA гель для душа Тайна Масел Голубой Лотос 250 мл;PANTENE Шампунь Укрепление и Блеск 250 мл;WELLAFLEX набор лак для волос Объем 250 мл + муcc для укладки";"WELLAFLEX набор лак для волос Объем 250 мл + муcc для укладки";520786;"WELLATON крем-краска для волос стойкая Роза пустыни 9/5;GLISS KUR экспресс-кондиционер для волос Oil Nutritive 200 мл;DOVE Подарочный набор Объем и Восстановление шампунь 250 мл+бальзам-ополаскиватель 200 мл"
"FA пена для ванн Медовый Эликсир 500 мл;МОЯ ПРЕЛЕСТЬ пена для ванн Космическая слива цветная для детей 500 мл;PANTENE Бальзам-ополаскиватель Aqua Light 400 мл";"PANTENE Бальзам-ополаскиватель Aqua Light 400 мл";330022;"ELSEVE шампунь Фибрология 250 мл;FA гель для душа Йогурт Ванильный Мед 250 мл;IKEEP! губка для тела Cubi"
"FA пена для ванн Медовый Эликсир 500 мл;PANTENE Шампунь Oil Therapy 250 мл;FA гель для душа Тайна Масел Розовый жасмин 250 мл";"FA гель для душа Тайна Масел Розовый жасмин 250 мл";330274;"IKEEP! Мочалка для тела Сфера;ELSEVE бальзам Сила Аргинина x3 200 мл;МОЕ СОЛНЫШКО Пенка для купания Медовая дыня 200 мл"
"FA пена для ванн Тайна Масел Розовый Жасмин 500 мл;LINDA PROFESSIONAL гель-флюид для душа Vitamix коллагеновый 300 мл;HEAD & SHOULDERS шампунь Яблочная свежесть 200 мл";"HEAD & SHOULDERS шампунь Яблочная свежесть 200 мл";330745;"IKEEP! губка для тела Cubi;ЧИСТАЯ ЛИНИЯ бальзам-ополаскиватель Шелковистый Блеск клевер для окрашенных волос 230 мл;ПРИНЦЕССА Пена для ванн Волшебная 400 мл"
"FA туалетное мыло Йогурт для Чувствительной Кожи 90 г;FRUCTIS шампунь Густые и роскошные 400 мл;SHOCKWAVES набор мусс для укладки Curls/Waves 200 мл + Воск для укладки";"SHOCKWAVES набор мусс для укладки Curls/Waves 200 мл + Воск для укладки";520648;"PALETTE крем-краска для волос Фитолиния Пепельный блондин 218;PRO SERIES бальзам-ополаскиватель Яркий Цвет 500 мл;CAMAY гель для душа Вечная Любовь 230 мл"
"FA Kids гель для душа Отважный Пират для мальчиков 250 мл;МОЯ ПРЕЛЕСТЬ гель-пенка для купания 2 в 1 Капитан Банан 500 мл;HEAD & SHOULDERS Шампунь 2 в 1 Основной уход 400 мл";"HEAD & SHOULDERS Шампунь 2 в 1 Основной уход 400 мл";330731;"FA гель для душа Греческий Йогурт Миндаль 750 мл;GLISS KUR экспресс-кондиционер Магическое Укрепление 200 мл;IKEEP! Мочалка для тела Сфера"
"FA Kids гель для душа Отважный Пират для мальчиков 250 мл;IKEEP! Мочалка для тела Роза;HEAD & SHOULDERS бальзам-ополаскиватель Supreme Укрепление 275 мл";"HEAD & SHOULDERS бальзам-ополаскиватель Supreme Укрепление 275 мл";330078;"FRESHLIGHT гель для душа с экстрактом цветка Пиона для девочек 300 мл;ORGANIC BEAUTY пена для ванн Релаксирующая Лаванда и Мелисса 1000 мл;FRUCTIS шампунь Рост во всю силу 400 мл"
"FIVE PLUS парфюмированная вода для утюгов 1 л;ЛИРА Антистатик нейтральный запах 150 мл;LOSK стиральный порошок Горное Озеро ручная стирка 410 г";"LOSK стиральный порошок Горное Озеро ручная стирка 410 г";410370;"TIDE стиральный порошок Детский автомат 4,5 кг;VERNEL кондиционер для белья Ароматерапия черная орхидея & масло пачули 0,91 л;ACE Отбеливатель жидкий  Бережное отбеливание 1 л"
"FIVE PLUS парфюмированная вода для утюгов 1 л;ARIEL cтиральный порошок Горный родник автомат 12 кг;VERNEL кондиционер для белья Ароматерапия белый пион & масло хлопка 1,8 л";"VERNEL кондиционер для белья Ароматерапия белый пион & масло хлопка 1,8 л";460333;"PERSIL стиральный порошок Color автомат 3 кг;ARIEL стиральный порошок Color автомат 4,5 кг;СПЕКТР отбеливатель Белизна 1 л"
"FIVE PLUS парфюмированная вода для утюгов 1 л;BAGI Антистатик спрей 200 мл;TIDE стиральный порошок Color автомат 4 кг";"TIDE стиральный порошок Color автомат 4 кг";460353;"MEINE LIEBE концентрированный кондиционер для белья Детский 500 мл;ЧИСТИН отбеливатель жидкий Омега без хлора 950 мл;LENOR концентрированный кондиционер для белья Скандинавская весна 0,5 л"
"FIVE PLUS парфюмированная вода для утюгов 1 л;BIO MIO стиральный порошок Bio-White автомат 1,5 кг;TIDE Гель для стирки Альпийская свежесть 1,95 л";"TIDE Гель для стирки Альпийская свежесть 1,95 л";410474;"LENOR концентрированный кондиционер для белья Альпийские луга 0,5 л;ЛИРА Антистатик нейтральный запах 150 мл;АИСТ отбеливатель Бос-Плюс maximum 600 г"
"FIVE PLUS парфюмированная вода для утюгов 1 л;SUPRIM отбеливатель 500 г;PERSIL стиральный порошок Лаванда автомат 3 кг";"PERSIL стиральный порошок Лаванда автомат 3 кг";410432;"ЛИРА антистатик нейтральный запах 200 мл;SYNERGETIC кондиционер для белья Миндальное Молочко 1 л;MEINE LIEBE  карандаш-пятновыводитель  для детского белья 35 г"
"FRESH STEP наполнитель для кошачьего туалета Extreme впитывающий 12 л;УЮТ игрушки для кошек Орех мяч-погремушка прозрачный 4 см;ROYAL CANIN сухой корм для кошек Indoor 4 кг";"ROYAL CANIN сухой корм для кошек Indoor 4 кг";610549;"УЮТ игрушки для кошек Дразнилка Перья фиолетово-синие 40 см;УЮТ средство для приучения к туалету Приучитель 250 мл;DREAMIES лакомство для кошек с курицей 140 г"
"FRUCTIS шампунь Тройное восстановление 400 мл;LUMINANCE COLOR крем-краска для волос Шампань блонд 9.5;SHOCKWAVES набор гель-спрей Sea Salt Texture 150 мл + формирующая паста";"SHOCKWAVES набор гель-спрей Sea Salt Texture 150 мл + формирующая паста";520644;"PRO SERIES бальзам-ополаскиватель Объем Надолго 500 мл;ПРЕЛЕСТЬ сухой шампунь Extra Fresh 200 мл;BARNANGEN гель для душа Sensitive 400 мл"
"FRUCTIS шампунь Тройное восстановление 400 мл;TAFT лак для волос Power Экспресс-Укладка №5 Мегафиксация 225 мл;COLOR EXPERT крем-краска для волос Бежевый светло-каштановый 6.05";"COLOR EXPERT крем-краска для волос Бежевый светло-каштановый 6.05";520171;"SCHAUMA бальзам-ополаскиватель Кокосовая вода и Цветок Лотоса 200 мл;AURA Гель для душа увлажняющий Морские Минералы 260 мл;FRUCTIS шампунь Сила и блеск 2 в 1 400 мл"
"GARDEN Kids Детский стиральный порошок с ионами серебра, без отдушки 1,4 кг;KABRITA каша на козьем молочке Рисовая с 4 месяцев 180 г;HELEN HARPER подгузники Soft & Dry 5 (15 - 25 кг) 44 шт";"HELEN HARPER подгузники Soft & Dry 5 (15 - 25 кг) 44 шт";710372;"ЛАПОЧКА крем-гель для купания 300 мл;ГАДКИЙ Я гель для душа Банан 250 мл;PAMPERS пеленки впитывающие Bed Mats 80x90 7 шт"
"GARNIER крем-краска для волос Color Naturals натуральный блонд 9.132;PRO SERIES бальзам-ополаскиватель Бесконечность Цвета 500 мл;LOREAL крем-краска для волос Excellence 6.32 Золотистый темно-русый";"LOREAL крем-краска для волос Excellence 6.32 Золотистый темно-русый";520338;"МАЛЕНЬКАЯ ФЕЯ гель для душа Happy Moments Фруктовая Сказка 240 мл;TAFT спрей для укладки волос Густые и Пышные Сверхсильная Фиксация 150 мл;FRUCTIS шампунь Тройное восстановление 400 мл"
"GARNIER молочко для тела с маслом Манго 250 мл;Я САМАЯ средство для снятия лака Professional с помпой дозатором 150 мл;БАРХАТНЫЕ РУЧКИ крем для рук и ногтей Комплексный 80 мл";"БАРХАТНЫЕ РУЧКИ крем для рук и ногтей Комплексный 80 мл";540032;"MEDLEX кожный антисептик Бетасептин без спирта 100 мл;СТО РЕЦЕПТОВ КРАСОТЫ гель для ног Венотон 70 мл;СТО РЕЦЕПТОВ КРАСОТЫ крем для ног Смягчающий с тыквой 80 мл"
"GARNIER шампунь Botanic Therapy Касторовое Масло и Миндаль 250 мл;SHAMTU бальзам-ополаскиватель Защита цвета и Блеск с экстрактом хны 200 мл;DOVE крем-гель для душа Драгоценные Масла 250 мл";"DOVE крем-гель для душа Драгоценные Масла 250 мл";330238;"JOHNSON'S Baby Гель-пена для купания 2 в 1 Веселые пузырьки 300 мл;IKEEP! губка для тела Talia;FA пена для ванн Тайна Масел Розовый Жасмин 500 мл"
"GAUSS лампа светодиодная Elementary A60 7W E27 4100K;DURACELL зарядное устройство CEF14 + аккумуляторы AA 2400 мАч 4 шт;DURACELL батарейка 28L 6V 1 шт";"DURACELL батарейка 28L 6V 1 шт";240040;"DURACELL батарейки Basic AAA 2 шт;DURACELL батарейки Basic C 2 шт;DURACELL аккумуляторы AA 1300 mAh 2 шт"
"GILLETTE Пена для бритья Sensitive Skin 200 мл;GILLETTE пена для бритья Lemon Lime 200 мл;LOREAL лосьон после бритья Гидра Сенситив 100 мл";"LOREAL лосьон после бритья Гидра Сенситив 100 мл";320122;"DEONICA сменные кассеты для бритья FOR WOMEN 3 лезвия 2 шт;ORAL-B Зубная щетка Комплекс Глубокая чистка  мягкая;ВЕСНА зубная паста Семейная Тотал 100 г"
"GLISS KUR бальзам-ополаскиватель Реновация волос 200 мл;LONDA крем-краска для волос стойкая Бежевый блондин 38;TAFT лак для волос Ultra №4 Сверхсильная Фиксация 75 мл";"TAFT лак для волос Ultra №4 Сверхсильная Фиксация 75 мл";520711;"AQUA FRUIT Гель для душа Soft 420 мл;HEAD & SHOULDERS Шампунь Густые и крепкие 400 мл;INDOLA шампунь Silver для светлых волос 1,5 л"
"GLISS KUR бальзам-ополаскиватель Экстремальное Восстановление 400 мл;МОИ КУДРЯШКИ Шампунь С карамелькой 250 гр;SYOSS краска для волос Color Жемчужный Блонд 9-5";"SYOSS краска для волос Color Жемчужный Блонд 9-5";570184;"ПРЕЛЕСТЬ лак для волос экстремальной фиксации Ultra Power 300 мл;FA Men гель для душа Охлаждение Экстрим мужской 250 мл;SCHAUMA бальзам-ополаскиватель 6 Уровней Восстановления 200 мл"
"HEAD & SHOULDERS бальзам-ополаскиватель Supreme Восстановление 275 мл;DOVE крем-гель для душа Объятия нежности Сливочная Ваниль и Пион 250 мл;ПРЕЛЕСТЬ шампунь Интенсивное питание для окрашенных волос 600 мл";"ПРЕЛЕСТЬ шампунь Интенсивное питание для окрашенных волос 600 мл";520870;"FA Kids гель для душа Русалочка для девочек 250 мл;ПРИНЦЕССА Пена для ванн Волшебная 400 мл;AURA губка для купания Губка Боб"
"HEAD & SHOULDERS Шампунь 2 в 1 Гладкие и шелковистые 400 мл;TAFT лак для волос Power Укрепление №5 Мегафиксация 225 мл;SYOSS краска для волос Color Перламутровый блонд 10-1";"SYOSS краска для волос Color Перламутровый блонд 10-1";570111;"DOVE кондиционер для волос Advanced Hair Series Легкость кислорода 250 мл;PALETTE крем-краска для волос Фитолиния Золотистый каштан 750;LINDA PROFESSIONAL гель-бустер для душа Thermal Spa антиоксидантный  300 мл"
"HEAD & SHOULDERS Шампунь Густые и крепкие 600 мл;ЧИСТАЯ ЛИНИЯ пенка для укладки волос Объем от корней 150 мл;LOREAL крем-краска для волос Excellence 5.02 Обольстительный каштан";"LOREAL крем-краска для волос Excellence 5.02 Обольстительный каштан";570117;"ELSEVE бальзам Фибрология 200 мл;SCHWARZKOPF краска для волос Igora Royal Highlifts 12-19 Специальный блондин сандрэ фиолетовый 60 мл;BARNANGEN гель для душа Midsommar Glow 400 мл"
"HEAD & SHOULDERS Шампунь Питательный уход 400 мл;WELLAFLEX мусс для волос экстрасильной фиксации 200 мл;LOREAL крем-краска для волос Excellence 7.1 Русый пепельный";"LOREAL крем-краска для волос Excellence 7.1 Русый пепельный";520341;"СОЛНЦЕ И ЛУНА средство для купания 2-в-1 Супермен для мальчиков 200 мл;PANTENE Бальзам-ополаскиватель Aqua Light 200 мл;ПРЕЛЕСТЬ лак для укладки волос Сильная Фиксация 160 мл"
"HEAD & SHOULDERS Шампунь Против выпадения волос женский 200 мл;IKEEP! губка для тела Talia;FA гель для душа Тайна Масел Розовый Жасмин 250 мл";"FA гель для душа Тайна Масел Розовый Жасмин 250 мл";330274;"SCHAUMA бальзам-ополаскиватель Push-Up Объем 200 мл;BIONI пена детская Мягкая для купания перед сном 250 мл;FA пена для ванн Медовый Эликсир 500 мл"
"HELEN HARPER Детские впитывающие пеленки Baby 60х90 10 шт;МОЯ ПРЕЛЕСТЬ пена для ванн Космическая слива цветная для детей 500 мл;PAMPERS подгузники-трусики 5 (12 - 18 кг) 15 шт";"PAMPERS подгузники-трусики 5 (12 - 18 кг) 15 шт";710330;"СПАЙДЕР-МЕН гель-пена для ванной 2-в-1 Double Effect 400 мл;KABRITA молочная смесь Gold 2 с шести месяцев 800 г;LENOR концентрированный кондиционер для белья Детский 1 л"
"HELEN HARPER Детские впитывающие пеленки Baby 60x60 5 шт;BIONI молочко детское Увлажняющее с д-пантенолом 250 мл;PAMPERS подгузники New Baby 2 (3 - 6 кг) 144 шт";"PAMPERS подгузники New Baby 2 (3 - 6 кг) 144 шт";710167;"KABRITA молочная смесь Gold 1 с рождения 400 г;MEINE LIEBE концентрированный гель для стирки цветного белья 750 мл;ГАДКИЙ Я гель для душа Банан 250 мл"
"HELEN HARPER Детские впитывающие пеленки Soft & Dry 40х60 30 шт;ЛАПОЧКА средство для купания От Макушки до Пяток детское 300 мл;СОЛНЦЕ И ЛУНА подгузники для детей Мягкая Забота 3 (4-9 кг) 16 шт";"СОЛНЦЕ И ЛУНА подгузники для детей Мягкая Забота 3 (4-9 кг) 16 шт";710208;"МАЛЮТКА молочная смесь 1 с рождения 600 г;Я РОДИЛСЯ стиральный порошок детский Color автомат 4 кг;ГОНКИ Детский гель для душа 300 мл"
"IKEEP! губка для тела Cubi;МИЛК пена для ванн Шоколадная SPA-уход 400 мл;HEAD & SHOULDERS бальзам-ополаскиватель Supreme Восстановление 275 мл";"HEAD & SHOULDERS бальзам-ополаскиватель Supreme Восстановление 275 мл";330076;"DOVE крем-гель для душа Фисташковый Крем и Магнолия 250 мл;МОЯ ПРЕЛЕСТЬ шампунь-гель 2в1 Персиковый нектар для детей 500 мл;СОЛНЦЕ И ЛУНА средство для купания 2-в-1 Супермен для мальчиков 200 мл"
"IKEEP! губка для тела Talia;FA гель для душа Летние Моменты 250 мл;HEAD & SHOULDERS Шампунь Sports Fresh 600 мл";"HEAD & SHOULDERS Шампунь Sports Fresh 600 мл";330708;"PANTENE бальзам-ополаскиватель 3 Minute Miracle Густые и Крепкие 200 мл;МОЯ ПРЕЛЕСТЬ гель-пенка для купания 2 в 1 Капитан Банан 500 мл;FA Kids гель для душа Отважный Пират для мальчиков 250 мл"
"IKEEP! губка для тела Talia;FA пена для ванн Медовый Эликсир 500 мл;ГАДКИЙ Я шампунь Банан 250 мл";"ГАДКИЙ Я шампунь Банан 250 мл";330603;"LINDA PROFESSIONAL масло для душа Argan Oil смываемое 300 мл;ЧИСТАЯ ЛИНИЯ бальзам-ополаскиватель Питание и Уход SOS-эффект 230 мл;МОЯ ПРЕЛЕСТЬ пена для ванн Космическая слива цветная для детей 500 мл"
"IKEEP! Мочалка для тела Роза;FRUCTIS шампунь SOS восстановление 250 мл;DOVE бальзам-ополаскиватель Hair Therapy Против Секущихся Кончиков 200 мл";"DOVE бальзам-ополаскиватель Hair Therapy Против Секущихся Кончиков 200 мл";330043;"МИЛК пена для ванн Шоколадная Антистресс 400 мл;DOVE Men гель для душа Care Интенсивное Увлажнение для мужчин 250 мл;ПРИНЦЕССА Пена для ванн Волшебная 400 мл"
"IKEEP! Мочалка для тела Сфера;ORGANIC BEAUTY гель для душа Освежающий Бамбук и зеленый чай 1000 мл;HEAD & SHOULDERS шампунь Supreme Увлажнение 300 мл";"HEAD & SHOULDERS шампунь Supreme Увлажнение 300 мл";330763;"NATURA SIBERICA пена для ванн Кедровое SPA антистресс 550 мл;ЧИСТАЯ ЛИНИЯ бальзам-ополаскиватель Против Выпадения конский каштан 230 мл;ГАДКИЙ Я гель для душа Тропический микс 250 мл"
"INDOLA гель для укладки Texture Moulding Gel 150 мл;WELLATON крем-краска для волос стойкая Красный колорадо 8/45;LOREAL cтойкая краска для волос Casting Creme Gloss 503 Шоколадная глазурь";"LOREAL cтойкая краска для волос Casting Creme Gloss 503 Шоколадная глазурь";570202;"FA гель для душа Тайна Масел Розовый жасмин 250 мл;AUSSIE Бальзам-ополаскиватель Mega Instant 250 мл;ELSEVE шампунь Эксперт цвета 250 мл"
"JOHNSON'S Baby Гель-пена для купания 2 в 1 Веселые пузырьки 300 мл;BIONI молочко детское Увлажняющее с д-пантенолом 250 мл;HELEN HARPER подгузники Soft & Dry 5 (11 - 25 кг) 60 шт";"HELEN HARPER подгузники Soft & Dry 5 (11 - 25 кг) 60 шт";710408;"LIBERO пеленки одноразовые 50x70 6 шт;NAN молочная смесь Optipro 1 с рождения 400 г;GARDEN ECOкондиционер для детского белья Kids ромашка 1 л"
"JOHNSON'S Baby Пена для купания Перед сном 300 мл;ORGANIC BEAUTY пена для ванн Релаксирующая Лаванда и Мелисса 1000 мл;ПРЕЛЕСТЬ шампунь Кератинотерапия Expert Collection для любого типа волос 600 мл";"ПРЕЛЕСТЬ шампунь Кератинотерапия Expert Collection для любого типа волос 600 мл";520872;"ПРЕЛЕСТЬ бальзам-ополаскиватель Интенсивное питание для окрашенных или ломких волос 400 мл;IKEEP! Мочалка для тела Сфера;LINDA PROFESSIONAL масло для душа Argan Oil смываемое 300 мл"
"JOHNSON'S Baby Шампунь 300 мл;DOVE крем-гель для душа Легкость Кислорода 250 мл;SYOSS краска для волос Color Черный 1-1";"SYOSS краска для волос Color Черный 1-1";520475;"SHOCKWAVES воск для укладки волос Surfer Gum 75 мл;LOREAL краска для волос Preference 6.21 Риволи;SYOSS бальзам-ополаскиватель Anti-Hair Fall для тонких волос 500 мл"
"JOHNSON'S Baby Шампунь 500 мл;FA Kids гель для душа Храбрый Пират для мальчиков 250 мл;SCHAUMA бальзам-ополаскиватель 7 Трав Свежесть и объем 200 мл";"SCHAUMA бальзам-ополаскиватель 7 Трав Свежесть и объем 200 мл";330139;"ПРИНЦЕССА Пена для ванн Волшебная 400 мл;DOVE бальзам-ополаскиватель Hair Therapy Блеск и Питание 200 мл;IKEEP! губка для тела Talia"
"KABRITA молочная смесь Gold 1 с рождения 400 г;BIONI молочко детское Увлажняющее с д-пантенолом 250 мл;HELEN HARPER подгузники Baby 4 (7 - 14 кг) 15 шт";"HELEN HARPER подгузники Baby 4 (7 - 14 кг) 15 шт";710262;"JOHNSON'S Baby Пена для купания Перед сном 300 мл;SYNERGETIC кондиционер для белья гипоаллергенный 5 л;HELEN HARPER пеленки впитывающие Soft & Dry 60x90 30 шт"
"KABRITA молочная смесь Gold 1 с рождения 400 г;HELEN HARPER Детские впитывающие пеленки Soft & Dry 40х60 5 шт;HELEN HARPER трусики-подгузники Soft&Dry XL 6 (18+ кг) 44 шт";"HELEN HARPER трусики-подгузники Soft&Dry XL 6 (18+ кг) 44 шт";710406;"BIONI пена детская Мягкая для купания перед сном 250 мл;МОЕ СОЛНЫШКО пенка для купания С чередой 200 мл;LENOR Концентрированный кондиционер для белья Детский 2 л"
"KABRITA молочная смесь Gold 3 с двенадцати месяцев 400 г;МАЛЕНЬКАЯ ФЕЯ гель для душа Happy Moments Фруктовая Сказка 240 мл;HELEN HARPER детские подгузники Soft & Dry Midi (4-9кг) 80 шт";"HELEN HARPER детские подгузники Soft & Dry Midi (4-9кг) 80 шт";710438;"LENOR концентрированный кондиционер для белья Детский 2 л;HELEN HARPER Детские впитывающие пеленки Soft & Dry 60x60 30 шт;BIONI пена детская Мягкая для купания перед сном 250 мл"
"LENOR Концентрированный кондиционер для белья Миндальное Масло, для чувствительной кожи 2 л;HELEN HARPER Детские впитывающие пеленки Soft & Dry 60x60 30 шт;PAMPERS подгузники Active Baby 4+ (9 - 16 кг) 18 шт";"PAMPERS подгузники Active Baby 4+ (9 - 16 кг) 18 шт";710317;"NAN молочная смесь Optipro 1 с рождения 400 г;МОЕ СОЛНЫШКО пенка для купания С чередой 200 мл;JOHNSON'S Baby Пена для купания Перед сном 300 мл"
"LIBERO подгузники-трусики Up & Go 6 (13 - 20 кг) 62 шт;ЧИСТЮЛЯ Baby губки Натуральные для детской посуды 2 шт;Я РОДИЛСЯ стиральный порошок детский для белого белья автомат 4 кг";"Я РОДИЛСЯ стиральный порошок детский для белого белья автомат 4 кг";740034;"PAMPERS подгузники Active Baby 5 (11 - 16 кг) 60 шт;HELEN HARPER подгузники Baby 2 (3 - 6 кг) 78 шт;PAMPERS влажные салфетки Sensitive 4x56 шт"
"LONDA крем-краска для волос стойкая Бургундский 55;ТОНИКА оттеночный бальзам Аметист 9.01;GOT2B спрей для укладки волос Легкое расчесывание 200 мл";"GOT2B спрей для укладки волос Легкое расчесывание 200 мл";520575;"МОЯ ПРЕЛЕСТЬ шампунь Фруктовая радуга для детей без слез 250 мл;DOVE Men гель для душа Care Интенсивное Увлажнение для мужчин 250 мл;PANTENE бальзам-ополаскиватель Мицеллярное Очищение и Питание 200 мл"
"LONDA крем-краска для волос стойкая Водяная лилия 12/9;МИЛК пена для ванн Шоколадная SPA-уход 400 мл;TAFT лак для волос Ultra №4 Сверхсильная Фиксация 225 мл";"TAFT лак для волос Ultra №4 Сверхсильная Фиксация 225 мл";520709;"HEAD & SHOULDERS Шампунь Густые и крепкие 200 мл;PRO SERIES бальзам-ополаскиватель Гладкие и Шелковистые 500 мл;DOVE крем-гель для душа Изысканное Преображение 250 мл"
"LOREAL Гель для бритья Ледяной Эффект 200 мл;REACH Зубная щетка Control жесткая;LOREAL лосьон после бритья Гидра Сенситив 100 мл";"LOREAL лосьон после бритья Гидра Сенситив 100 мл";320122;"ВЕСНА зубная паста Фтородент 100 мл;GILLETTE станок для бритья MACH3 с 1 сменной кассетой;DEONICA гель для бритья For Men Perfectly Smooth Shave для чувствительной кожи 200 мл"
"LOREAL крем Возраст Эксперт 45+ вокруг глаз 50 мл;БАРХАТНЫЕ РУЧКИ крем-лосьон для рук и ногтей Прикосновение Нежности Питательный 160 мл;FARMSTAY многофункциональная сыворотка Honey с медом 250 мл";"FARMSTAY многофункциональная сыворотка Honey с медом 250 мл";530314;"DIADEMINE лосьон для снятия макияжа с глаз Базовое очищение Уход за ресницами 125 мл;NIVEA молочко для тела Ванильный Десерт 200 мл;NIVEA черная пенка для умывания Make-up Expert для жирной кожи 100 мл"
"LOVULAR подгузники Hot Wind XS (2-5кг) 22 шт;PAMPERS подгузники-трусики 5 (12 - 18 кг) 48 шт;Я РОДИЛСЯ стиральный порошок детский для белого белья автомат 0,4 кг";"Я РОДИЛСЯ стиральный порошок детский для белого белья автомат 0,4 кг";790177;"GREEN LOVE средство для мытья детской посуды 500 мл;HELEN HARPER трусики-подгузники Soft&Dry Pants Maxi 4 (8-13 кг) 72 шт;СОЛНЦЕ И ЛУНА подгузники Нежное Прикосновение 2 (3 - 6 кг) 16 шт"
"LUMINANCE COLOR крем-краска для волос Карамельный блонд 9.55;BLONDME кондиционер Keratin Restore бондинг-кондиционер кератиновое восстановление для волос блонд 200 мл;WELLAFLEX набор лак для волос суперсильной фиксации 250 мл + спрей для горячей укладки 150 мл";"WELLAFLEX набор лак для волос суперсильной фиксации 250 мл + спрей для горячей укладки 150 мл";520788;"LOREAL cтойкая краска для волос Casting Creme Gloss 680 Шоколадный Мокко;HEAD & SHOULDERS шампунь Контроль над Жирностью для мужчин 200 мл;CAMAY гель для душа Тайное Блаженство 250 мл"
"MEINE LIEBE  карандаш-пятновыводитель  для детского белья 35 г;ЛИРА антистатик нейтральный запах 200 мл;TIDE  Гель для стирки в капсулах Альпийская свежесть 15 шт";"TIDE  Гель для стирки в капсулах Альпийская свежесть 15 шт";410482;"VERNEL кондиционер для белья Свежесть Прованса 1,8 л;FIVE PLUS парфюмированная вода для утюгов 1 л;АНТИПЯТИН мыло-пятновыводитель от экстра-сложных пятен 90 г"
"N1 наполнитель для кошачьего туалета Crystals 12,5 л;DREAMIES лакомство для кошек с говядиной 60 г;ROYAL CANIN влажный корм Kitten (паштет) для котят возрастом до 12 месяцев 85 г";"ROYAL CANIN влажный корм Kitten (паштет) для котят возрастом до 12 месяцев 85 г";620557;"УЮТ игрушки для кошек Дразнилка Перья зелено-оранжевые 40 см;УЮТ игрушки для кошек Дразнилка Катушка сизаль 40 см;БАРСИК поглотитель запаха и пятен для кошек 500 мл"
"N1 наполнитель для кошачьего туалета Crystals лаванда 5 л;УЮТ игрушки для кошек Орех мяч-погремушка прозрачный 4 см;ROYAL CANIN VET DIET влажный корм Renal c курицей для кошек с хронической почечной недостаточностью 85 г";"ROYAL CANIN VET DIET влажный корм Renal c курицей для кошек с хронической почечной недостаточностью 85 г";620546;"УЮТ игрушки для кошек Дразнилка Перья зелено-оранжевые 40 см;DREAMIES лакомство для кошек с уткой 60 г;SYMPHONY очиститель воздуха От запахов животных 300 мл"
"N1 наполнитель для кошачьего туалета Crystals лаванда 5 л;DREAMIES лакомство для кошек с уткой 60 г;ROYAL CANIN влажный корм Kitten Sterilised (в желе) для стерилизованных котят от 6 до 12 месяцев 85 г";"ROYAL CANIN влажный корм Kitten Sterilised (в желе) для стерилизованных котят от 6 до 12 месяцев 85 г";620558;"УЮТ игрушки для кошек Дразнилка Катушка сизаль 40 см;БАРСИК поглотитель запаха и пятен для кошек 500 мл;УЮТ игрушки для кошек Орех мяч-погремушка прозрачный 4 см"
"N1 наполнитель для кошачьего туалета Naturel Кукурузный комкующийся 4,5 л;VORTEX нейтрализатор запаха Block свежесть 500 мл;УЮТ игрушки для кошек Дразнилка Перья зелено-оранжевые 40 см";"УЮТ игрушки для кошек Дразнилка Перья зелено-оранжевые 40 см";610014;"УЮТ игрушки для кошек Дразнилка Катушка сизаль 40 см;УЮТ игрушки для кошек Дразнилка Перья фиолетово-синие 40 см;WHISKAS лакомство для кошек Duo Treats c индейкой и сыром 40 г"
"NAN молочная смесь Optipro 2 с шести месяцев 400 г;FA Kids гель для душа Отважный Пират для мальчиков 250 мл;PAMPERS подгузники-трусики Pants 3 (6 - 11 кг) 19 шт";"PAMPERS подгузники-трусики Pants 3 (6 - 11 кг) 19 шт";710331;"ЛАПОЧКА средство для купания От Макушки до Пяток детское 300 мл;VERNEL кондиционер для белья Детский 1,8 л;PAMPERS пеленки впитывающие Bed Mats 80x90 7 шт"
"NAN молочная смесь Optipro 2 с шести месяцев 400 г;PAMPERS пеленки впитывающие Bed Mats 80x90 7 шт;PAMPERS подгузники Sleep & Play 3 (4 - 9 кг) 100 шт";"PAMPERS подгузники Sleep & Play 3 (4 - 9 кг) 100 шт";710171;"МОЯ ПРЕЛЕСТЬ пена для ванн Космическая слива цветная для детей 500 мл;SYNERGETIC кондиционер для белья гипоаллергенный 5 л;МОЕ СОЛНЫШКО Пенка для купания Медовая дыня 200 мл"
"NATURA SIBERICA бальзам для окрашенных волос защита и блеск 500 мл;ELSEVE шампунь Фибрология 400 мл;LOREAL Тонирующий спрей для корней волос Magic Retouch Темно-каштановый";"LOREAL Тонирующий спрей для корней волос Magic Retouch Темно-каштановый";570196;"WELLATON крем-краска для волос стойкая Каштан 5/4;WELLAFLEX мусс для укладки волос Контроль над Непослушными Волосами экстра-сильной фиксации 200 мл;CAMAY гель для душа Secret Bliss Тайное блаженство 250 мл"
"NATURA SIBERICA пена для ванн Кедровое SPA антистресс 550 мл;IKEEP! губка для тела Cubi;INDOLA шампунь Kera Restore для поврежденных волос 1 л";"INDOLA шампунь Kera Restore для поврежденных волос 1 л";330775;"HEAD & SHOULDERS бальзам-ополаскиватель Supreme Увлажнение 275 мл;ГАДКИЙ Я гель для душа Тропический микс 250 мл;CAMAY гель для душа Dejour 250 мл"
"NATURA SIBERICA пена для ванн Кедровое SPA антистресс 550 мл;JOHNSON'S Baby Пена для купания Перед сном 300 мл;BLONDME шампунь Tone Enhancing Бондинг-шампунь для поддержания холодных оттенков блонд 1000 мл";"BLONDME шампунь Tone Enhancing Бондинг-шампунь для поддержания холодных оттенков блонд 1000 мл";560155;"IKEEP! губка для тела Talia;PANTENE бальзам-ополаскиватель 3 Minute Miracle Густые и Крепкие 200 мл;DOVE крем-гель для душа Объятия нежности Фисташковый Крем и Магнолия 250 мл"
"OIL ULTIME бальзам Argan and barbary fig кондиционер для волос 200 мл;IKEEP! Мочалка для тела Сфера;ПРЕЛЕСТЬ шампунь Укрепление и Защита с экстрактом Крапивы для всех типов волос 250 мл";"ПРЕЛЕСТЬ шампунь Укрепление и Защита с экстрактом Крапивы для всех типов волос 250 мл";520882;"ЛАПОЧКА средство для купания От Макушки до Пяток детское 300 мл;ЧИСТАЯ ЛИНИЯ гель для душа массажный 250 мл;FA пена для ванн Тайна Масел Розовый Жасмин 500 мл"
"OLD SPICE Гель для душа Whitewater 400 мл;SHOCKWAVES гель для волос Extra Strong Wet Look 200 мл;LOREAL крем-краска для волос Excellence 6.46 Благородный красный";"LOREAL крем-краска для волос Excellence 6.46 Благородный красный";520340;"PANTENE бальзам-ополаскиватель 3 Minute Miracle Густые и Крепкие 200 мл;ОСЕННИЙ ВАЛЬС мыло туалетное Облепиха 75 г;FRUCTIS шампунь Тройное восстановление 400 мл"
"ORAL-B Электрическая зубная щетка Professional Care 500/D16;ORAL-B Зубная щетка Stages 1 (до 2 лет);ЛЕСНОЙ БАЛЬЗАМ ополаскиватель для полости рта Бальзам Форте 400 мл";"ЛЕСНОЙ БАЛЬЗАМ ополаскиватель для полости рта Бальзам Форте 400 мл";310246;"ORAL-B зубная щетка Neon Fresh мягкая 2 шт;QUALITA Зубочистки бамбуковые 200 шт;R.O.C.S. зубная паста Kids Фруктовый рожок от 3-7 лет 45 г"
"ORGANIC BEAUTY Гель для душа Шиповник и персиковое масло 1000 мл;SCHAUMA бальзам-ополаскиватель 6 Уровней Восстановления 200 мл;PALETTE крем-краска для волос Фитолиния Пленительный медный 270";"PALETTE крем-краска для волос Фитолиния Пленительный медный 270";520380;"DOVE крем-гель для душа Глубокое Питание и Увлажнение 250 мл;WELLAFLEX гель для волос Power Hold экстремальной фиксации 150 мл;JOHNSON'S Baby шампунь Блестящие локоны 300 мл"
"ORGANIC BEAUTY пена для ванн Релаксирующая Лаванда и Мелисса 1000 мл;BARNANGEN гель для душа Midsommar Glow 400 мл;ЧИСТАЯ ЛИНИЯ бальзам-ополаскиватель Укрепляющий крапива для всех типов волос 380 мл";"ЧИСТАЯ ЛИНИЯ бальзам-ополаскиватель Укрепляющий крапива для всех типов волос 380 мл";520033;"BIONI молочко детское Увлажняющее с д-пантенолом 250 мл;IKEEP! Мочалка для тела Роза;AUSSIE Шампунь Repair Miracle 300 мл"
"ORGANIC BEAUTY пена для ванн Релаксирующая Лаванда и Мелисса 1000 мл;HEAD & SHOULDERS Шампунь 2 в 1 Гладкие и шелковистые 200 мл;PANTENE Бальзам-ополаскиватель Aqua Light 200 мл";"PANTENE Бальзам-ополаскиватель Aqua Light 200 мл";330021;"ЛАПОЧКА пена для ванн детская 300 мл;OLD SPICE гель для душа Whitewater 250 мл;AURA губка для купания Губка Боб"
"PAMPERS пеленки впитывающие Bed Mats 80x90 7 шт;ЛАПОЧКА пена для ванн детская 300 мл;HELEN HARPER подгузники-трусики Soft & Dry 4 (8 - 13 кг) 18 шт";"HELEN HARPER подгузники-трусики Soft & Dry 4 (8 - 13 кг) 18 шт";710309;"Я РОДИЛСЯ стиральный порошок детский Color автомат 0,4 кг;МАЛЮТКА молочная смесь 2 с шести месяцев 600 г;МОЕ СОЛНЫШКО пена для купания Баю-баюшки 200 мл"
"PAMPERS пеленки впитывающие Bed Mats 80x90 7 шт;BIONI молочко детское Увлажняющее с д-пантенолом 250 мл;PAMPERS подгузники New Baby 1 (2 - 5 кг) 27 шт";"PAMPERS подгузники New Baby 1 (2 - 5 кг) 27 шт";710302;"LENOR концентрированный кондиционер для белья Детский 2 л;KABRITA молочная смесь Gold 3 с двенадцати месяцев 400 г;МОЕ СОЛНЫШКО Пенка для купания Медовая дыня 200 мл"
"PAMPERS пеленки впитывающие Bed Mats 80x90 7 шт;FA Kids гель для душа Русалочка для девочек 250 мл;HELEN HARPER подгузники Soft & Dry 5 (11 - 25 кг) 86 шт";"HELEN HARPER подгузники Soft & Dry 5 (11 - 25 кг) 86 шт";710129;"GREEN LOVE средство для стирки детского белья 1,35 л;МАЛЮТКА молочная смесь 2 с шести месяцев 600 г;ЛАПОЧКА средство для купания От Макушки до Пяток детское 300 мл"
"PAMPERS пеленки для переодевания Change Mats 60x60 12 шт;Я РОДИЛСЯ Кондиционер для белья с Лавандой 1 л;PAMPERS подгузники-трусики Premium Care 3 (6 - 11 кг) 28 шт";"PAMPERS подгузники-трусики Premium Care 3 (6 - 11 кг) 28 шт";710505;"FA Kids гель для душа Отважный Пират для мальчиков 250 мл;ГОНКИ Детский гель для душа 300 мл;KABRITA молочная смесь Gold 2 с шести месяцев 800 г"
"PAMPERS пеленки для переодевания Change Mats 60x60 12 шт;FA Kids гель для душа Отважный Пират для мальчиков 250 мл;PAMPERS подгузники New Baby 1 (2 - 5 кг) 43 шт";"PAMPERS подгузники New Baby 1 (2 - 5 кг) 43 шт";710350;"СОЛНЦЕ И ЛУНА средство для купания 2-в-1 Супермен для мальчиков 200 мл;ЧАЙКА стиральный порошок Детский автомат 2 кг;KABRITA каша на козьем молочке Рисовая с 4 месяцев 180 г"
"PAMPERS пеленки для переодевания Change Mats 60x60 12 шт;KABRITA каша на козьем молочке Рисовая с 4 месяцев 180 г;PAMPERS подгузники Sleep & Play 4 (7 - 14 кг) 14 шт";"PAMPERS подгузники Sleep & Play 4 (7 - 14 кг) 14 шт";710274;"LENOR Концентрированный кондиционер для белья Детский 2 л;ЛАПОЧКА средство для купания От Макушки до Пяток детское 300 мл;МОЕ СОЛНЫШКО пена для купания Баю-баюшки 200 мл"
"PAMPERS пеленки для переодевания Change Mats 60x60 12 шт;KABRITA молочная смесь Gold 3 с двенадцати месяцев 400 г;HELEN HARPER пеленки впитывающие Soft & Dry 60x90 30 шт";"HELEN HARPER пеленки впитывающие Soft & Dry 60x90 30 шт";710108;"JOHNSON'S Baby Пена для купания Перед сном 300 мл;МОЯ ПРЕЛЕСТЬ пена для ванн Космическая слива цветная для детей 500 мл;MEINE LIEBE концентрированный кондиционер для белья Детский 500 мл"
"PAMPERS подгузники Active Baby 6 (15+ кг) 54 шт;ZEWA туалетная бумага Deluxe персик 3 слоя 4 шт;ZEWA бумажные полотенца Premium Decor 4 шт";"ZEWA бумажные полотенца Premium Decor 4 шт";360064;"PAMPERS подгузники Sleep & Play 4 (9 - 14 кг) 50 шт;МОЕ СОЛНЫШКО влажные салфетки Универсальные 70 шт;ЧИСТЮЛЯ мочалки из нержавеющей стали 2 шт"
"PAMPERS подгузники New Baby 2 (3 - 6 кг) 144 шт;PAMPERS подгузники Active Baby 4+ (9 - 16 кг) 18 шт;LENOR Концентрированный кондиционер для белья Детский 2 л";"LENOR Концентрированный кондиционер для белья Детский 2 л";740018;"MOMI подгузники M (6 - 11 кг) 62 шт;GREEN LOVE средство для мытья детской посуды 500 мл;LIBERO подгузники Comfort 5 (10 - 16 кг) 72 шт"
"PAMPERS подгузники New Baby 2 (4 - 8 кг) 144 шт;YOKOSUN подгузники-трусики M (6 - 10 кг) 58 шт;LENOR Концентрированный кондиционер для белья Детский 1 л";"LENOR Концентрированный кондиционер для белья Детский 1 л";740015;"GREEN LOVE средство для мытья детской посуды 500 мл;PAMPERS подгузники New Baby 2 (3 - 6 кг) 144 шт;PAMPERS подгузники-трусики Pants 4 (9 - 15 кг) 176 шт"
"PAMPERS подгузники Premium Care 1 (2 - 5 кг) 20 шт;HELEN HARPER Детские впитывающие пеленки Baby 60х90 10 шт;LENOR Концентрированный кондиционер для белья Детский 0,5 л";"LENOR Концентрированный кондиционер для белья Детский 0,5 л";790178;"HELEN HARPER подгузники Baby 5 (11 - 25 кг) 54 шт;BIO MIO средство для мытья посуды без запаха Bio-Care 450 мл;СОЛНЦЕ И ЛУНА подгузники Нежное Прикосновение 2 (3 - 6 кг) 70 шт"
"PANTENE бальзам-ополаскиватель 3 Minute Miracle Густые и Крепкие 200 мл;AUSSIE Шампунь Miracle Moist 300 мл;LOREAL cтойкая краска для волос Casting Creme Gloss 635 Шоколадное пралине";"LOREAL cтойкая краска для волос Casting Creme Gloss 635 Шоколадное пралине";520300;"DOVE крем-гель для душа Объятия нежности Сливочная Ваниль и Пион 250 мл;SYOSS лак для волос Fiber Flex Упругий Объем Экстрасильной фиксации 400 мл;LONDA крем-краска для волос Age Defy темно-каштановый 4/76"
"PANTENE Бальзам-ополаскиватель Защита от потери волос 200 мл;SCHWARZKOPF осветляющий крем Прозрачный 60 мл;SHOCKWAVES набор гель для укладки Tuff Stuff Heat/Sweat Proof 200 мл + Крем-гель для укладки";"SHOCKWAVES набор гель для укладки Tuff Stuff Heat/Sweat Proof 200 мл + Крем-гель для укладки";520640;"LE PETIT MARSEILLAIS Гель для душа Малина и пион 250 мл;ELSEVE шампунь Полное восстановление для секущихся кончиков 250 мл;ПРЕЛЕСТЬ шампунь Объем и Сила с Протеинами пшеницы для всех типов волос 500 мл"
"PI-PI-BENT наполнитель для кошачьего туалета Классик комкующийся 5 кг;УЮТ игрушки для кошек Мяч-погремушка с цветной мышкой 4 см;ROYAL CANIN влажный корм Sterilised (в желе) для стерилизованных кошек 3+1 x 85 г";"ROYAL CANIN влажный корм Sterilised (в желе) для стерилизованных кошек 3+1 x 85 г";620547;"8 IN 1 пивные дрожжи для кошек и собак Excel 260 шт;УЮТ средство для приучения к туалету Отучитель 250 мл;УЮТ игрушки для кошек Дразнилка Перья фиолетово-синие 40 см"
"PIGEON зубные щетки для детей (6-18 мес) 3 шт;ДРАКОША зубная паста-гель Bubble Gum детская 60 мл;ЛЕСНОЙ БАЛЬЗАМ ополаскиватель для полости рта Бальзам Форте 400 мл";"ЛЕСНОЙ БАЛЬЗАМ ополаскиватель для полости рта Бальзам Форте 400 мл";310246;"ORAL-B Зубная нить Satin floss 25 м;R.O.C.S. зубная паста Teens для детей школьного возраста Земляника 74 г;ORAL-B насадки для электрической зубной щетки Precision Clean 2 шт"
"PRO SERIES бальзам-ополаскиватель Объем Надолго 500 мл;STUDIO крем-краска для волос Пепельный блондин 90.105;TAFT лак для волос Ultra №4 Сверхсильная Фиксация 225 мл";"TAFT лак для волос Ultra №4 Сверхсильная Фиксация 225 мл";520709;"FRUCTIS шампунь Против перхоти 2 в 1 250 мл;PANTENE Бальзам-ополаскиватель Aqua Light 400 мл;CAMAY гель для душа Secret Bliss Тайное блаженство 250 мл"
"ROYAL CANIN влажный корм Mini Adult для собак мелких пород до 12 месяцев 85 г;СОЮЗГРИЛЬ Жидкость для розжига Зарница 0,5 л;FORESTER решетка-гриль чугунная 1 шт";"FORESTER решетка-гриль чугунная 1 шт";210033;"ДИХЛОФОС репеллент Нео без запаха 190 мл;FORESTER Комплект Шашлычки на шпажках: гриль-приправа Свиная шейка 5 специй + 8 бамбуковых шпажек;GARNIER cпрей Ambre Solaire Идеальный загар SPF 30 200 мл"
"ROYAL CANIN сухой корм Maxi Adult для собак крупных пород собак старше 15 месяцев 15 кг;PEDIGREE лакомство для собак Biscrok 200 г;ROYAL CANIN VET DIET влажный корм для собак Urinary S/O (банка) 195 г";"ROYAL CANIN VET DIET влажный корм для собак Urinary S/O (банка) 195 г";620392;"ROYAL CANIN сухой корм Mini Adult для собак мелких пород старше 10 месяцев 4 кг;N1 игрушка для собак Мини-гусь с пищалкой  14 см;8 IN 1 Косточка для мелких и средних собак с Говядиной DELIGHTS Beef S 11 см 1 шт"
"SCHAUMA бальзам-ополаскиватель 7 Трав Свежесть и объем 200 мл;FA пена для ванн Медовый Эликсир 500 мл;HEAD & SHOULDERS шампунь Основной уход 200 мл";"HEAD & SHOULDERS шампунь Основной уход 200 мл";330747;"СОЛНЦЕ И ЛУНА средство для купания 2-в-1 Принцесса для девочек 200 мл;МАЛЕНЬКАЯ ФЕЯ гель для душа Happy Moments Фруктовая Сказка 240 мл;AURA губка для купания Губка Боб"
"SCHAUMA бальзам-ополаскиватель Облепиховый Заряд 200 мл;TAFT лак для волос Три погоды №4 Сверхсильная Фиксация 200 мл;PALETTE крем-краска для волос Фитолиния Золотистый блондин 460";"PALETTE крем-краска для волос Фитолиния Золотистый блондин 460";520390;"FA жидкое мыло Греческий Йогурт Миндаль 250 мл;МОИ КУДРЯШКИ Шампунь С карамелькой 250 гр;FA гель для душа Йогурт Алоэ Вера 750 мл"
"SHOCKWAVES набор мусс для укладки Curls/Waves 200 мл + Воск для укладки;PRO SERIES бальзам-ополаскиватель Активное Увлажнение 500 мл;LOREAL Тонирующий спрей для корней волос Magic Retouch Каштановый";"LOREAL Тонирующий спрей для корней волос Magic Retouch Каштановый";570195;"FRUCTIS шампунь Тройное восстановление 400 мл;WELLAFLEX мусс для волос Для Чувствительной Кожи Головы сильной фиксации 200 мл;FRESHLIGHT гель для душа с экстрактом цветка Пиона для девочек 300 мл"
"STUDIO биозавивка для нормальных и труднозавиваемых волос;FA гель для душа Медовый Крем 250 мл;PALETTE крем-краска для волос Фитолиния Пепельный блондин 218";"PALETTE крем-краска для волос Фитолиния Пепельный блондин 218";520377;"INDOLA шампунь Silver для светлых волос 1,5 л;СОЛНЦЕ И ЛУНА шампунь детский для девочек Пони 200мл;SCHAUMA бальзам-ополаскиватель Энергия Природы Свежая Крапива и Зеленое Яблоко 200 мл"
"STUDIO биозавивка для ослабленных волос;OLD SPICE гель для душа Strong Slugger 250 мл;LOREAL cтойкая краска для волос Casting Creme Gloss 1013 Светло-светло-русый бежевый";"LOREAL cтойкая краска для волос Casting Creme Gloss 1013 Светло-светло-русый бежевый";570205;"ELSEVE бальзам Полное восстановление секущихся кончиков  200 мл;LE PETIT MARSEILLAIS Men гель-шампунь для душа Можжевельник и сандал 250 мл + гель-шампунь для душа 250 мл;DESSANGE шампунь Белая Глина 250 мл"
"SYOSS бальзам для волос Color full Оттеночный Глубокий каштановый 150 мл;BARNANGEN гель для душа Sensitive 400 мл;GOT2B лак для волос OhMyNude Подвижная фиксация 300 мл";"GOT2B лак для волос OhMyNude Подвижная фиксация 300 мл";520561;"GLISS KUR бальзам-ополаскиватель Защита цвета и Блеск 200 мл;ABSOLUT Мыло Освежающее 90 гр;PANTENE Шампунь Oil Therapy 400 мл"
"SYOSS бальзам-ополаскиватель Color Luminance&Protect для окрашенных волос 500 мл;HEAD & SHOULDERS Шампунь 2 в 1 Гладкие и шелковистые 400 мл;LOREAL крем-краска для волос Excellence 9.3 Светло-русый золотистый";"LOREAL крем-краска для волос Excellence 9.3 Светло-русый золотистый";520343;"HEAD & SHOULDERS шампунь 2 в 1 Мгновенная помощь 200 мл;FA гель для душа Природная Свежесть Белый чай 250 мл;WELLA FORTE лак для волос суперсильной фиксации Для волос средней длины 250 мл"
"SYOSS бальзам-ополаскиватель Salon Plex Реставрация для поврежденных волос 500 мл;BARNANGEN гель для душа Sauna Relax 400 мл;SHOCKWAVES гель для волос Tuff Stuff Heat & Sweat Proof 200 мл";"SHOCKWAVES гель для волос Tuff Stuff Heat & Sweat Proof 200 мл";520624;"LOREAL крем-краска для волос Excellence 9.3 Светло-русый золотистый;ПРЕЛЕСТЬ бальзам Увлажнение и защита с Алоэ-вера и экстрактом цветов гардении для любого типа волос 400 мл;PANTENE Шампунь Oil Therapy 400 мл"
"SYOSS мусс для укладки волос Ceramide Complex Укрепление 250 мл;DOVE крем-гель для душа Легкость Кислорода 250 мл;LOREAL крем-краска для волос Excellence 7 Русый";"LOREAL крем-краска для волос Excellence 7 Русый";570190;"HEAD & SHOULDERS бальзам-ополаскиватель Supreme Укрепление 275 мл;ПРЕЛЕСТЬ лак для волос Сверхсильная фиксация 200 мл;ELSEVE шампунь Роскошь 6 масел 250 мл"
"TAFT пена для укладки волос Объем №3 Очень Сильная Фиксация 150 мл;СОЛНЦЕ И ЛУНА средство для купания 2-в-1 Супермен для мальчиков 200 мл;LOREAL крем-краска для волос Excellence 8.12 Мистический блонд";"LOREAL крем-краска для волос Excellence 8.12 Мистический блонд";570192;"ПРЕЛЕСТЬ бальзам-ополаскиватель Объем и питание 400 мл;GOT2B паста для укладки PhenoMENal Моделирующая для мужчин 100 мл;PANTENE шампунь-бальзам-уход 3 в 1 Интенсивное Восстановление 360 мл"
"TIDE гель для стирки в капсулах Color 23 шт;FIVE PLUS парфюмированная вода для утюгов 1 л;VERNEL кондиционер для белья Ароматерапия белый пион & масло хлопка 0,91 л";"VERNEL кондиционер для белья Ароматерапия белый пион & масло хлопка 0,91 л";410150;"SORTI стиральный порошок Активный кислород автомат 350 г;TIDE гель для стирки Color 1,82 л;АНТИПЯТИН мыло-пятновыводитель для белых вещей 90 г"
"TORK салфетки бумажные Big Pack 25 х 25 см однослойные красные 500 шт;ZEWA туалетная бумага Плюс 2 слоя 12 шт;ZEWA бумажные полотенца Premium 2 шт";"ZEWA бумажные полотенца Premium 2 шт";360060;"Я САМАЯ влажные салфетки освежающие Зеленый чай с жасмином 63 шт;ЧИСТЮЛЯ салфетки вискозные тонкие 5 шт;AURA Влажные салфетки Ultra Comfort для детей с экстрактом Алоэ и витамином Е 100 шт"
"TRESEMME лак для укладки волос Max The Hold экстрасильной фиксации 250 мл;JOHNSON'S Baby Шампунь 500 мл;LOREAL крем-краска для волос Excellence 10.13 Легендарный блонд";"LOREAL крем-краска для волос Excellence 10.13 Легендарный блонд";570201;"LUMINANCE COLOR крем-краска для волос Графитовый каштановый 5.63;GLISS KUR экспресс-кондиционер Безупречно Длинные 200 мл;FA гель для душа Энергия&Витамины Розовый Грейпфрут 750 мл"
"VERNEL кондиционер для белья Ароматерапия дикий гибискус и масло розы 910 мл;ЛИРА антистатик без запаха 200 мл;PEMOS стиральный порошок Color для цветного белья 350 г";"PEMOS стиральный порошок Color для цветного белья 350 г";460270;"FIVE PLUS парфюмированная вода для утюгов 1 л;BIO MIO пятновыводитель BIo-Stain Remover универсальный для стирки белья без запаха 750 мл;LENOR Концентрированный кондиционер для белья Детский 1 л"
"VERNEL кондиционер для белья Ароматерапия цветок ванили & цитрусовое масло 1,8 л;FIVE PLUS парфюмированная вода для утюгов 1 л;SUPRIM отбеливатель 500 г";"SUPRIM отбеливатель 500 г";410194;"NEFIS Мыло Хозяйственное 72% 200 г;SORTI стиральный порошок Intelletest автомат 0,35 кг;LENOR кондиционер для белья Скандинавская весна 4 л"
"VERNEL кондиционер для белья Детский 1,8 л;NAN молочная смесь Optipro 2 с шести месяцев 400 г;HELEN HARPER трусики-подгузники Soft&Dry Pants Maxi 4 (8-13 кг) 72 шт";"HELEN HARPER трусики-подгузники Soft&Dry Pants Maxi 4 (8-13 кг) 72 шт";710122;"HELEN HARPER Детские впитывающие пеленки Baby 60х90 5 шт;BIONI молочко детское Увлажняющее с д-пантенолом 250 мл;JOHNSON'S Baby Гель-пена для купания 2 в 1 Веселые пузырьки 300 мл"
"VERNEL кондиционер для белья Свежий Бриз 1,8 л;BAGI Антистатик спрей 200 мл;ARIEL стиральный порошок Нежный пион автомат 4,5 кг";"ARIEL стиральный порошок Нежный пион автомат 4,5 кг";410259;"LENOR концентрированный кондиционер для белья Детский 1 л;АНТИПЯТИН пятновыводитель гель 250 мл;FIVE PLUS парфюмированная вода для утюгов 1 л"
"VERNEL кондиционер для белья Supreme Passion 0,6 л;ACE Отбеливатель жидкий  Бережное отбеливание 1 л;ЛОСК Стиральный порошок Автомат Колор 2,7кг";"ЛОСК Стиральный порошок Автомат Колор 2,7кг";460345;"MEINE LIEBE  карандаш-пятновыводитель  для детского белья 35 г;FIVE PLUS парфюмированная вода для утюгов 1 л;ЛИРА антистатик нейтральный запах 200 мл"
"VILEDA перчатки Контракт резиновые M;ЧИСТЮЛЯ салфетки вискозные 5 шт;CIF чистящий крем Active Fresh 250 мл";"CIF чистящий крем Active Fresh 250 мл";430349;"BAGI Средство для чистки ковров и обивки Штихонит Спрей 500 мл;CLIN моющее средство Окна и Стекла лимон 500 мл;Сгон для совка Леголэнд  35 см"
"VILEDA салфетка хозяйственная МикроТафф Плюс 38х38 см желтая 1 шт;СОЛНЦЕ И ЛУНА влажные салфетки Для Детей с экстрактом алоэ 15 шт;ZEWA носовые платки Deluxe Style 10х10 шт";"ZEWA носовые платки Deluxe Style 10х10 шт";360082;"HUGGIES влажные салфетки Elite Soft 128 шт;ЧИСТЮЛЯ ЛЕГКАЯ мочалка из нержавеющей стали;PAPIA туалетная бумага Professional 3 слоя 8 шт"
"VORTEX нейтрализатор запаха Block свежесть 500 мл;БАРСИК наполнитель для кошачьего туалета Натуральный древесный 4,54 л;ROYAL CANIN влажный корм Kitten Sterilised (в соусе) для стерилизованных котят от 6 до 12 месяцев 85 г";"ROYAL CANIN влажный корм Kitten Sterilised (в соусе) для стерилизованных котят от 6 до 12 месяцев 85 г";620559;"УЮТ игрушки для кошек Орех мяч-погремушка прозрачный 4 см;BRIT Care Cat Snack Superfruits Kitten 100 г;УЮТ игрушки для кошек Дразнилка Катушка сизаль 40 см"
"VORTEX нейтрализатор запаха Block свежесть 500 мл;УЮТ игрушки для кошек Орех мяч-погремушка прозрачный 4 см;ROYAL CANIN сухой корм для кошек Bengal 2 кг";"ROYAL CANIN сухой корм для кошек Bengal 2 кг";610187;"DREAMIES лакомство для кошек с курицей 30 г;N1 наполнитель для кошачьего туалета Crystals for girls 12,5 л;УЮТ игрушки для кошек Дразнилка Катушка сизаль 40 см"
"WELLAFLEX мусс для волос супер-сильной фиксации Объем для тонких волос 200 мл;BONACURE кондиционер Peptide Repair Rescue 200 мл;LOREAL крем-краска для волос Excellence 10.21 Светло-светло русый перламутровый осветляющий";"LOREAL крем-краска для волос Excellence 10.21 Светло-светло русый перламутровый осветляющий";570191;"JOHNSON'S Baby Шампунь Перед сном 300 мл;ПРЕЛЕСТЬ шампунь Укрепление и Защита 500 мл;FA Men гель для душа Сила Притяжения мужской 250 мл"
"WHISKAS лакомство для кошек Duo Treats c курицей и сыром 40 г;БАРСИК поглотитель запаха и пятен для кошек 500 мл;ROYAL CANIN влажный корм Kitten Instinctive (в желе) для котят от 4 до 12 месяцев 85 г";"ROYAL CANIN влажный корм Kitten Instinctive (в желе) для котят от 4 до 12 месяцев 85 г";620488;"УЮТ игрушки для кошек Дразнилка Катушка сизаль 40 см;УЮТ игрушки для кошек Носок мягкий с погремушкой 10x8 см;PI-PI-BENT наполнитель для кошачьего туалета Комкующийся Для котят 5 кг"
"YOKOSUN подгузники-трусики L (9 - 14 кг) 44 шт;SYNERGETIC cредство для мытья посуды и детских игрушек с ароматом алоэ 1 л;LENOR концентрированный кондиционер для белья Детский 2 л";"LENOR концентрированный кондиционер для белья Детский 2 л";740018;"PAMPERS подгузники Active Baby 5 (11 - 16 кг) 60 шт;PAMPERS подгузники New Baby 1 (2 - 5 кг) 43 шт;СОЛНЦЕ И ЛУНА подгузники для детей Мягкая Забота 3 (4-9 кг) 16 шт"
