"Показывать товар";"Короткое название";"Артикул"
0;"KIEHL Пенное чистящее средство для печей и грилей XON-forte 750 мл";430429
0;"ROYAL CANIN сухой корм X-Small Puppy для щенков миниатюрных пород 0,5 кг";620204
0;"TIDE стиральный порошок Color автомат 0,45 кг";410502
0;"PERFECT FIT Sensitive Сухой корм с индейкой для взрослых кошек с чувствительным пищеварением 2,5кг";620400
0;"OREO печенье  шоколад 228 г";140146
0;"ЧИСТАЯ ЛИНИЯ Шампунь Пшеница и отвар Льна для Тонких и ослабленных волос 250 мл";520827
0;"МИФ Гель для стирки Свежесть Лаванды и Ромашки 0,78 л";410382
0;"КУБАНОЧКА огурцы маринованые Корнишоны 1-4 см 0,36 кг";160035
0;"КУБАНОЧКА томаты маринованные 0,72 л";160038
0;"VORTEX чистящее средство Daze для обезжиривания и удаления нагара 500 мл";430442
0;"ПЕМОС стиральный порошок Color для цветного белья 350 г";410414
0;"МИФ стиральный порошок Свежесть долины роз ручная стирка 400 г";410404
0;"МИФ стиральный порошок Свежесть долины роз автомат 400 г";410403
0;"ЧАЙКА стиральный порошок Балтийское Море автомат 400 г";410307
0;"BREESAL освежитель Аромат Для Дома Загадочная Романтика 250 мл";450153
0;"BREESAL Aqua-нейтрализатор Запаха Антитабак ганатовый Коктейль 375 мл";450144
0;"PRO PLAN сухой корм для кошек Housecat с курицей 0,4 кг";610147
0;"ORGANIC PEOPLE эко-спрей для стекол и зеркал с лимоном и апельсином 500 мл";430143
0;"MR PROPER Проф. средство для мытья полов и уборки кухни Лимон 5 л";430133
0;"DR. SCHNELL натур. нейтрализатор запахов на поверхностях Bio Fresh 1 л";430108
0;"BIO MIO чистящее средство Bio-cleaner для мытья полов c маслом мелиссы 750 мл";430103
0;"NUTRILON молочная смесь Premium 3 с двенадцати месяцев 800 г";770010
0;"NUTRILON молочная смесь Гипоаллергеный 2 с шести месяцев 800 г";770011
0;"NUTRILON молочная смесь Гипоаллергеный 1 с рождения 800 г";770012
0;"NUTRILON безмолочная каша рисовая с 4 месяцев 180 гр";770018
0;"NUTRILON безмолочная каша гречневая с 4 месяцев 180 гр";770019
0;"NUTRILON безмолочная каша кукурузная с 5 месяцев 180 гр";770020
0;"NUTRILON безмолочная каша мультизлаковая с 6 месяцев 180 гр";770021
0;"NUTRILON безмолочная каша овсяная с 5 месяцев 180 гр";770022
0;"NUTRILON  молочная смесь 2 гипоаллергенный с 6 месяцев 400г";770023
0;"МАЛЮТКА детское молочко 3 с двенадцати месяцев 1,2 кг";770024
0;"NUTRILON молочная смесь Пре 1 с 0 месяцев 400 г";770025
0;"NUTRILON молочная смесь Premium 4 с восемнадцати месяцев 800 г";770026
0;"NUTRILON молочная смесь Premium 2 сухая начальная адаптированная с месяцев 1200 г";770027
0;"NUTRILON молочная смесь Premium 1 сухая начальная адаптированная с рождения 1200 г";770028
0;"NUTRILON смесь Пре 0 с 0 месяцев 400гр";770029
0;"МАЛЮТКА каша молочная Гречневая с 4 месяцев 220 г";770030
0;"МАЛЮТКА каша молочная Рисовая с 4 месяцев 220 г";770031
0;"МАЛЮТКА каша молочная Пшеничная с Тыквой с 6 месяцев 220 г";770032
0;"NUTRILON молочная смесь Superpremium 1 сухая начальная адаптированная с рождения до 6 месяцев 800 г";770033
0;"NUTRILON молочная смесь Superpremium 2 сухая начальная адаптированная с 6 месяцев 800 г";770034
0;"NUTRILON смесь сухая Пепти Аллергия с 0 месяцев 400 г";770035
0;"NUTRILON сухая смесь Пепти Гастро с рождения 450 г";770036
0;"NUTRILON молочко детское Junior 3 с 12 месяцев 1200 г";770037
0;"МАЛЫШ молочная смесь С Гречневой Мукой 2 с шести месяцев 350 г";770041
0;"МАЛЮТКА детское молочко 3 с двенадцати месяцев 300 г";770042
0;"NUTRILON смесь сухая Аминокислоты с 0 месяцев 400 гр";770043
0;"МАЛЮТКА детское молочко 3 с двенадцати месяцев 600 г";770060
0;"NUTRILON молочко детское Junior 3 с 12 месяцев 400 г";770063
0;"NUTRILON молочная смесь Premium 2 сухая начальная адаптированная с месяцев 600 г";770065
0;"NUTRILON молочная смесь Premium 1 сухая начальная адаптированная с рождения 600 г";770066
0;"СОЛНЦЕ И ЛУНА подгузники-трусики для мальчиков Нежное Прикосновение 6 (16+ кг) 37 шт";710385
0;"LENOR Концентрированный кондиционер для белья Детский 500 мл";740048
0;"HEAD & SHOULDERS подарочный набор Комплексный Уход 2-в-1 Шампунь 400 мл + Аэрозольный антиперсперант OLD SPICE Whitewater 150 мл";330590
0;"ВЕСНА Шампунь с Экстрактом Ромашки детский 280 г";330602
0;"LIBRESSE прокладки Maxi Ночные 10 шт";340178
0;"ROYAL CANIN сухой корм для котят Kitten British Shorthair 400 + 400 г";610263
0;"ROYAL CANIN сухой корм для котят Kitten Persian 400+400 г";610273
0;"PALETTE крем-краска для волос Perfect Care Песочный Блонд 240";520427
0;"SYOSS крем-краска для волос Oleo Intense Песочный блонд 9-60";520509
0;"WELLAFLEX молочко для укладки волос Укладка и Восстановление сильной фиксации 150 мл";520770
0;"ЧИСТАЯ ЛИНИЯ  Шампунь Питание и уход SOS-эффект 250 мл";520822
0;"LOREAL крем Увлажнение Эксперт для чувствительной кожи 50 мл";530087
0;"ЧИСТАЯ ЛИНИЯ Бальзам для губ против обветривания Брусника 4 гр";530168
0;"GARNIER Ambre Solaire солнцезащитный сухой спрей SPF 50+ 75 мл";560012
0;"GARNIER Масло для интенсивного загара Ambre Solaire с  ароматом кокоса 200 мл";560016
0;"GARNIER молочко увлажняющее Ambre Solaire после загара 200 мл";560018
0;"WAFF конфета вафельная в шоколаде 35 г";140084
0;"KINDER шоколад белый Bueno 43 г";140238
0;"FORESTER термо-мангал 54 х 35 см c решетками-полочками, с двойными стенками 1 шт";210018
0;"Ahmad Tea Ceylon Tea Orange Pekoe черный чай, 200 г";121016
0;"Ahmad Tea English Breakfast черный чай, 100 г (жестяная банка)";121009
0;"Ahmad Tea Key Lime Pie зеленый чай с лаймом, 20 пирамидок";127007
0;"Teatone Green tea Зеленый чай, 15 стиков";128000
0;"Teatone Jasmine green tea Зеленый чай с жасмином, 15 стиков";128001
0;"Teatone Mint green tea Зеленый чай с ароматом мяты, 15 стиков";128002
0;"Teatone Indian black tea Индийский черный чай, 15 стиков";128003
0;"Teatone Earl grey tea Черный чай с ароматом бергамота, 15 стиков";128004
0;"Teatone Forest berries Лесные ягоды | Чайный напиток, 15 стиков";128005
0;"Teatone Mint black tea Черный чай с ароматом мяты, 15 стиков";128006
0;"Teatone Tropical fruit tea Чёрный чай с ароматом тропических фруктов, 15 стиков";128007
0;"Teatone Apple ginger Яблоко-Имбирь | Чайный напиток, 15 стиков";128008
0;"BURTI стиральный порошок Color автомат 1,5 кг";460269
0;"MAYBELLINE подарочный набор тушь для ресниц Total Temptation черная 8,6 мл 2 шт";560080
0;"CALGON средство для смягчения воды 2-в-1 порошок 1,6 кг";460273
0;"ROYAL CANIN сухой корм Poodle Adult для собак породы Пудель 1,5 кг";620391
0;"BLEND-A-MED Зубная паста Комплекс 7 с ополаскивателем, освежающая чистота 100 мл";380095
0;"ROYAL CANIN сухой корм Pug Adult для собак породы Мопс старше 10 месяцев 0,5 кг";620188
0;"ROYAL CANIN VET DIET сухой корм для котов Skin Young Male 0,4 кг";610337
0;"ROYAL CANIN VET DIET сухой корм для кошек Calm 0,5 кг";610284
0;"ROYAL CANIN VET DIET сухой корм для кошек Diabetic 0,4 кг";610287
0;"ROYAL CANIN VET DIET сухой корм для кошек Fibre Response 0,4 кг";610289
0;"ROYAL CANIN VET DIET сухой корм для кошек Gastro Intestinal 0,4 кг";610291
0;"ROYAL CANIN VET DIET сухой корм для кошек Gastro Intestinal Moderate Calorie 0,4 кг";610293
0;"ROYAL CANIN VET DIET сухой корм для кошек Hepatic 0,5 кг";610295
0;"ROYAL CANIN VET DIET сухой корм для кошек Neutered Young Female 0,4 кг";610304
0;"ROYAL CANIN VET DIET сухой корм для кошек Mobility 0,5 кг";610300
0;"ROYAL CANIN VET DIET сухой корм для кошек Renal 0,5 кг";610308
0;"ROYAL CANIN VET DIET сухой корм для кошек Renal Select 0,5 кг";610310
0;"ROYAL CANIN VET DIET сухой корм для кошек Renal Special 0,5 кг";610312
0;"ROYAL CANIN VET DIET сухой корм для кошек Senior Consult Stage 2 0,4 кг";610318
0;"ROYAL CANIN VET DIET сухой корм для кошек Sensitivity Control 0,4 кг";610320
0;"ROYAL CANIN VET DIET сухой корм для кошек Skin Young Female 0,4 кг";610323
0;"ROYAL CANIN VET DIET сухой корм для кошек Urinary S/O 0,4 кг";610326
0;"ROYAL CANIN VET DIET сухой корм Neutered Satiety Balance для кошек с момента стерилизации до 7 лет 0,4 кг";610339
0;"ROYAL CANIN VET DIET сухой корм Sensible 33 для кошек с чувствительной пищеварительной системой 2 кг + влажный корм 2х85 г";620452
0;"SALTON парафиновые носочки для ног Feet Only Lady с маслом кокоса и оливы";550029
0;"SANFOR чистящее средство Белизна гель 3-в-1 0,7 л";430403
0;"SCHAUMA подарочный набор для мальчиков Шампунь-гель для душа Schauma 225 мл + Гель для тела и волос Fa 250 мл + держатель для зубной щетки";720113
0;"SCHAUMA Men шампунь Intensive Сила Кофеина Против Перхоти 380 мл";330890
0;"SCHWARZKOPF крем-бондинг для волос BlondMe Paint-On Lightener Обесцвечивающий 250 мл";570072
0;"SHAMTU подарочный набор Питание и сила Экстракт фруктов Шампунь 360 мл + Бальзам для волос 200 мл + Косметичка";570026
0;"SORTI стиральный порошок Супер эконом автомат 0,35 кг";410459
0;"SORTI стиральный порошок Супер Эконом ручная стирка 0,35 кг";410460
0;"SORTI стиральный порошок Color автомат 0,35 кг";410453
0;"SYOSS крем-краска для волос Oleo Intense Платиновый блонд 12-00";520510
0;"SORTI стиральный порошок Intelletest автомат 0,35 кг";410456
0;"SPLAT зубная паста Silver освежающая 75 мл";310031
0;"STUDIO крем-краска для волос Тёмно-русый 2.0";520469
0;"SYOSS Men шампунь Clean&Cool для мужчин 500 мл";330922
0;"TAFT подарочный набор Ultimate №6 Экстремальная фиксация лак для волос 225 мл+пена для укладки 150 мл+косметичка";570028
0;"TESS чай Ginger Mojito зеленый в пирамидках 20 шт";120246
0;"TIDE стиральный порошок Детский автомат 0,4 кг";740045
0;"TIDE стиральный порошок Lenor автомат 0,45 кг";410512
0;"TIMOTEI Шампунь женский Интенсивное восстановление 400 мл";520896
0;"VEET Крем для депиляции Silk&Fresh для чувствительной кожи 100 мл";320097
0;"VERNEL кондиционер для белья Детский 0,91 л";740024
0;"VERNEL кондиционер для белья Свежесть Летнего Утра 0,91 л";410163
0;"VERNEL кондиционер для белья Свежесть Прованса 0,91 л";410165
0;"VERNEL кондиционер для белья Свежий Бриз 0,91 л";410166
0;"VERNEL кондиционер для белья Supreme Glamour 0,6 л";410159
0;"VORTEX чистящее средство Daze для обезжиривания и удаления нагара 1 л";430519
0;"VERNEL кондиционер для белья Supreme Passion 0,6 л";410160
0;"VERNEL кондиционер для белья Supreme Romance 0,6 л";410162
0;"VORTEX очиститель от следов скотча и наклеек Antistick 0,5 л";430302
0;"VORTEX средство для мытья стекол Magic 0,5 л";430146
0;"VORTEX чистящее средство Daze для обезжиривания и удаления нагара 0,5 л";430518
0;"WELLAFLEX лак для тонких волос Объем суперсильной фиксации 250 мл";570137
0;"WHISKAS подушечки с курицей для стерилизованных кошек 0,35 кг";610452
0;"WHISKAS подушечки с нежным паштетом Аппетитное ассорти с курицей и индейкой 0,35 кг";610456
0;"WHISKAS подушечки с нежным паштетом Аппетитное ассорти с курицей и индейкой 0,8 кг";610463
0;"WHISKAS подушечки с нежным паштетом Аппетитный обед с лососем 0,35 кг";610457
0;"WHISKAS подушечки с паштетом для кошек старше 7 лет Ассорти с мясом птицы 350 г";610466
0;"WHISKAS сухой корм для кошек старше года подушечки с паштетом из говядины и мяса кролика 0,8 кг";610462
0;"YOUR SUN подгузники M (5-10кг) 60 шт";710462
0;"PRO PLAN сухой корм для кошек Light с индейкой 0,4 кг";610148
0;"PRO PLAN сухой корм для кошек Sterilised с лососем 0,4 кг";610155
0;"PRO PLAN сухой корм для котят Delicate Junior с индейкой 0,4 кг";610157
0;"PRO PLAN сухой корм для пожилых кошек Sterilised 7+ с индейкой 0,4 кг";610161
0;"PERFECT FIT сухой корм In-home для домашних кошек с курицей 0,65 кг";610442
0;"PERFECT FIT сухой корм Sterile для стерилизованных кошек с говядиной 0,65 кг";610450
0;"PERFECT FIT сухой корм Sterile для стерилизованных кошек 0,65 кг";610451
0;"PERFECT FIT сухой корм Adult для собак средних и крупных пород старше года с курицей 0,8 кг";620333
0;"VORTEX чистящее средство Daze для обезжиривания и удаления нагара 0,5 л";460402
0;"ROYAL CANIN сухой корм Norwegian Adult для кошек породы Норвежская лесная старше 12 месяцев 2 кг";610278
0;"ROYAL CANIN сухой корм Mini Puppy для щенков мелких пород в возрасте от 2 до 10 месяцев 2кг + влажный корм 85 г";620520
0;"ROYAL CANIN сухой корм Mini Adult для собак мелких пород старше 10 месяцев 0,8 кг";620177
0;"ROYAL CANIN сухой корм Maxi Puppy для щенков крупных пород в возрасте от 2 до 15 месяцев 3+1 кг";620161
0;"ROYAL CANIN сухой корм Maxi Puppy для щенков крупных пород в возрасте от 2 до 15 месяцев 3 кг";620524
0;"ROYAL CANIN сухой корм Maxi Puppy для щенков крупных пород в возрасте от 2 до 15 месяцев 15 кг";620160
0;"ROYAL CANIN сухой корм Maxi Digestive Care для собак крупных пород c чувствительной пищеварительной системой от 15 месяцев 3 кг";620156
0;"ROYAL CANIN сухой корм для кошек Urinary Care 0,4 кг";610256
0;"ROYAL CANIN сухой корм для собак X-Small Adult 0,5 кг";620125
0;"ROYAL CANIN сухой корм для кошек Protein Exigent 0,4 кг";610235
0;"ROYAL CANIN сухой корм для кошек Indoor Appetite Control 0,4 кг";610212
0;"ROYAL CANIN сухой корм для кошек Indoor 7+ 0,4 кг";610541
0;"ROYAL CANIN сухой корм для кошек Aroma Exigent 0,4 кг";610538
0;"ROYAL CANIN сухой корм для кошек Ageing Sterilised 7+ 0,4 кг";610186
0;"ROYAL CANIN сухой корм для кошек Ageing Sterilised 12+ 0,4 кг";610183
0;"ROYAL CANIN сухой корм для котят Kitten Sterilised 0,4 кг";610275
0;"ROYAL CANIN сухой корм для котят Kitten Maine Coon 0,4 кг";610268
0;"ROYAL CANIN сухой корм для котят Kitten 0,4 кг";610260
0;"ROYAL CANIN влажный корм для кошек British Shorthair 85 г";620486
0;"REFRESH ароматизатор для автомобиля Your Car Клубника и Прохладный Лимонад клипса 4 шт";450126
0;"REFRESH ароматизатор для автомобиля Your Car Клубника и Прохладный Лимонад мини диффузор 2 шт";450127
0;"REFRESH ароматизатор для автомобиля Your Car Клубника и Прохладный Лимонад диффузор 1 шт";450125
0;"PERFECT FIT сухой корм Adult для взрослых кошек с курицей 650 г";610543
0;"PICNIC аэрозоль Family от комаров 150 мл";460169
0;"PIGEON соска силиконовая Перистальтик Плюс размер S (1+ мес) 2 шт";780102
0;"PEPSI напиток сильногазированный 0,5 л";130033
0;"PEPSI напиток сильногазированный 0,33 л";130032
0;"PEDIGREE сухой корм для собак миниатюрных пород с говядиной 0,6 кг";620323
0;"PEDIGREE сухой корм для щенков всех пород с курицей 0,6 кг";620329
0;"PEDIGREE сухой корм для собак всех пород с говядиной 0,6 кг";620321
0;"PEDIGREE сухой корм для собак мелких пород с говядиной 0,6 кг";620322
0;"PALETTE крем-краска для волос Фитолиния Золотистый орех 670";520392
0;"PALETTE крем-краска для волос Фитолиния Золотисто-медный 557";520394
0;"ORGANIC PETS шампунь-кондиционер для собак и кошек натуральный гипоаллергенный  500 мл";620379
0;"ORGANIC PETS шампунь-пенка для кошек всех пород натуральный  150 мл";620380
0;"OREO печенье  шоколад 95 г";140147
0;"ORGANIC PETS гель для мытья лап после прогулки для собак всех пород натуральный  500 мл";620377
0;"ORAL-B Электрическая зубная щетка Triumph + Smart Guide";310285
0;"OREO печенье  228 г";140143
0;"ORAL-B Зубная щетка 3-Effect Натуральная Свежесть средняя 1+1 шт";310195
0;"ORAL-B Зубная щетка Комплекс Глубокая чистка мягкая";310191
0;"ORAL-B Зубная щетка Комплекс Глубокая Чистка средняя 1+1 шт";310204
0;"ORAL-B Зубная щетка Pro-Expert Clinic Line Pro-Flex средняя";310199
0;"ORAL-B Зубная щетка ProExpert Антибактериальная средняя";310208
0;"ORAL-B Зубная щетка ProExpert ЭкстраЧистка средняя 1+1 шт";310202
0;"OLD SPICE Дезодорант аэрозольный Danger Zone 125 мл";350153
0;"OLD SPICE Дезодорант аэрозольный Whitewater 125 мл";350178
0;"ORAL-B Зубная щетка 3-Effect Натуральная Свежесть средняя";310198
0;"NEFIS мыло туалетное Банное 160 г";330445
0;"OLD SPICE Дезодорант аэрозольный Champion 125 мл";350152
0;"NATURES TABLE сухой корм для собак Индейка с Овощами 0,8 кг";620066
0;"NATURES TABLE сухой корм для собак Курица с Рисом 0,8 кг";620068
0;"MR PROPER моющее средство Для Полов и Стен бережная уборка 0,5 л";430129
0;"N1 игрушка для собак Мини-гусь с пищалкой 14 см";620502
0;"MR PROPER Моющая жидкость для полов и стен Океан 0,5 л";430125
0;"MR PROPER Моющая жидкость для полов и стен Лавандовое Спокойствие 0,5 л";430119
0;"MR PROPER Моющая жидкость для полов и стен Лимон 0,75 л";430123
0;"MOMI подгузники Premium L (9-14 кг) 50 шт";710447
0;"MILKA печенье Sensations с шоколадной начинкой 156 г";140139
0;"MILKA печенье Soft & Choc с начинкой 175 г";140142
0;"MEN DEEP EFFECT 3 шампунь Активатор Роста с Аргинином 250 мл";520850
0;"MILKA печенье Choko Cow 200 г";140141
0;"MILKA печенье Sensations с кусочками шоколада 156 г";170246
0;"MALTAGLIATI макароны Filini вермишель 500 гр";150216
0;"MEINE LIEBE карандаш-пятновыводитель для детского белья 35 г";410191
0;"LUMINANCE COLOR крем-краска для волос Ультра платиновый осветлитель L12";520363
0;"LUMINANCE COLOR крем-краска для волос Дерзкий медный 8.87";520349
0;"LINDA PROFESSIONAL гель-бустер для душа Thermal Spa антиоксидантный 300 мл";330199
0;"LORADO персики половинки в сиропе 0,43 л";160097
0;"LOSK стиральный порошок Горное Озеро автомат 0,45 кг";410369
0;"LENOR концентрированный кондиционер для белья Прохлада океана 0,93 л";410118
0;"LENOR концентрированный кондиционер для белья Садовые цветы 0,93 л";410120
0;"LENOR концентрированный кондиционер для белья Скандинавская весна 0,5 л";410123
0;"LENOR концентрированный кондиционер для белья Золотая орхидея 0,93 л";410131
0;"LENOR концентрированный кондиционер для белья Аметист и Цветочный Букет 0,93 л";410115
0;"LENOR концентрированный кондиционер для белья Вербена 0,91 л";410126
0;"LENOR кондиционер для белья концентрированный цветение шелковой акации 0,91 л";410133
0;"LENOR концентрированный кондиционер для белья Альпийские луга 0,5 л";410113
0;"LENOR кондиционер для белья концентрированный масло ши 0,91 л";410135
0;"LENOR кондиционер для белья концентрированный морские минералы 0,91 л";410137
0;"KITEKAT сухой корм для кошек Улов рыбака 0,35 кг";610429
0;"LE PETIT MARSEILLAIS Гель-шампунь Кедр и минералы мужской 250 мл";570152
0;"KITEKAT сухой корм для кошек Телятинка аппетитная 0,35 кг";610431
0;"KITEKAT сухой корм для кошек Телятинка аппетитная 0,8 кг";610434
0;"KITEKAT сухой корм для кошек Мясной пир 0,8 кг";610433
0;"KITEKAT сухой корм для кошек Курочка аппетитная 0,8 кг";610432
0;"KITEKAT сухой корм для кошек Мясной пир 0,35 кг";610430
0;"INEY ополаскиватель для рта отбеливающий пенный Snow-foam 50 мл";310233
0;"KITEKAT сухой корм для кошек Курочка аппетитная 0,35 кг";610428
0;"INDOLA шампунь Repair для поврежденных волос 0,3 л";330778
0;"INDOLA шампунь Kera Restore для поврежденных волос 0,3 л";330776
0;"INDOLA шампунь Hydrate для сухих волос 0,3 л";330774
0;"INDOLA шампунь Color для окрашенных волос 0,3 л";330770
0;"IKEEP Чистящий крем Soft 700 мл";430390
0;"INDOLA бальзам-ополаскиватель Color 0,3 л";330080
0;"HILLS Science Plan сухой корм Sterilised Cat для стерилизованных кошек 0,3 кг";610098
0;"HILLS Science Plan сухой корм для кошек Optimal Care с ягненком 0,4 кг";610088
0;"HILLS Natures Best сухой корм для кошек Naturally Gentle с курицей 0,4 кг";610071
0;"HILLS Science Plan сухой корм для кошек Optimal Care с курицей 0,4 кг";610086
0;"HEINZ кетчуп Для стейка 0,35 кг";170061
0;"HEINZ кетчуп Томатный 0,34 кг";170069
0;"GREENFIELD чай черный в пакетиках Strawberry Gourmet  25 шт";120097
0;"GOT2B гель для укладки PhenoMENal для мужчин 150 мл";520552
0;"GOON трусики-подгузники для мальчиков XXL (13-25кг) 28 шт";710465
0;"GLISS KUR шампунь Магическое Укрепление 400 мл";330688
0;"GOON трусики-подгузники для девочек XXL (13-25кг) 28 шт";710466
0;"GLISS KUR подарочный набор Oil Nutritive Шампунь 250 мл + Бальзам для волос 250 мл";570020
0;"GLISS KUR маска для волос Экстремальное Восстановление 300 мл";520078
0;"GILLETTE станок для бритья Fusion ProGlide с 1 сменной кассетой";320239
0;"GILLETTE Pro бальзам после бритья 3-в-1 Мгновенное увлажнение SPF+15 50 мл";320104
0;"GILLETTE станок для бритья FUSION с 2 сменными кассетами";320245
0;"GILLETTE Антиперспирант гелевый Arctic Ice 70 мл";350169
0;"GILLETTE станок для бритья FUSION с 1 сменной кассетой";320244
0;"GARNIER молочко для снятия макияжа Основной Уход Экстракт Винограда для нормальной и смешанной кожи 200 мл";530225
0;"GARDEX аэрозоль от комаров и клещей на одежду Naturin 100 мл";460113
0;"FRESHLIGHT шампунь для волос с экстрактом цветка Магнолии для девочек 300 мл";330671
0;"FRESHLIGHT гель для душа с экстрактом цветка Магнолии для девочек 300 мл";330291
0;"FRESHLIGHT маска для волос с экстрактом цветка Магнолии для девочек 300 мл";520073
0;"FAIRY Капсулы для посудомоечных машин Platinum 70 шт";430161
0;"FREE TIME стиральный порошок Color автомат 0,35 кг";410341
0;"FAIRY Капсулы для посудомоечных машин Platinum 10 шт";430157
0;"FAIRY Капсулы для посудомоечных машин 22+22 шт";430151
0;"FAIRY Капсулы для посудомоечных машин 84 шт";430156
0;"FA подарочный набор Ритмы острава Гавайи Гель для душа 250 мл + Дезодорант-спрей 150 мл";570018
0;"ELSEVE бальзам Полное восстановление секущихся кончиков 200 мл";330012
0;"DURU гель для душа Горная свежесть 250 мл";330256
0;"DURU гель для душа Цветочное облако 250 мл";330255
0;"DOVE Men дезодорант-антиперсперант аэрозольный Elements Minerals+ Sage Свежесть минералов и шалфея для мужчин 150 мл";350227
0;"DOVE спрей-объем для волос Advanced Hair Series Легкость Кислорода 150 мл";520119
0;"DOVE дезодорант-антиперсперант роликовый Go Fresh Пробуждение Чувств 50 мл";350085
0;"DOMESTOS чистящее средство Green Лайм для унитаза 750 мл";430484
0;"DOMESTOS чистящее средство Эксперт Сила 7 для унитаза Ультра Белый 500 мл";430483
0;"DOMESTOS чистящее средство Эксперт Сила 7 для унитаза Ультра Белый 1 л";430482
0;"DOMESTOS чистящее средство Ультра Блеск для унитаза 1 л";430485
0;"DOMESTOS чистящее средство Активный Щит для унитаза Свежесть Лайма 750 мл";430478
0;"DOMESTOS чистящее средство Активный Щит для унитаза Свежесть Океана 750 мл";430479
0;"DOMESTOS универсальный чистящий гель Хвойная Свежесть 0,5 л";430375
0;"DOMESTOS универсальный чистящий гель Свежесть Лаванды 0,5 л";460277
0;"DOMESTOS универсальный чистящий гель Свежесть Атлантики 0,5 л";430382
0;"DOMESTOS универсальный чистящий гель Лимонная Свежесть 0,5 л";460276
0;"DIADEMINE подарочный набор 48 часов увлажнения Гель 50 мл + Лосьон для снятия макияжа с глаз 125 мл";570013
0;"DIADEMINE крем для лица Lift + Увлажнение дневной 50 мл";530059
0;"DELISS нейтрализатор запаха для автомобиля Comfort Тройного действия 100 мл";450122
0;"DELISS ароматизатор для автомобиля Romance картонный 1 шт";450115
0;"DELISS ароматизатор для автомобиля Joy картонный 1 шт";450112
0;"DELISS ароматизатор для автомобиля Romance  мембранный 4 мл";450116
0;"DELISS ароматизатор для автомобиля Harmony картонный 1 шт";450110
0;"COMET чистящий гель Лимон 0,5 л";430360
0;"COMET Чистящий гель Океанский бриз 0,5 л";430362
0;"DELISS ароматизатор для автомобиля Comfort картонный 1 шт";450107
0;"CJ LION средство для мытья посуды Chamgreen Зеленый Чай 0,96 л";430212
0;"COMET Чистящий гель Весенняя свежесть 0,5 л";430365
0;"CHAPPI сухой корм для собак с говядиной 0,6 кг";620313
0;"CJ LION средство для мытья посуды Chamgreen Древесный Уголь 0,96 л";430208
0;"CHAPPI сухой корм для собак мясное изобилие 0,6 кг";620314
0;"CHAMOS сыворотка для лица Acaci Oil Drop Антивозрастная с Улиточным Экстрактом 50 мл";530280
0;"BRIT Care сухой корм для котят, беременных и кормящих кошек 0,4 кг";610032
0;"BLONDME маска для волос Tone Enhancing бондинг-маска для поддержания холодных оттенков 200 мл";520061
0;"BONACURE маска для волос PH 4.5 Color Freeze для окрашенных волос 750 мл";520065
0;"BONACURE шампунь PH 4.5 Color Freeze мицеллярный бессульфатный для окрашенных волос 250 мл";520806
0;"BLEND-A-MED Зубная паста Анти Кариес Здоровая Белизна Деликатное отбеливание 100 мл";310090
0;"BLEND-A-MED зубная паста Pro-Expert Свежая Мята 100 мл";310102
0;"BIOMED зубная щетка Silver с ионами серебра средняя";310175
0;"BIMAX стиральный порошок Белоснежные вершины автомат 0,4 кг";410277
0;"BIMAX стиральный порошок 100 пятен автомат 0,4 кг";410272
0;"BEOLOGY шампунь Deep Sea Extract Anti-Frizz для непослушных волос 400 мл";520795
0;"BAGI Средство для чистки Шуманит Жироудалитель пена 0,4 л";430418
0;"BAGI Средство для чистки Шуманит Жироудалитель 0,4 л";430417
0;"BAGI Средство для чистки Шуманит для стеклокерамики 0,5 л";430415
0;"ARIEL cтиральный порошок Аромат Масла Ши автомат 0,45 кг";410209
0;"ARIEL стиральный порошок Touch of Lenor Fresh автомат 0,45 кг";410264
0;"ARIEL стиральный порошок Color автомат 0,45 кг";410247
0;"ARIEL стиральный порошок Горный родник автомат 0,45 кг";410256
0;"ARIEL Гель для стирки Горный родник 0,98 л";410225
0;"ARIEL Гель для стирки в капсулах Color автомат 23 шт";410233
0;"AOS средство для мытья посуды Бальзам Алоэ Вера 0,45 л";430184
0;"AOS средство для мытья посуды Бальзам Алоэ Вера 0,9 л";430185
0;"AOS средство для мытья посуды Бальзам 0,9 л";430183
0;"AOS средство для мытья посуды Бальзам 0,45 л";430182
0;"ACE Отбеливатель жидкий Бережное отбеливание 1 л";410168
0;"Я РОДИЛСЯ стиральный порошок детский для белого белья автомат 0,4 кг";740049
0;"ЮБИЛЕЙНОЕ печенье  Традиционное 112 г";140174
0;"ЮБИЛЕЙНОЕ печенье  С Темной Глазурью ореховое 116 г";140173
0;"ЮБИЛЕЙНОЕ печенье  С Кусочками Клюквы 112 г";140169
0;"ЮБИЛЕЙНОЕ печенье  С Темной Глазурью 116 г";140171
0;"ЮБИЛЕЙНОЕ печенье  С Глазурью молочное 116 г";140168
0;"ЮБИЛЕЙНОЕ печенье  С Глазурью какао 116 г";140167
0;"ЧИСТЮЛЯ Легкая салфетки для уборки Шерсть и Волосы из микрофибры для пола 1 шт";250042
0;"ЮБИЛЕЙНОЕ печенье  Молочное 112 г";140165
0;"ЧИСТАЯ ЛИНИЯ Шампунь-кондиционер и гель для душа 3 в 1 Энергия и чистота для мужчин 400 мл";520818
0;"ЧИСТАЯ ЛИНИЯ Шампунь-бальзам 2в1 Мягкий Мицеллярный для частого мытья 400 мл";520811
0;"ЧИСТАЯ ЛИНИЯ Шампунь-бальзам 2в1 Мягкий Мицеллярный для частого мытья 250 мл";520810
0;"ЧИСТАЯ ЛИНИЯ Шампунь ФИТОБАНЯ для Всех типов волос 400 мл";520817
0;"ЧИСТАЯ ЛИНИЯ Шампунь Пшеница и отвар Льна для Тонких и ослабленных волос 400 мл";520828
0;"ЧИСТАЯ ЛИНИЯ Фито-крем для лица Ночной Арника и Жимолость от 45 лет 45мл";530042
0;"ЧИСТАЯ ЛИНИЯ Фито-крем для лица Дневной Шлемник и Морошка от 55 лет 45 мл";530041
0;"ЧИСТАЯ ЛИНИЯ Фито-крем для лица Дневной Анрика и Жимолость от 45 лет 45 мл";530039
0;"NESCAFE кофе Gold Barista c добавлением молотого мягкая упаковка 150 г";110148
0;"ЧИСТАЯ ЛИНИЯ бальзам-ополаскиватель Объем и Сила пшеница для тонких и ослабленных волос 380 мл";520024
0;"ЧИСТАЯ ЛИНИЯ бальзам-ополаскиватель Объем и Сила пшеница для тонких и ослабленных волос 230 мл";520023
0;"ЧЕРНЫЙ ЖЕМЧУГ Подарочный набор Нежность Скраб для лица для нормальной и комбинированной кожи 80 мл + Освежающий тоник для нормальной и комбинированной кожи 200 мл";570011
0;"ЧЕРНЫЙ ЖЕМЧУГ крем-сыворотка для лица и век Самоомоложение Активатор лифтинг-Эффекта 46+ 30 мл";530281
0;"ЧЕРНЫЙ ЖЕМЧУГ Крем для лица BIO-программа 56+ 50 мл";530026
0;"ЧАЙКА стиральный порошок Яркий цвет и зимняя свежесть автомат 0,4 кг";410320
0;"ФОТОН Удлинитель сетевой с заземлением 16-33Е, 3 розетки, 3м, 16А";240016
0;"ТОНИКА Оттеночный Шампунь Нейтрализатор желтизны с эффектом биоламинирования 150 мл";520535
0;"СОЮЗГРИЛЬ Уголь Рекордсмен 20 л";210057
0;"СОЛНЦЕ И ЛУНА шампунь детский для мальчиков Тачки 200 мл";520892
0;"СОЮЗГРИЛЬ Жидкость для розжига Зарница 0,5 л";250163
0;"Сгон для совка Леголэнд 35 см";250154
0;"ПЕМОС стиральный порошок Color автомат 0,35 кг";410413
0;"ПОМИДОРКА лечо 480 мл";170263
0;"ПОМИДОРКА томатная паста 0,38 кг";170106
0;"НАЦИОНАЛЬ Premium рис смесь Дикого и бурого риса 500 г";150109
0;"ПЕМОС стиральный порошок Зимнее Утро автомат 0,35 кг";410416
0;"МОЕ СОЛНЫШКО Бальзам детский после укусов насекомых";460137
0;"МИФ стиральный порошок Морозная Свежесть ручная стирка 0,9 кг";410396
0;"МИФ стиральный порошок Свежесть Лаванды и Ромашки автомат 0,4 кг";410407
0;"МИФ Средство для мытья посуды Лимонная свежесть 0,5 л";430256
0;"МИФ Средство для мытья посуды Свежесть цитрусов 0,5 л";430259
0;"МИФ Средство для мытья посуды Бальзам АлоэВера 0,5 л";430253
0;"МИФ гель для стирки Морозная свежесть 0,78 л";410379
0;"ЛЕСНОЙ БАЛЬЗАМ Набор Зубная паста Комплексная защита 20 мл + Ополаскиватель 90 мл + Зубная щетка Тонус эффект 1 шт";310173
0;"КОРОВКА ИЗ КОРЕНОВКИ Молоко сгущенное 0,38 кг";150238
0;"БИОЛАН стиральный Порошок Эконом Эксперт Автомат 0,35 кг";410297
0;"БИОЛАН стиральный порошок Эконом Эксперт ручная стирка 0,35 кг";410300
0;"БИОЛАН стиральный порошок Белые цветы автомат 0,35 кг";410289
0;"БИОЛАН стиральный порошок Апельсин и Лимон автомат 0,35 кг";460265
0;"БИОЛАН Средство для мытья посуды Бальзам с Алоэ вера 0,9 л";430199
0;"БИОЛАН Средство для мытья посуды Бальзам с Алоэ вера 0,45 л";430198
0;"АВЗ витамины для щенков Радостин от 21 дня до 18 мес с говядиной и пребиотики 90 т";620345
0;"КУРНОСИКИ соска силиконовая большого размера средний поток 2 шт";780158
0;"БАРСИК наполнитель для кошачьего туалета Кукурузный 4,5 л";610493
0;"7 DAYS круассан CHIPICAO мини Драконы 50 г";140087
