"Артикул";"Цена_Трансазия";"Цена_Розничная"
"570240";"1925";"2406"
"460426";"1016";"1270"
"790185";"1131";"1414"
"570245";"665";"831"
"570246";"955";"1194"
"570239";"947";"1184"
"570234";"770";"962"
"460427";"1016";"1270"
"790186";"799";"999"
"790187";"759";"949"
"790188";"619";"774"
"";"";" "
"";"";" "
"";"";" "
"";"";" "
"";"";" "
"";"";" "
"";"";" "
"";"";" "
"";"";" "
"";"";" "
"";"";" "
"";"";" "
"";"";" "
"";"";" "
"";"";" "
"";"";" "
"";"";" "
"";"";" "
"";"";" "
"";"";" "
"";"";" "
"";"";" "
"";"";" "
"";"";" "
"";"";" "
"";"";" "
"";"";" "
"";"";" "
"";"";" "
"";"";" "
"";"";" "
"";"";" "
"";"";" "
"";"";" "
"";"";" "
"";"";" "
"";"";" "
"";"";" "
"";"";" "
"";"";" "
"";"";" "
"";"";" "
"";"";" "
"";"";" "
"";"";" "
"";"";" "
"";"";" "
"";"";" "
"";"";" "
"";"";" "
"";"";" "
"";"";" "
"";"";" "
"";"";" "
"";"";" "
"";"";" "
"";"";" "
"";"";" "
"";"";" "
"";"";" "
"";"";" "
"";"";" "
"";"";" "
"";"";" "
"";"";" "
"";"";" "
"";"";" "
"";"";" "
"";"";" "
"";"";" "
"";"";" "
"";"";" "
"";"";" "
"";"";" "
"";"";" "
"";"";" "
"";"";" "
"";"";" "
"";"";" "
"";"";" "
"";"";" "
"";"";" "
"";"";" "
"";"";" "
"";"";" "
"";"";" "
"";"";" "
"";"";" "
"";"";" "
"";"";" "
"";"";" "
"";"";" "
"";"";" "
"";"";" "
"";"";" "
"";"";" "
"";"";" "
"";"";" "
"";"";" "
"";"";" "
"";"";" "
"";"";" "
"";"";" "
"";"";" "
"";"";" "
"";"";" "
"";"";" "
"";"";" "
"";"";" "
"";"";" "
"";"";" "
"";"";" "
"";"";" "
"";"";" "
"";"";" "
"";"";" "
"";"";" "
"";"";" "
"";"";" "
"";"";" "
"";"";" "
"";"";" "
"";"";" "
"";"";" "
"";"";" "
"";"";" "
"";"";" "
"";"";" "
"";"";" "
"";"";" "
"";"";" "
"";"";" "
"";"";" "
"";"";" "
"";"";" "
"";"";" "
"";"";" "
"";"";" "
"";"";" "
"";"";" "
"";"";" "
"";"";" "
"";"";" "
"";"";" "
"";"";" "
"";"";" "
"";"";" "
"";"";" "
"";"";" "
"";"";" "
"";"";" "
"";"";" "
"";"";" "
"";"";" "
"";"";" "
"";"";" "
"";"";" "
"";"";" "
"";"";" "
"";"";" "
"";"";" "
"";"";" "
"";"";" "
"";"";" "
"";"";" "
"";"";" "
"";"";" "
"";"";" "
"";"";" "
"";"";" "
"";"";" "
"";"";" "
"";"";" "
"";"";" "
"";"";" "
"";"";" "
"";"";" "
"";"";" "
"";"";" "
"";"";" "
"";"";" "
"";"";" "
"";"";" "
"";"";" "
"";"";" "
"";"";" "
"";"";" "
"";"";" "
"";"";" "
"";"";" "
"";"";" "
"";"";" "
"";"";" "
"";"";" "
"";"";" "
"";"";" "
"";"";" "
"";"";" "
"";"";" "
"";"";" "
"";"";" "
"";"";" "
"";"";" "
"";"";" "
"";"";" "
"";"";" "
"";"";" "
"";"";" "
"";"";" "
"";"";" "
"";"";" "
"";"";" "
"";"";" "
"";"";" "
"";"";" "
"";"";" "
"";"";" "
"";"";" "
"";"";" "
"";"";" "
"";"";" "
"";"";" "
"";"";" "
"";"";" "
"";"";" "
"";"";" "
"";"";" "
"";"";" "
"";"";" "
"";"";" "
"";"";" "
"";"";" "
"";"";" "
"";"";" "
"";"";" "
"";"";" "
"";"";" "
"";"";" "
"";"";" "
"";"";" "
"";"";" "
"";"";" "
"";"";" "
"";"";" "
"";"";" "
"";"";" "
"";"";" "
"";"";" "
"";"";" "
"";"";" "
"";"";" "
"";"";" "
"";"";" "
"";"";" "
"";"";" "
"";"";" "
"";"";" "
"";"";" "
"";"";" "
"";"";" "
"";"";" "
"";"";" "
"";"";" "
"";"";" "
"";"";" "
"";"";" "
"";"";" "
"";"";" "
"";"";" "
"";"";" "
"";"";" "
"";"";" "
"";"";" "
"";"";" "
"";"";" "
"";"";" "
"";"";" "
"";"";" "
"";"";" "
"";"";" "
"";"";" "
"";"";" "
"";"";" "
"";"";" "
"";"";" "
"";"";" "
"";"";" "
"";"";" "
"";"";" "
"";"";" "
"";"";" "
"";"";" "
"";"";" "
"";"";" "
"";"";" "
"";"";" "
"";"";" "
"";"";" "
"";"";" "
"";"";" "
"";"";" "
"";"";" "
"";"";" "
"";"";" "
"";"";" "
"";"";" "
"";"";" "
"";"";" "
"";"";" "
"";"";" "
"";"";" "
"";"";" "
"";"";" "
"";"";" "
"";"";" "
"";"";" "
"";"";" "
"";"";" "
"";"";" "
"";"";" "
"";"";" "
"";"";" "
"";"";" "
"";"";" "
"";"";" "
"";"";" "
"";"";" "
"";"";" "
"";"";" "
"";"";" "
"";"";" "
"";"";" "
"";"";" "
"";"";" "
"";"";" "
"";"";" "
"";"";" "
"";"";" "
"";"";" "
"";"";" "
"";"";" "
"";"";" "
"";"";" "
"";"";" "
"";"";" "
"";"";" "
"";"";" "
"";"";" "
"";"";" "
"";"";" "
"";"";" "
"";"";" "
"";"";" "
"";"";" "
"";"";" "
"";"";" "
"";"";" "
"";"";" "
"";"";" "
"";"";" "
"";"";" "
"";"";" "
"";"";" "
"";"";" "
"";"";" "
"";"";" "
"";"";" "
"";"";" "
"";"";" "
"";"";" "
"";"";" "
"";"";" "
"";"";" "
"";"";" "
"";"";" "
"";"";" "
"";"";" "
"";"";" "
"";"";" "
"";"";" "
"";"";" "
"";"";" "
"";"";" "
"";"";" "
"";"";" "
"";"";" "
"";"";" "
"";"";" "
"";"";" "
"";"";" "
"";"";" "
"";"";" "
"";"";" "
"";"";" "
"";"";" "
"";"";" "
"";"";" "
"";"";" "
"";"";" "
"";"";" "
"";"";" "
"";"";" "
"";"";" "
"";"";" "
"";"";" "
"";"";" "
"";"";" "
"";"";" "
"";"";" "
"";"";" "
"";"";" "
"";"";" "
"";"";" "
"";"";" "
"";"";" "
"";"";" "
"";"";" "
"";"";" "
"";"";" "
"";"";" "
"";"";" "
"";"";" "
"";"";" "
"";"";" "
"";"";" "
"";"";" "
"";"";" "
"";"";" "
"";"";" "
"";"";" "
"";"";" "
"";"";" "
"";"";" "
"";"";" "
"";"";" "
"";"";" "
"";"";" "
"";"";" "
"";"";" "
"";"";" "
"";"";" "
"";"";" "
"";"";" "
"";"";" "
"";"";" "
"";"";" "
"";"";" "
"";"";" "
"";"";" "
"";"";" "
"";"";" "
"";"";" "
"";"";" "
"";"";" "
"";"";" "
"";"";" "
"";"";" "
"";"";" "
"";"";" "
"";"";" "
"";"";" "
"";"";" "
"";"";" "
"";"";" "
"";"";" "
"";"";" "
"";"";" "
"";"";" "
"";"";" "
"";"";" "
"";"";" "
"";"";" "
"";"";" "
"";"";" "
"";"";" "
"";"";" "
"";"";" "
"";"";" "
"";"";" "
"";"";" "
"";"";" "
"";"";" "
"";"";" "
"";"";" "
"";"";" "
"";"";" "
"";"";" "
"";"";" "
"";"";" "
"";"";" "
"";"";" "
"";"";" "
"";"";" "
"";"";" "
"";"";" "
"";"";" "
"";"";" "
"";"";" "
"";"";" "
"";"";" "
"";"";" "
"";"";" "
"";"";" "
"";"";" "
"";"";" "
"";"";" "
"";"";" "
"";"";" "
"";"";" "
"";"";" "
"";"";" "
"";"";" "
"";"";" "
"";"";" "
"";"";" "
"";"";" "
"";"";" "
"";"";" "
"";"";" "
"";"";" "
"";"";" "
"";"";" "
"";"";" "
"";"";" "
"";"";" "
"";"";" "
"";"";" "
"";"";" "
"";"";" "
"";"";" "
"";"";" "
"";"";" "
"";"";" "
"";"";" "
"";"";" "
"";"";" "
"";"";" "
"";"";" "
"";"";" "
"";"";" "
"";"";" "
"";"";" "
"";"";" "
"";"";" "
"";"";" "
"";"";" "
"";"";" "
"";"";" "
"";"";" "
"";"";" "
"";"";" "
"";"";" "
"";"";" "
"";"";" "
"";"";" "
"";"";" "
"";"";" "
"";"";" "
"";"";" "
"";"";" "
"";"";" "
"";"";" "
"";"";" "
"";"";" "
"";"";" "
"";"";" "
"";"";" "
"";"";" "
"";"";" "
"";"";" "
"";"";" "
"";"";" "
"";"";" "
"";"";" "
"";"";" "
"";"";" "
"";"";" "
"";"";" "
"";"";" "
"";"";" "
"";"";" "
"";"";" "
"";"";" "
"";"";" "
"";"";" "
"";"";" "
"";"";" "
"";"";" "
"";"";" "
"";"";" "
"";"";" "
"";"";" "
"";"";" "
"";"";" "
"";"";" "
"";"";" "
"";"";" "
"";"";" "
"";"";" "
"";"";" "
"";"";" "
"";"";" "
"";"";" "
"";"";" "
"";"";" "
"";"";" "
"";"";" "
"";"";" "
"";"";" "
"";"";" "
"";"";" "
"";"";" "
"";"";" "
"";"";" "
"";"";" "
"";"";" "
"";"";" "
"";"";" "
"";"";" "
"";"";" "
"";"";" "
"";"";" "
"";"";" "
"";"";" "
"";"";" "
"";"";" "
"";"";" "
"";"";" "
"";"";" "
"";"";" "
"";"";" "
"";"";" "
"";"";" "
"";"";" "
"";"";" "
"";"";" "
"";"";" "
"";"";" "
"";"";" "
"";"";" "
"";"";" "
"";"";" "
"";"";" "
"";"";" "
"";"";" "
"";"";" "
"";"";" "
"";"";" "
"";"";" "
"";"";" "
"";"";" "
"";"";" "
"";"";" "
"";"";" "
"";"";" "
"";"";" "
"";"";" "
"";"";" "
"";"";" "
"";"";" "
"";"";" "
"";"";" "
"";"";" "
"";"";" "
"";"";" "
"";"";" "
"";"";" "
"";"";" "
"";"";" "
"";"";" "
"";"";" "
"";"";" "
"";"";" "
"";"";" "
"";"";" "
"";"";" "
"";"";" "
"";"";" "
"";"";" "
"";"";" "
"";"";" "
"";"";" "
"";"";" "
"";"";" "
"";"";" "
"";"";" "
"";"";" "
"";"";" "
"";"";" "
"";"";" "
"";"";" "
"";"";" "
"";"";" "
"";"";" "
"";"";" "
"";"";" "
"";"";" "
"";"";" "
"";"";" "
"";"";" "
"";"";" "
"";"";" "
"";"";" "
"";"";" "
"";"";" "
"";"";" "
"";"";" "
"";"";" "
"";"";" "
"";"";" "
"";"";" "
"";"";" "
"";"";" "
"";"";" "
"";"";" "
"";"";" "
"";"";" "
"";"";" "
"";"";" "
"";"";" "
"";"";" "
"";"";" "
"";"";" "
"";"";" "
"";"";" "
"";"";" "
"";"";" "
"";"";" "
"";"";" "
"";"";" "
"";"";" "
"";"";" "
"";"";" "
"";"";" "
"";"";" "
"";"";" "
"";"";" "
"";"";" "
"";"";" "
"";"";" "
"";"";" "
"";"";" "
"";"";" "
"";"";" "
"";"";" "
"";"";" "
"";"";" "
"";"";" "
"";"";" "
"";"";" "
"";"";" "
"";"";" "
"";"";" "
"";"";" "
"";"";" "
"";"";" "
"";"";" "
"";"";" "
"";"";" "
"";"";" "
"";"";" "
"";"";" "
"";"";" "
"";"";" "
"";"";" "
"";"";" "
"";"";" "
"";"";" "
"";"";" "
"";"";" "
"";"";" "
"";"";" "
"";"";" "
"";"";" "
"";"";" "
"";"";" "
"";"";" "
"";"";" "
"";"";" "
"";"";" "
"";"";" "
"";"";" "
"";"";" "
"";"";" "
"";"";" "
"";"";" "
"";"";" "
"";"";" "
"";"";" "
"";"";" "
"";"";" "
"";"";" "
"";"";" "
"";"";" "
"";"";" "
"";"";" "
"";"";" "
"";"";" "
"";"";" "
"";"";" "
"";"";" "
"";"";" "
"";"";" "
"";"";" "
"";"";" "
"";"";" "
"";"";" "
"";"";" "
"";"";" "
"";"";" "
"";"";" "
"";"";" "
"";"";" "
"";"";" "
"";"";" "
"";"";" "
"";"";" "
"";"";" "
"";"";" "
"";"";" "
"";"";" "
"";"";" "
"";"";" "
"";"";" "
"";"";" "
"";"";" "
"";"";" "
"";"";" "
"";"";" "
"";"";" "
"";"";" "
"";"";" "
"";"";" "
"";"";" "
"";"";" "
"";"";" "
"";"";" "
"";"";" "
"";"";" "
"";"";" "
"";"";" "
"";"";" "
"";"";" "
"";"";" "
"";"";" "
"";"";" "
"";"";" "
"";"";" "
"";"";" "
"";"";" "
"";"";" "
"";"";" "
"";"";" "
"";"";" "
"";"";" "
"";"";" "
"";"";" "
"";"";" "
"";"";" "
"";"";" "
"";"";" "
"";"";" "
"";"";" "
"";"";" "
"";"";" "
"";"";" "
"";"";" "
"";"";" "
"";"";" "
"";"";" "
"";"";" "
"";"";" "
"";"";" "
"";"";" "
"";"";" "
"";"";" "
"";"";" "
"";"";" "
"";"";" "
"";"";" "
"";"";" "
"";"";" "
"";"";" "
"";"";" "
"";"";" "
"";"";" "
"";"";" "
"";"";" "
"";"";" "
"";"";" "
"";"";" "
"";"";" "
"";"";" "
"";"";" "
"";"";" "
"";"";" "
"";"";" "
"";"";" "
"";"";" "
"";"";" "
"";"";" "
"";"";" "
"";"";" "
"";"";" "
"";"";" "
"";"";" "
"";"";" "
"";"";" "
"";"";" "
"";"";" "
"";"";" "
"";"";" "
"";"";" "
"";"";" "
"";"";" "
"";"";" "
"";"";" "
"";"";" "
"";"";" "
"";"";" "
"";"";" "
"";"";" "
"";"";" "
"";"";" "
"";"";" "
"";"";" "
"";"";" "
"";"";" "
"";"";" "
"";"";" "
"";"";" "
"";"";" "
"";"";" "
"";"";" "
"";"";" "
"";"";" "
"";"";" "
"";"";" "
"";"";" "
"";"";" "
"";"";" "
"";"";" "
"";"";" "
"";"";" "
"";"";" "
"";"";" "
"";"";" "
"";"";" "
"";"";" "
"";"";" "
"";"";" "
"";"";" "
"";"";" "
"";"";" "
"";"";" "
"";"";" "
"";"";" "
"";"";" "
"";"";" "
"";"";" "
"";"";" "
"";"";" "
"";"";" "
"";"";" "
"";"";" "
"";"";" "
"";"";" "
"";"";" "
"";"";" "
"";"";" "
"";"";" "
"";"";" "
"";"";" "
"";"";" "
"";"";" "
"";"";" "
"";"";" "
"";"";" "
"";"";" "
"";"";" "
"";"";" "
"";"";" "
"";"";" "
"";"";" "
"";"";" "
"";"";" "
"";"";" "
"";"";" "
"";"";" "
"";"";" "
"";"";" "
"";"";" "
"";"";" "
"";"";" "
"";"";" "
"";"";" "
"";"";" "
"";"";" "
"";"";" "
"";"";" "
"";"";" "
"";"";" "
"";"";" "
"";"";" "
"";"";" "
"";"";" "
"";"";" "
"";"";" "
"";"";" "
"";"";" "
"";"";" "
"";"";" "
"";"";" "
"";"";" "
"";"";" "
"";"";" "
"";"";" "
"";"";" "
"";"";" "
"";"";" "
"";"";" "
"";"";" "
"";"";" "
"";"";" "
"";"";" "
"";"";" "
"";"";" "
"";"";" "
"";"";" "
"";"";" "
"";"";" "
"";"";" "
"";"";" "
"";"";" "
"";"";" "
"";"";" "
"";"";" "
"";"";" "
"";"";" "
"";"";" "
"";"";" "
"";"";" "
"";"";" "
"";"";" "
"";"";" "
"";"";" "
"";"";" "
"";"";" "
"";"";" "
"";"";" "
"";"";" "
"";"";" "
"";"";" "
"";"";" "
"";"";" "
"";"";" "
"";"";" "
"";"";" "
"";"";" "
"";"";" "
"";"";" "
"";"";" "
"";"";" "
"";"";" "
"";"";" "
"";"";" "
"";"";" "
"";"";" "
"";"";" "
"";"";" "
"";"";" "
"";"";" "
"";"";" "
"";"";" "
"";"";" "
"";"";" "
"";"";" "
"";"";" "
"";"";" "
"";"";" "
"";"";" "
"";"";" "
"";"";" "
"";"";" "
"";"";" "
"";"";" "
"";"";" "
"";"";" "
"";"";" "
"";"";" "
"";"";" "
"";"";" "
"";"";" "
"";"";" "
"";"";" "
"";"";" "
"";"";" "
"";"";" "
"";"";" "
"";"";" "
"";"";" "
"";"";" "
"";"";" "
"";"";" "
"";"";" "
"";"";" "
"";"";" "
"";"";" "
"";"";" "
"";"";" "
"";"";" "
"";"";" "
"";"";" "
"";"";" "
"";"";" "
"";"";" "
"";"";" "
"";"";" "
"";"";" "
"";"";" "
"";"";" "
"";"";" "
"";"";" "
"";"";" "
"";"";" "
"";"";" "
"";"";" "
"";"";" "
"";"";" "
"";"";" "
"";"";" "
"";"";" "
"";"";" "
"";"";" "
"";"";" "
"";"";" "
"";"";" "
"";"";" "
"";"";" "
"";"";" "
"";"";" "
"";"";" "
"";"";" "
"";"";" "
"";"";" "
"";"";" "
"";"";" "
"";"";" "
"";"";" "
"";"";" "
"";"";" "
"";"";" "
"";"";" "
"";"";" "
"";"";" "
"";"";" "
"";"";" "
"";"";" "
"";"";" "
"";"";" "
"";"";" "
"";"";" "
"";"";" "
"";"";" "
"";"";" "
"";"";" "
"";"";" "
"";"";" "
"";"";" "
"";"";" "
"";"";" "
"";"";" "
"";"";" "
"";"";" "
"";"";" "
"";"";" "
"";"";" "
"";"";" "
"";"";" "
"";"";" "
"";"";" "
"";"";" "
"";"";" "
"";"";" "
"";"";" "
"";"";" "
"";"";" "
"";"";" "
"";"";" "
"";"";" "
"";"";" "
"";"";" "
"";"";" "
"";"";" "
"";"";" "
"";"";" "
"";"";" "
"";"";" "
"";"";" "
"";"";" "
"";"";" "
"";"";" "
"";"";" "
"";"";" "
"";"";" "
"";"";" "
"";"";" "
"";"";" "
"";"";" "
"";"";" "
"";"";" "
"";"";" "
"";"";" "
"";"";" "
"";"";" "
"";"";" "
"";"";" "
"";"";" "
"";"";" "
"";"";" "
"";"";" "
"";"";" "
"";"";" "
"";"";" "
"";"";" "
"";"";" "
"";"";" "
"";"";" "
"";"";" "
"";"";" "
"";"";" "
"";"";" "
"";"";" "
"";"";" "
"";"";" "
"";"";" "
"";"";" "
"";"";" "
"";"";" "
"";"";" "
"";"";" "
"";"";" "
"";"";" "
"";"";" "
"";"";" "
"";"";" "
"";"";" "
"";"";" "
"";"";" "
"";"";" "
"";"";" "
"";"";" "
"";"";" "
"";"";" "
"";"";" "
"";"";" "
"";"";" "
"";"";" "
"";"";" "
"";"";" "
"";"";" "
"";"";" "
"";"";" "
"";"";" "
"";"";" "
"";"";" "
"";"";" "
"";"";" "
"";"";" "
"";"";" "
"";"";" "
"";"";" "
"";"";" "
"";"";" "
"";"";" "
"";"";" "
"";"";" "
"";"";" "
"";"";" "
"";"";" "
"";"";" "
"";"";" "
"";"";" "
"";"";" "
"";"";" "
"";"";" "
"";"";" "
"";"";" "
"";"";" "
"";"";" "
"";"";" "
"";"";" "
"";"";" "
"";"";" "
"";"";" "
"";"";" "
"";"";" "
"";"";" "
"";"";" "
"";"";" "
"";"";" "
"";"";" "
"";"";" "
"";"";" "
"";"";" "
"";"";" "
"";"";" "
"";"";" "
"";"";" "
"";"";" "
"";"";" "
"";"";" "
"";"";" "
"";"";" "
"";"";" "
"";"";" "
"";"";" "
"";"";" "
"";"";" "
"";"";" "
"";"";" "
"";"";" "
"";"";" "
"";"";" "
"";"";" "
"";"";" "
"";"";" "
"";"";" "
"";"";" "
"";"";" "
"";"";" "
"";"";" "
"";"";" "
"";"";" "
"";"";" "
"";"";" "
"";"";" "
"";"";" "
"";"";" "
"";"";" "
"";"";" "
"";"";" "
"";"";" "
"";"";" "
"";"";" "
"";"";" "
"";"";" "
"";"";" "
"";"";" "
"";"";" "
"";"";" "
"";"";" "
"";"";" "
"";"";" "
"";"";" "
"";"";" "
"";"";" "
"";"";" "
"";"";" "
"";"";" "
"";"";" "
"";"";" "
"";"";" "
"";"";" "
"";"";" "
"";"";" "
"";"";" "
"";"";" "
"";"";" "
"";"";" "
"";"";" "
"";"";" "
"";"";" "
"";"";" "
"";"";" "
"";"";" "
"";"";" "
"";"";" "
"";"";" "
"";"";" "
"";"";" "
"";"";" "
"";"";" "
"";"";" "
"";"";" "
"";"";" "
"";"";" "
"";"";" "
"";"";" "
"";"";" "
"";"";" "
"";"";" "
"";"";" "
"";"";" "
"";"";" "
"";"";" "
"";"";" "
"";"";" "
"";"";" "
"";"";" "
"";"";" "
"";"";" "
"";"";" "
"";"";" "
"";"";" "
"";"";" "
"";"";" "
"";"";" "
"";"";" "
"";"";" "
"";"";" "
"";"";" "
"";"";" "
"";"";" "
"";"";" "
"";"";" "
"";"";" "
"";"";" "
"";"";" "
"";"";" "
"";"";" "
"";"";" "
"";"";" "
"";"";" "
"";"";" "
"";"";" "
"";"";" "
"";"";" "
"";"";" "
"";"";" "
"";"";" "
"";"";" "
"";"";" "
"";"";" "
"";"";" "
"";"";" "
"";"";" "
"";"";" "
"";"";" "
"";"";" "
"";"";" "
"";"";" "
"";"";" "
"";"";" "
"";"";" "
"";"";" "
"";"";" "
"";"";" "
"";"";" "
"";"";" "
"";"";" "
"";"";" "
"";"";" "
"";"";" "
"";"";" "
"";"";" "
"";"";" "
"";"";" "
"";"";" "
"";"";" "
"";"";" "
"";"";" "
"";"";" "
"";"";" "
"";"";" "
"";"";" "
"";"";" "
"";"";" "
"";"";" "
"";"";" "
"";"";" "
"";"";" "
"";"";" "
"";"";" "
"";"";" "
"";"";" "
"";"";" "
"";"";" "
"";"";" "
"";"";" "
"";"";" "
"";"";" "
"";"";" "
"";"";" "
"";"";" "
"";"";" "
"";"";" "
"";"";" "
"";"";" "
"";"";" "
"";"";" "
"";"";" "
"";"";" "
"";"";" "
"";"";" "
"";"";" "
"";"";" "
"";"";" "
"";"";" "
"";"";" "
"";"";" "
"";"";" "
"";"";" "
"";"";" "
"";"";" "
"";"";" "
"";"";" "
"";"";" "
"";"";" "
"";"";" "
"";"";" "
"";"";" "
"";"";" "
"";"";" "
"";"";" "
"";"";" "
"";"";" "
"";"";" "
"";"";" "
"";"";" "
"";"";" "
"";"";" "
"";"";" "
"";"";" "
"";"";" "
"";"";" "
"";"";" "
"";"";" "
"";"";" "
"";"";" "
"";"";" "
"";"";" "
"";"";" "
"";"";" "
"";"";" "
"";"";" "
"";"";" "
"";"";" "
"";"";" "
"";"";" "
"";"";" "
"";"";" "
"";"";" "
"";"";" "
"";"";" "
"";"";" "
"";"";" "
"";"";" "
"";"";" "
"";"";" "
"";"";" "
"";"";" "
"";"";" "
"";"";" "
"";"";" "
"";"";" "
"";"";" "
"";"";" "
"";"";" "
"";"";" "
"";"";" "
"";"";" "
"";"";" "
"";"";" "
"";"";" "
"";"";" "
"";"";" "
"";"";" "
"";"";" "
"";"";" "
"";"";" "
"";"";" "
"";"";" "
"";"";" "
"";"";" "
"";"";" "
"";"";" "
"";"";" "
"";"";" "
"";"";" "
"";"";" "
"";"";" "
"";"";" "
"";"";" "
"";"";" "
"";"";" "
"";"";" "
"";"";" "
"";"";" "
"";"";" "
"";"";" "
"";"";" "
"";"";" "
"";"";" "
"";"";" "
"";"";" "
"";"";" "
"";"";" "
"";"";" "
"";"";" "
"";"";" "
"";"";" "
"";"";" "
"";"";" "
"";"";" "
"";"";" "
"";"";" "
"";"";" "
"";"";" "
"";"";" "
"";"";" "
"";"";" "
"";"";" "
"";"";" "
"";"";" "
"";"";" "
"";"";" "
"";"";" "
"";"";" "
"";"";" "
"";"";" "
"";"";" "
"";"";" "
"";"";" "
"";"";" "
"";"";" "
"";"";" "
"";"";" "
"";"";" "
"";"";" "
"";"";" "
"";"";" "
"";"";" "
"";"";" "
"";"";" "
"";"";" "
"";"";" "
"";"";" "
"";"";" "
"";"";" "
"";"";" "
"";"";" "
"";"";" "
"";"";" "
"";"";" "
"";"";" "
"";"";" "
"";"";" "
"";"";" "
"";"";" "
"";"";" "
"";"";" "
"";"";" "
"";"";" "
"";"";" "
"";"";" "
"";"";" "
"";"";" "
"";"";" "
"";"";" "
"";"";" "
"";"";" "
"";"";" "
"";"";" "
"";"";" "
"";"";" "
"";"";" "
"";"";" "
"";"";" "
"";"";" "
"";"";" "
"";"";" "
"";"";" "
"";"";" "
"";"";" "
"";"";" "
"";"";" "
"";"";" "
"";"";" "
"";"";" "
"";"";" "
"";"";" "
"";"";" "
"";"";" "
"";"";" "
"";"";" "
"";"";" "
"";"";" "
"";"";" "
"";"";" "
"";"";" "
"";"";" "
"";"";" "
"";"";" "
"";"";" "
"";"";" "
"";"";" "
"";"";" "
"";"";" "
"";"";" "
"";"";" "
"";"";" "
"";"";" "
"";"";" "
"";"";" "
"";"";" "
"";"";" "
"";"";" "
"";"";" "
"";"";" "
"";"";" "
"";"";" "
"";"";" "
"";"";" "
"";"";" "
"";"";" "
"";"";" "
"";"";" "
"";"";" "
"";"";" "
"";"";" "
"";"";" "
"";"";" "
"";"";" "
"";"";" "
"";"";" "
"";"";" "
"";"";" "
"";"";" "
"";"";" "
"";"";" "
"";"";" "
"";"";" "
"";"";" "
"";"";" "
"";"";" "
"";"";" "
"";"";" "
"";"";" "
"";"";" "
"";"";" "
"";"";" "
"";"";" "
"";"";" "
"";"";" "
"";"";" "
"";"";" "
"";"";" "
"";"";" "
"";"";" "
"";"";" "
"";"";" "
"";"";" "
"";"";" "
"";"";" "
"";"";" "
"";"";" "
"";"";" "
"";"";" "
"";"";" "
"";"";" "
"";"";" "
"";"";" "
"";"";" "
"";"";" "
"";"";" "
"";"";" "
"";"";" "
"";"";" "
"";"";" "
"";"";" "
"";"";" "
"";"";" "
"";"";" "
"";"";" "
"";"";" "
"";"";" "
"";"";" "
"";"";" "
"";"";" "
"";"";" "
"";"";" "
"";"";" "
"";"";" "
"";"";" "
"";"";" "
"";"";" "
"";"";" "
"";"";" "
"";"";" "
"";"";" "
"";"";" "
"";"";" "
"";"";" "
"";"";" "
"";"";" "
"";"";" "
"";"";" "
"";"";" "
"";"";" "
"";"";" "
"";"";" "
"";"";" "
"";"";" "
"";"";" "
"";"";" "
"";"";" "
"";"";" "
"";"";" "
"";"";" "
"";"";" "
"";"";" "
"";"";" "
"";"";" "
"";"";" "
"";"";" "
"";"";" "
"";"";" "
"";"";" "
"";"";" "
"";"";" "
"";"";" "
"";"";" "
"";"";" "
"";"";" "
"";"";" "
"";"";" "
"";"";" "
"";"";" "
"";"";" "
"";"";" "
"";"";" "
"";"";" "
"";"";" "
"";"";" "
"";"";" "
"";"";" "
"";"";" "
"";"";" "
"";"";" "
"";"";" "
"";"";" "
"";"";" "
"";"";" "
"";"";" "
"";"";" "
"";"";" "
"";"";" "
"";"";" "
"";"";" "
"";"";" "
"";"";" "
"";"";" "
"";"";" "
"";"";" "
"";"";" "
"";"";" "
"";"";" "
"";"";" "
"";"";" "
"";"";" "
"";"";" "
"";"";" "
"";"";" "
"";"";" "
"";"";" "
"";"";" "
"";"";" "
"";"";" "
"";"";" "
"";"";" "
"";"";" "
"";"";" "
"";"";" "
"";"";" "
"";"";" "
"";"";" "
"";"";" "
"";"";" "
"";"";" "
"";"";" "
"";"";" "
"";"";" "
"";"";" "
"";"";" "
"";"";" "
"";"";" "
"";"";" "
"";"";" "
"";"";" "
"";"";" "
"";"";" "
"";"";" "
"";"";" "
"";"";" "
"";"";" "
"";"";" "
"";"";" "
"";"";" "
"";"";" "
"";"";" "
"";"";" "
"";"";" "
"";"";" "
"";"";" "
"";"";" "
"";"";" "
"";"";" "
"";"";" "
"";"";" "
"";"";" "
"";"";" "
"";"";" "
"";"";" "
"";"";" "
"";"";" "
"";"";" "
"";"";" "
"";"";" "
"";"";" "
"";"";" "
"";"";" "
"";"";" "
"";"";" "
"";"";" "
"";"";" "
"";"";" "
"";"";" "
"";"";" "
"";"";" "
"";"";" "
"";"";" "
"";"";" "
"";"";" "
"";"";" "
"";"";" "
"";"";" "
"";"";" "
"";"";" "
"";"";" "
"";"";" "
"";"";" "
"";"";" "
"";"";" "
"";"";" "
"";"";" "
"";"";" "
"";"";" "
"";"";" "
"";"";" "
"";"";" "
"";"";" "
"";"";" "
"";"";" "
"";"";" "
"";"";" "
"";"";" "
"";"";" "
"";"";" "
"";"";" "
"";"";" "
"";"";" "
"";"";" "
"";"";" "
"";"";" "
"";"";" "
"";"";" "
"";"";" "
"";"";" "
"";"";" "
"";"";" "
"";"";" "
"";"";" "
"";"";" "
"";"";" "
"";"";" "
"";"";" "
"";"";" "
"";"";" "
"";"";" "
"";"";" "
"";"";" "
"";"";" "
"";"";" "
"";"";" "
"";"";" "
"";"";" "
"";"";" "
"";"";" "
"";"";" "
"";"";" "
"";"";" "
"";"";" "
"";"";" "
"";"";" "
"";"";" "
"";"";" "
"";"";" "
"";"";" "
"";"";" "
"";"";" "
"";"";" "
"";"";" "
"";"";" "
"";"";" "
"";"";" "
"";"";" "
"";"";" "
"";"";" "
"";"";" "
"";"";" "
"";"";" "
"";"";" "
"";"";" "
"";"";" "
"";"";" "
"";"";" "
"";"";" "
"";"";" "
"";"";" "
"";"";" "
"";"";" "
"";"";" "
"";"";" "
"";"";" "
"";"";" "
"";"";" "
"";"";" "
"";"";" "
"";"";" "
"";"";" "
"";"";" "
"";"";" "
"";"";" "
"";"";" "
"";"";" "
"";"";" "
"";"";" "
"";"";" "
"";"";" "
"";"";" "
"";"";" "
"";"";" "
"";"";" "
"";"";" "
"";"";" "
"";"";" "
"";"";" "
"";"";" "
"";"";" "
"";"";" "
"";"";" "
"";"";" "
"";"";" "
"";"";" "
"";"";" "
"";"";" "
"";"";" "
"";"";" "
"";"";" "
"";"";" "
"";"";" "
"";"";" "
"";"";" "
"";"";" "
"";"";" "
"";"";" "
"";"";" "
"";"";" "
"";"";" "
"";"";" "
"";"";" "
"";"";" "
"";"";" "
"";"";" "
"";"";" "
"";"";" "
"";"";" "
"";"";" "
"";"";" "
"";"";" "
"";"";" "
"";"";" "
"";"";" "
"";"";" "
"";"";" "
"";"";" "
"";"";" "
"";"";" "
"";"";" "
"";"";" "
"";"";" "
"";"";" "
"";"";" "
"";"";" "
"";"";" "
"";"";" "
"";"";" "
"";"";" "
"";"";" "
"";"";" "
"";"";" "
"";"";" "
"";"";" "
"";"";" "
"";"";" "
"";"";" "
"";"";" "
"";"";" "
"";"";" "
"";"";" "
"";"";" "
"";"";" "
"";"";" "
"";"";" "
"";"";" "
"";"";" "
"";"";" "
"";"";" "
"";"";" "
"";"";" "
"";"";" "
"";"";" "
"";"";" "
"";"";" "
"";"";" "
"";"";" "
"";"";" "
"";"";" "
"";"";" "
"";"";" "
"";"";" "
"";"";" "
"";"";" "
"";"";" "
"";"";" "
"";"";" "
"";"";" "
"";"";" "
"";"";" "
"";"";" "
"";"";" "
"";"";" "
"";"";" "
"";"";" "
"";"";" "
"";"";" "
"";"";" "
"";"";" "
"";"";" "
"";"";" "
"";"";" "
"";"";" "
"";"";" "
"";"";" "
"";"";" "
"";"";" "
"";"";" "
"";"";" "
"";"";" "
"";"";" "
"";"";" "
"";"";" "
"";"";" "
"";"";" "
"";"";" "
"";"";" "
"";"";" "
"";"";" "
"";"";" "
"";"";" "
"";"";" "
"";"";" "
"";"";" "
"";"";" "
"";"";" "
"";"";" "
"";"";" "
"";"";" "
"";"";" "
"";"";" "
"";"";" "
"";"";" "
"";"";" "
"";"";" "
"";"";" "
"";"";" "
"";"";" "
"";"";" "
"";"";" "
"";"";" "
"";"";" "
"";"";" "
"";"";" "
"";"";" "
"";"";" "
"";"";" "
"";"";" "
"";"";" "
"";"";" "
"";"";" "
"";"";" "
"";"";" "
"";"";" "
"";"";" "
"";"";" "
"";"";" "
"";"";" "
"";"";" "
"";"";" "
"";"";" "
"";"";" "
"";"";" "
"";"";" "
"";"";" "
"";"";" "
"";"";" "
"";"";" "
"";"";" "
"";"";" "
"";"";" "
"";"";" "
"";"";" "
"";"";" "
"";"";" "
"";"";" "
"";"";" "
"";"";" "
"";"";" "
"";"";" "
"";"";" "
"";"";" "
"";"";" "
"";"";" "
"";"";" "
"";"";" "
"";"";" "
"";"";" "
"";"";" "
"";"";" "
"";"";" "
"";"";" "
"";"";" "
"";"";" "
"";"";" "
"";"";" "
"";"";" "
"";"";" "
"";"";" "
"";"";" "
"";"";" "
"";"";" "
"";"";" "
"";"";" "
"";"";" "
"";"";" "
"";"";" "
"";"";" "
"";"";" "
"";"";" "
"";"";" "
"";"";" "
"";"";" "
"";"";" "
"";"";" "
"";"";" "
"";"";" "
"";"";" "
"";"";" "
"";"";" "
"";"";" "
"";"";" "
"";"";" "
"";"";" "
"";"";" "
"";"";" "
"";"";" "
"";"";" "
"";"";" "
"";"";" "
"";"";" "
"";"";" "
"";"";" "
"";"";" "
"";"";" "
"";"";" "
"";"";" "
"";"";" "
"";"";" "
"";"";" "
"";"";" "
"";"";" "
"";"";" "
"";"";" "
"";"";" "
"";"";" "
"";"";" "
"";"";" "
"";"";" "
"";"";" "
"";"";" "
"";"";" "
"";"";" "
"";"";" "
"";"";" "
"";"";" "
"";"";" "
"";"";" "
"";"";" "
"";"";" "
"";"";" "
"";"";" "
"";"";" "
"";"";" "
"";"";" "
"";"";" "
"";"";" "
"";"";" "
"";"";" "
"";"";" "
"";"";" "
"";"";" "
"";"";" "
"";"";" "
"";"";" "
"";"";" "
"";"";" "
"";"";" "
"";"";" "
"";"";" "
"";"";" "
"";"";" "
"";"";" "
"";"";" "
"";"";" "
"";"";" "
"";"";" "
"";"";" "
"";"";" "
"";"";" "
"";"";" "
"";"";" "
"";"";" "
"";"";" "
"";"";" "
"";"";" "
"";"";" "
"";"";" "
"";"";" "
"";"";" "
"";"";" "
"";"";" "
"";"";" "
"";"";" "
"";"";" "
"";"";" "
"";"";" "
"";"";" "
"";"";" "
"";"";" "
"";"";" "
"";"";" "
"";"";" "
"";"";" "
"";"";" "
"";"";" "
"";"";" "
"";"";" "
"";"";" "
"";"";" "
"";"";" "
"";"";" "
"";"";" "
"";"";" "
"";"";" "
"";"";" "
"";"";" "
"";"";" "
"";"";" "
"";"";" "
"";"";" "
"";"";" "
"";"";" "
"";"";" "
"";"";" "
"";"";" "
"";"";" "
"";"";" "
"";"";" "
"";"";" "
"";"";" "
"";"";" "
"";"";" "
"";"";" "
"";"";" "
"";"";" "
"";"";" "
"";"";" "
"";"";" "
"";"";" "
"";"";" "
"";"";" "
"";"";" "
"";"";" "
"";"";" "
"";"";" "
"";"";" "
"";"";" "
"";"";" "
"";"";" "
"";"";" "
"";"";" "
"";"";" "
"";"";" "
"";"";" "
"";"";" "
"";"";" "
"";"";" "
"";"";" "
"";"";" "
"";"";" "
"";"";" "
"";"";" "
"";"";" "
"";"";" "
"";"";" "
"";"";" "
"";"";" "
"";"";" "
"";"";" "
"";"";" "
"";"";" "
"";"";" "
"";"";" "
"";"";" "
"";"";" "
"";"";" "
"";"";" "
"";"";" "
"";"";" "
"";"";" "
"";"";" "
"";"";" "
"";"";" "
"";"";" "
"";"";" "
"";"";" "
"";"";" "
"";"";" "
"";"";" "
"";"";" "
"";"";" "
"";"";" "
"";"";" "
"";"";" "
"";"";" "
"";"";" "
"";"";" "
"";"";" "
"";"";" "
"";"";" "
"";"";" "
"";"";" "
"";"";" "
"";"";" "
"";"";" "
"";"";" "
"";"";" "
"";"";" "
"";"";" "
"";"";" "
"";"";" "
"";"";" "
"";"";" "
"";"";" "
"";"";" "
"";"";" "
"";"";" "
"";"";" "
"";"";" "
"";"";" "
"";"";" "
"";"";" "
"";"";" "
"";"";" "
"";"";" "
"";"";" "
"";"";" "
"";"";" "
"";"";" "
"";"";" "
"";"";" "
"";"";" "
"";"";" "
"";"";" "
"";"";" "
"";"";" "
"";"";" "
"";"";" "
"";"";" "
"";"";" "
"";"";" "
"";"";" "
"";"";" "
"";"";" "
"";"";" "
"";"";" "
"";"";" "
"";"";" "
"";"";" "
"";"";" "
"";"";" "
"";"";" "
"";"";" "
"";"";" "
"";"";" "
"";"";" "
"";"";" "
"";"";" "
"";"";" "
"";"";" "
"";"";" "
"";"";" "
"";"";" "
"";"";" "
"";"";" "
"";"";" "
"";"";" "
"";"";" "
"";"";" "
"";"";" "
"";"";" "
"";"";" "
"";"";" "
"";"";" "
"";"";" "
"";"";" "
"";"";" "
"";"";" "
"";"";" "
"";"";" "
"";"";" "
"";"";" "
"";"";" "
"";"";" "
"";"";" "
"";"";" "
"";"";" "
"";"";" "
"";"";" "
"";"";" "
"";"";" "
"";"";" "
"";"";" "
"";"";" "
"";"";" "
"";"";" "
"";"";" "
"";"";" "
"";"";" "
"";"";" "
"";"";" "
"";"";" "
"";"";" "
"";"";" "
"";"";" "
"";"";" "
"";"";" "
"";"";" "
"";"";" "
"";"";" "
"";"";" "
"";"";" "
"";"";" "
"";"";" "
"";"";" "
"";"";" "
"";"";" "
"";"";" "
"";"";" "
"";"";" "
"";"";" "
"";"";" "
"";"";" "
"";"";" "
"";"";" "
"";"";" "
"";"";" "
"";"";" "
"";"";" "
"";"";" "
"";"";" "
"";"";" "
"";"";" "
"";"";" "
"";"";" "
"";"";" "
"";"";" "
"";"";" "
"";"";" "
"";"";" "
"";"";" "
"";"";" "
"";"";" "
"";"";" "
"";"";" "
"";"";" "
"";"";" "
"";"";" "
"";"";" "
"";"";" "
"";"";" "
"";"";" "
"";"";" "
"";"";" "
"";"";" "
"";"";" "
"";"";" "
"";"";" "
"";"";" "
"";"";" "
"";"";" "
"";"";" "
"";"";" "
"";"";" "
"";"";" "
"";"";" "
"";"";" "
"";"";" "
"";"";" "
"";"";" "
"";"";" "
"";"";" "
"";"";" "
"";"";" "
"";"";" "
"";"";" "
"";"";" "
"";"";" "
"";"";" "
"";"";" "
"";"";" "
"";"";" "
"";"";" "
"";"";" "
"";"";" "
"";"";" "
"";"";" "
"";"";" "
"";"";" "
"";"";" "
"";"";" "
"";"";" "
"";"";" "
"";"";" "
"";"";" "
"";"";" "
"";"";" "
"";"";" "
"";"";" "
"";"";" "
"";"";" "
"";"";" "
"";"";" "
"";"";" "
"";"";" "
"";"";" "
"";"";" "
"";"";" "
"";"";" "
"";"";" "
"";"";" "
"";"";" "
"";"";" "
"";"";" "
"";"";" "
"";"";" "
"";"";" "
"";"";" "
"";"";" "
"";"";" "
"";"";" "
"";"";" "
"";"";" "
"";"";" "
"";"";" "
"";"";" "
"";"";" "
"";"";" "
"";"";" "
"";"";" "
"";"";" "
"";"";" "
"";"";" "
"";"";" "
"";"";" "
"";"";" "
"";"";" "
"";"";" "
"";"";" "
"";"";" "
"";"";" "
"";"";" "
"";"";" "
"";"";" "
"";"";" "
"";"";" "
"";"";" "
"";"";" "
"";"";" "
"";"";" "
"";"";" "
"";"";" "
"";"";" "
"";"";" "
"";"";" "
"";"";" "
"";"";" "
"";"";" "
"";"";" "
"";"";" "
"";"";" "
"";"";" "
"";"";" "
"";"";" "
"";"";" "
"";"";" "
"";"";" "
"";"";" "
"";"";" "
"";"";" "
"";"";" "
"";"";" "
"";"";" "
"";"";" "
"";"";" "
"";"";" "
"";"";" "
"";"";" "
"";"";" "
"";"";" "
"";"";" "
"";"";" "
"";"";" "
"";"";" "
"";"";" "
"";"";" "
"";"";" "
"";"";" "
"";"";" "
"";"";" "
"";"";" "
"";"";" "
"";"";" "
"";"";" "
"";"";" "
"";"";" "
"";"";" "
"";"";" "
"";"";" "
"";"";" "
"";"";" "
"";"";" "
"";"";" "
"";"";" "
"";"";" "
"";"";" "
"";"";" "
"";"";" "
"";"";" "
"";"";" "
"";"";" "
"";"";" "
"";"";" "
"";"";" "
"";"";" "
"";"";" "
"";"";" "
"";"";" "
"";"";" "
"";"";" "
"";"";" "
"";"";" "
"";"";" "
"";"";" "
"";"";" "
"";"";" "
"";"";" "
"";"";" "
"";"";" "
"";"";" "
"";"";" "
"";"";" "
"";"";" "
"";"";" "
"";"";" "
"";"";" "
"";"";" "
"";"";" "
"";"";" "
"";"";" "
"";"";" "
"";"";" "
"";"";" "
"";"";" "
"";"";" "
"";"";" "
"";"";" "
"";"";" "
"";"";" "
"";"";" "
"";"";" "
"";"";" "
"";"";" "
"";"";" "
"";"";" "
"";"";" "
"";"";" "
"";"";" "
"";"";" "
"";"";" "
"";"";" "
"";"";" "
"";"";" "
"";"";" "
"";"";" "
"";"";" "
"";"";" "
"";"";" "
"";"";" "
"";"";" "
"";"";" "
"";"";" "
"";"";" "
"";"";" "
"";"";" "
"";"";" "
"";"";" "
"";"";" "
"";"";" "
"";"";" "
"";"";" "
"";"";" "
"";"";" "
"";"";" "
"";"";" "
"";"";" "
"";"";" "
"";"";" "
"";"";" "
"";"";" "
"";"";" "
"";"";" "
"";"";" "
"";"";" "
"";"";" "
"";"";" "
"";"";" "
"";"";" "
"";"";" "
"";"";" "
"";"";" "
"";"";" "
"";"";" "
"";"";" "
"";"";" "
"";"";" "
"";"";" "
"";"";" "
"";"";" "
"";"";" "
"";"";" "
"";"";" "
"";"";" "
"";"";" "
"";"";" "
"";"";" "
"";"";" "
"";"";" "
"";"";" "
"";"";" "
"";"";" "
"";"";" "
"";"";" "
"";"";" "
"";"";" "
"";"";" "
"";"";" "
"";"";" "
"";"";" "
"";"";" "
"";"";" "
"";"";" "
"";"";" "
"";"";" "
"";"";" "
"";"";" "
"";"";" "
"";"";" "
"";"";" "
"";"";" "
"";"";" "
"";"";" "
"";"";" "
"";"";" "
"";"";" "
"";"";" "
"";"";" "
"";"";" "
"";"";" "
"";"";" "
"";"";" "
"";"";" "
"";"";" "
"";"";" "
"";"";" "
"";"";" "
"";"";" "
"";"";" "
"";"";" "
"";"";" "
"";"";" "
"";"";" "
"";"";" "
"";"";" "
"";"";" "
"";"";" "
"";"";" "
"";"";" "
"";"";" "
"";"";" "
"";"";" "
"";"";" "
"";"";" "
"";"";" "
"";"";" "
"";"";" "
"";"";" "
"";"";" "
"";"";" "
"";"";" "
"";"";" "
"";"";" "
"";"";" "
"";"";" "
"";"";" "
"";"";" "
"";"";" "
"";"";" "
"";"";" "
"";"";" "
"";"";" "
"";"";" "
"";"";" "
"";"";" "
"";"";" "
"";"";" "
"";"";" "
"";"";" "
"";"";" "
"";"";" "
"";"";" "
"";"";" "
"";"";" "
"";"";" "
"";"";" "
"";"";" "
"";"";" "
"";"";" "
"";"";" "
"";"";" "
"";"";" "
"";"";" "
"";"";" "
"";"";" "
"";"";" "
"";"";" "
"";"";" "
"";"";" "
"";"";" "
"";"";" "
"";"";" "
"";"";" "
"";"";" "
"";"";" "
"";"";" "
"";"";" "
"";"";" "
"";"";" "
"";"";" "
"";"";" "
"";"";" "
"";"";" "
"";"";" "
"";"";" "
"";"";" "
"";"";" "
"";"";" "
"";"";" "
"";"";" "
"";"";" "
"";"";" "
"";"";" "
"";"";" "
"";"";" "
"";"";" "
"";"";" "
"";"";" "
"";"";" "
"";"";" "
"";"";" "
"";"";" "
"";"";" "
"";"";" "
"";"";" "
"";"";" "
"";"";" "
"";"";" "
"";"";" "
"";"";" "
"";"";" "
"";"";" "
"";"";" "
"";"";" "
"";"";" "
"";"";" "
"";"";" "
"";"";" "
"";"";" "
"";"";" "
"";"";" "
"";"";" "
"";"";" "
"";"";" "
"";"";" "
"";"";" "
"";"";" "
"";"";" "
"";"";" "
"";"";" "
"";"";" "
"";"";" "
"";"";" "
"";"";" "
"";"";" "
"";"";" "
"";"";" "
"";"";" "
"";"";" "
"";"";" "
"";"";" "
"";"";" "
"";"";" "
"";"";" "
"";"";" "
"";"";" "
"";"";" "
"";"";" "
"";"";" "
"";"";" "
"";"";" "
"";"";" "
"";"";" "
"";"";" "
"";"";" "
"";"";" "
"";"";" "
"";"";" "
"";"";" "
"";"";" "
"";"";" "
"";"";" "
"";"";" "
"";"";" "
"";"";" "
"";"";" "
"";"";" "
"";"";" "
"";"";" "
"";"";" "
"";"";" "
"";"";" "
"";"";" "
"";"";" "
"";"";" "
"";"";" "
"";"";" "
"";"";" "
"";"";" "
"";"";" "
"";"";" "
"";"";" "
"";"";" "
"";"";" "
"";"";" "
"";"";" "
"";"";" "
"";"";" "
"";"";" "
"";"";" "
"";"";" "
"";"";" "
"";"";" "
"";"";" "
"";"";" "
"";"";" "
"";"";" "
"";"";" "
"";"";" "
"";"";" "
"";"";" "
"";"";" "
"";"";" "
"";"";" "
"";"";" "
"";"";" "
"";"";" "
"";"";" "
"";"";" "
"";"";" "
"";"";" "
"";"";" "
"";"";" "
"";"";" "
"";"";" "
"";"";" "
"";"";" "
"";"";" "
"";"";" "
"";"";" "
"";"";" "
"";"";" "
"";"";" "
"";"";" "
"";"";" "
"";"";" "
"";"";" "
"";"";" "
"";"";" "
"";"";" "
"";"";" "
"";"";" "
"";"";" "
"";"";" "
"";"";" "
"";"";" "
"";"";" "
"";"";" "
"";"";" "
"";"";" "
"";"";" "
"";"";" "
"";"";" "
"";"";" "
"";"";" "
"";"";" "
"";"";" "
"";"";" "
"";"";" "
"";"";" "
"";"";" "
"";"";" "
"";"";" "
"";"";" "
"";"";" "
"";"";" "
"";"";" "
"";"";" "
"";"";" "
"";"";" "
"";"";" "
"";"";" "
"";"";" "
"";"";" "
"";"";" "
"";"";" "
"";"";" "
"";"";" "
"";"";" "
"";"";" "
"";"";" "
"";"";" "
"";"";" "
"";"";" "
"";"";" "
"";"";" "
"";"";" "
"";"";" "
"";"";" "
"";"";" "
"";"";" "
"";"";" "
"";"";" "
"";"";" "
"";"";" "
"";"";" "
"";"";" "
"";"";" "
"";"";" "
"";"";" "
"";"";" "
"";"";" "
"";"";" "
"";"";" "
"";"";" "
"";"";" "
"";"";" "
"";"";" "
"";"";" "
"";"";" "
"";"";" "
"";"";" "
"";"";" "
"";"";" "
"";"";" "
"";"";" "
"";"";" "
"";"";" "
"";"";" "
"";"";" "
"";"";" "
"";"";" "
"";"";" "
"";"";" "
"";"";" "
"";"";" "
"";"";" "
"";"";" "
"";"";" "
"";"";" "
"";"";" "
"";"";" "
"";"";" "
"";"";" "
"";"";" "
"";"";" "
"";"";" "
"";"";" "
"";"";" "
"";"";" "
"";"";" "
"";"";" "
"";"";" "
"";"";" "
"";"";" "
"";"";" "
"";"";" "
"";"";" "
"";"";" "
"";"";" "
"";"";" "
"";"";" "
"";"";" "
"";"";" "
"";"";" "
"";"";" "
"";"";" "
"";"";" "
"";"";" "
"";"";" "
"";"";" "
"";"";" "
"";"";" "
"";"";" "
"";"";" "
"";"";" "
"";"";" "
"";"";" "
"";"";" "
"";"";" "
"";"";" "
"";"";" "
"";"";" "
"";"";" "
"";"";" "
"";"";" "
"";"";" "
"";"";" "
"";"";" "
"";"";" "
"";"";" "
"";"";" "
"";"";" "
"";"";" "
"";"";" "
"";"";" "
"";"";" "
"";"";" "
"";"";" "
"";"";" "
"";"";" "
"";"";" "
"";"";" "
"";"";" "
"";"";" "
"";"";" "
"";"";" "
"";"";" "
"";"";" "
"";"";" "
"";"";" "
"";"";" "
"";"";" "
"";"";" "
"";"";" "
"";"";" "
"";"";" "
"";"";" "
"";"";" "
"";"";" "
"";"";" "
"";"";" "
"";"";" "
"";"";" "
"";"";" "
"";"";" "
"";"";" "
"";"";" "
"";"";" "
"";"";" "
"";"";" "
"";"";" "
"";"";" "
"";"";" "
"";"";" "
"";"";" "
"";"";" "
"";"";" "
"";"";" "
"";"";" "
"";"";" "
"";"";" "
"";"";" "
"";"";" "
"";"";" "
"";"";" "
"";"";" "
"";"";" "
"";"";" "
"";"";" "
"";"";" "
"";"";" "
"";"";" "
"";"";" "
"";"";" "
"";"";" "
"";"";" "
"";"";" "
"";"";" "
"";"";" "
"";"";" "
"";"";" "
"";"";" "
"";"";" "
"";"";" "
"";"";" "
"";"";" "
"";"";" "
"";"";" "
"";"";" "
"";"";" "
"";"";" "
"";"";" "
"";"";" "
"";"";" "
"";"";" "
"";"";" "
"";"";" "
"";"";" "
"";"";" "
"";"";" "
"";"";" "
"";"";" "
"";"";" "
"";"";" "
"";"";" "
"";"";" "
"";"";" "
"";"";" "
"";"";" "
"";"";" "
"";"";" "
"";"";" "
"";"";" "
"";"";" "
"";"";" "
"";"";" "
"";"";" "
"";"";" "
"";"";" "
"";"";" "
"";"";" "
"";"";" "
"";"";" "
"";"";" "
"";"";" "
"";"";" "
"";"";" "
"";"";" "
"";"";" "
"";"";" "
"";"";" "
"";"";" "
"";"";" "
"";"";" "
"";"";" "
"";"";" "
"";"";" "
"";"";" "
"";"";" "
"";"";" "
"";"";" "
"";"";" "
"";"";" "
"";"";" "
"";"";" "
"";"";" "
"";"";" "
"";"";" "
"";"";" "
"";"";" "
"";"";" "
"";"";" "
"";"";" "
"";"";" "
"";"";" "
"";"";" "
"";"";" "
"";"";" "
"";"";" "
"";"";" "
"";"";" "
"";"";" "
"";"";" "
"";"";" "
"";"";" "
"";"";" "
"";"";" "
"";"";" "
"";"";" "
"";"";" "
"";"";" "
"";"";" "
"";"";" "
"";"";" "
"";"";" "
"";"";" "
"";"";" "
"";"";" "
"";"";" "
"";"";" "
"";"";" "
"";"";" "
"";"";" "
"";"";" "
"";"";" "
"";"";" "
"";"";" "
"";"";" "
"";"";" "
"";"";" "
"";"";" "
"";"";" "
"";"";" "
"";"";" "
"";"";" "
"";"";" "
"";"";" "
"";"";" "
"";"";" "
"";"";" "
"";"";" "
"";"";" "
"";"";" "
"";"";" "
"";"";" "
"";"";" "
"";"";" "
"";"";" "
"";"";" "
"";"";" "
"";"";" "
"";"";" "
"";"";" "
"";"";" "
"";"";" "
"";"";" "
"";"";" "
"";"";" "
"";"";" "
"";"";" "
"";"";" "
"";"";" "
"";"";" "
"";"";" "
"";"";" "
"";"";" "
"";"";" "
"";"";" "
"";"";" "
"";"";" "
"";"";" "
"";"";" "
"";"";" "
"";"";" "
"";"";" "
"";"";" "
"";"";" "
"";"";" "
"";"";" "
"";"";" "
"";"";" "
"";"";" "
"";"";" "
"";"";" "
"";"";" "
"";"";" "
"";"";" "
"";"";" "
"";"";" "
"";"";" "
"";"";" "
"";"";" "
"";"";" "
"";"";" "
"";"";" "
"";"";" "
"";"";" "
"";"";" "
"";"";" "
"";"";" "
"";"";" "
"";"";" "
"";"";" "
"";"";" "
"";"";" "
"";"";" "
"";"";" "
"";"";" "
"";"";" "
"";"";" "
"";"";" "
"";"";" "
"";"";" "
"";"";" "
"";"";" "
"";"";" "
"";"";" "
"";"";" "
"";"";" "
"";"";" "
"";"";" "
"";"";" "
"";"";" "
"";"";" "
"";"";" "
"";"";" "
"";"";" "
"";"";" "
"";"";" "
"";"";" "
"";"";" "
"";"";" "
"";"";" "
"";"";" "
"";"";" "
"";"";" "
"";"";" "
"";"";" "
"";"";" "
"";"";" "
"";"";" "
"";"";" "
"";"";" "
"";"";" "
"";"";" "
"";"";" "
"";"";" "
"";"";" "
"";"";" "
"";"";" "
"";"";" "
"";"";" "
"";"";" "
"";"";" "
"";"";" "
"";"";" "
"";"";" "
"";"";" "
"";"";" "
"";"";" "
"";"";" "
"";"";" "
"";"";" "
"";"";" "
"";"";" "
"";"";" "
"";"";" "
"";"";" "
"";"";" "
"";"";" "
"";"";" "
"";"";" "
"";"";" "
"";"";" "
"";"";" "
"";"";" "
"";"";" "
"";"";" "
"";"";" "
"";"";" "
"";"";" "
"";"";" "
"";"";" "
"";"";" "
"";"";" "
"";"";" "
"";"";" "
"";"";" "
"";"";" "
"";"";" "
"";"";" "
"";"";" "
"";"";" "
"";"";" "
"";"";" "
"";"";" "
"";"";" "
"";"";" "
"";"";" "
"";"";" "
"";"";" "
"";"";" "
"";"";" "
"";"";" "
"";"";" "
"";"";" "
"";"";" "
"";"";" "
"";"";" "
"";"";" "
"";"";" "
"";"";" "
"";"";" "
"";"";" "
"";"";" "
"";"";" "
"";"";" "
"";"";" "
"";"";" "
"";"";" "
"";"";" "
"";"";" "
"";"";" "
"";"";" "
"";"";" "
"";"";" "
"";"";" "
"";"";" "
"";"";" "
"";"";" "
"";"";" "
"";"";" "
"";"";" "
"";"";" "
"";"";" "
"";"";" "
"";"";" "
"";"";" "
"";"";" "
"";"";" "
"";"";" "
"";"";" "
"";"";" "
"";"";" "
"";"";" "
"";"";" "
"";"";" "
"";"";" "
"";"";" "
"";"";" "
"";"";" "
"";"";" "
"";"";" "
"";"";" "
"";"";" "
"";"";" "
"";"";" "
"";"";" "
"";"";" "
"";"";" "
"";"";" "
"";"";" "
"";"";" "
"";"";" "
"";"";" "
"";"";" "
"";"";" "
"";"";" "
"";"";" "
"";"";" "
"";"";" "
"";"";" "
"";"";" "
"";"";" "
"";"";" "
"";"";" "
"";"";" "
"";"";" "
"";"";" "
"";"";" "
"";"";" "
"";"";" "
"";"";" "
"";"";" "
"";"";" "
"";"";" "
"";"";" "
"";"";" "
"";"";" "
"";"";" "
"";"";" "
"";"";" "
"";"";" "
"";"";" "
"";"";" "
"";"";" "
"";"";" "
"";"";" "
"";"";" "
"";"";" "
"";"";" "
"";"";" "
"";"";" "
"";"";" "
"";"";" "
"";"";" "
"";"";" "
"";"";" "
"";"";" "
"";"";" "
"";"";" "
"";"";" "
"";"";" "
"";"";" "
"";"";" "
"";"";" "
"";"";" "
"";"";" "
"";"";" "
"";"";" "
"";"";" "
"";"";" "
"";"";" "
"";"";" "
"";"";" "
"";"";" "
"";"";" "
"";"";" "
"";"";" "
"";"";" "
"";"";" "
"";"";" "
"";"";" "
"";"";" "
"";"";" "
"";"";" "
"";"";" "
"";"";" "
"";"";" "
"";"";" "
"";"";" "
"";"";" "
"";"";" "
"";"";" "
"";"";" "
"";"";" "
"";"";" "
"";"";" "
"";"";" "
"";"";" "
"";"";" "
"";"";" "
"";"";" "
"";"";" "
"";"";" "
"";"";" "
"";"";" "
"";"";" "
"";"";" "
"";"";" "
"";"";" "
"";"";" "
"";"";" "
"";"";" "
"";"";" "
"";"";" "
"";"";" "
"";"";" "
"";"";" "
"";"";" "
"";"";" "
"";"";" "
"";"";" "
"";"";" "
"";"";" "
"";"";" "
"";"";" "
"";"";" "
"";"";" "
"";"";" "
"";"";" "
"";"";" "
"";"";" "
"";"";" "
"";"";" "
"";"";" "
"";"";" "
"";"";" "
"";"";" "
"";"";" "
"";"";" "
"";"";" "
"";"";" "
"";"";" "
"";"";" "
"";"";" "
"";"";" "
"";"";" "
"";"";" "
"";"";" "
"";"";" "
"";"";" "
"";"";" "
"";"";" "
"";"";" "
"";"";" "
"";"";" "
"";"";" "
"";"";" "
"";"";" "
"";"";" "
"";"";" "
"";"";" "
"";"";" "
"";"";" "
"";"";" "
"";"";" "
"";"";" "
"";"";" "
"";"";" "
"";"";" "
"";"";" "
"";"";" "
"";"";" "
"";"";" "
"";"";" "
"";"";" "
"";"";" "
"";"";" "
"";"";" "
"";"";" "
"";"";" "
"";"";" "
"";"";" "
"";"";" "
"";"";" "
"";"";" "
"";"";" "
"";"";" "
"";"";" "
"";"";" "
"";"";" "
"";"";" "
"";"";" "
"";"";" "
"";"";" "
"";"";" "
"";"";" "
"";"";" "
"";"";" "
"";"";" "
"";"";" "
"";"";" "
"";"";" "
"";"";" "
"";"";" "
"";"";" "
"";"";" "
"";"";" "
"";"";" "
"";"";" "
"";"";" "
"";"";" "
"";"";" "
"";"";" "
"";"";" "
"";"";" "
"";"";" "
"";"";" "
"";"";" "
"";"";" "
"";"";" "
"";"";" "
"";"";" "
"";"";" "
"";"";" "
"";"";" "
"";"";" "
"";"";" "
"";"";" "
"";"";" "
"";"";" "
"";"";" "
"";"";" "
"";"";" "
"";"";" "
"";"";" "
"";"";" "
"";"";" "
"";"";" "
"";"";" "
"";"";" "
"";"";" "
"";"";" "
"";"";" "
"";"";" "
"";"";" "
"";"";" "
"";"";" "
"";"";" "
"";"";" "
"";"";" "
"";"";" "
"";"";" "
"";"";" "
"";"";" "
"";"";" "
"";"";" "
"";"";" "
"";"";" "
"";"";" "
"";"";" "
"";"";" "
"";"";" "
"";"";" "
"";"";" "
"";"";" "
"";"";" "
"";"";" "
"";"";" "
"";"";" "
"";"";" "
"";"";" "
"";"";" "
"";"";" "
"";"";" "
"";"";" "
"";"";" "
"";"";" "
"";"";" "
"";"";" "
"";"";" "
"";"";" "
"";"";" "
"";"";" "
"";"";" "
"";"";" "
"";"";" "
"";"";" "
"";"";" "
"";"";" "
"";"";" "
"";"";" "
"";"";" "
"";"";" "
"";"";" "
"";"";" "
"";"";" "
"";"";" "
"";"";" "
"";"";" "
"";"";" "
"";"";" "
"";"";" "
"";"";" "
"";"";" "
"";"";" "
"";"";" "
"";"";" "
"";"";" "
"";"";" "
"";"";" "
"";"";" "
"";"";" "
"";"";" "
"";"";" "
"";"";" "
"";"";" "
"";"";" "
"";"";" "
"";"";" "
"";"";" "
"";"";" "
"";"";" "
"";"";" "
"";"";" "
"";"";" "
"";"";" "
"";"";" "
"";"";" "
"";"";" "
"";"";" "
"";"";" "
"";"";" "
"";"";" "
"";"";" "
"";"";" "
"";"";" "
"";"";" "
"";"";" "
"";"";" "
"";"";" "
"";"";" "
"";"";" "
"";"";" "
"";"";" "
"";"";" "
"";"";" "
"";"";" "
"";"";" "
"";"";" "
"";"";" "
"";"";" "
"";"";" "
"";"";" "
"";"";" "
"";"";" "
"";"";" "
"";"";" "
"";"";" "
"";"";" "
"";"";" "
"";"";" "
"";"";" "
"";"";" "
"";"";" "
"";"";" "
"";"";" "
"";"";" "
"";"";" "
"";"";" "
"";"";" "
"";"";" "
"";"";" "
"";"";" "
"";"";" "
"";"";" "
"";"";" "
"";"";" "
"";"";" "
"";"";" "
"";"";" "
"";"";" "
"";"";" "
"";"";" "
"";"";" "
"";"";" "
"";"";" "
"";"";" "
"";"";" "
"";"";" "
"";"";" "
"";"";" "
"";"";" "
"";"";" "
"";"";" "
"";"";" "
"";"";" "
"";"";" "
"";"";" "
"";"";" "
"";"";" "
"";"";" "
"";"";" "
"";"";" "
"";"";" "
"";"";" "
"";"";" "
"";"";" "
"";"";" "
"";"";" "
"";"";" "
"";"";" "
"";"";" "
"";"";" "
"";"";" "
"";"";" "
"";"";" "
"";"";" "
"";"";" "
"";"";" "
"";"";" "
"";"";" "
"";"";" "
"";"";" "
"";"";" "
"";"";" "
"";"";" "
"";"";" "
"";"";" "
"";"";" "
"";"";" "
"";"";" "
"";"";" "
"";"";" "
"";"";" "
"";"";" "
"";"";" "
"";"";" "
"";"";" "
"";"";" "
"";"";" "
"";"";" "
"";"";" "
"";"";" "
"";"";" "
"";"";" "
"";"";" "
"";"";" "
"";"";" "
"";"";" "
"";"";" "
"";"";" "
"";"";" "
"";"";" "
"";"";" "
"";"";" "
"";"";" "
"";"";" "
"";"";" "
"";"";" "
"";"";" "
"";"";" "
"";"";" "
"";"";" "
"";"";" "
"";"";" "
"";"";" "
"";"";" "
"";"";" "
"";"";" "
"";"";" "
"";"";" "
"";"";" "
"";"";" "
"";"";" "
"";"";" "
"";"";" "
"";"";" "
"";"";" "
"";"";" "
"";"";" "
"";"";" "
"";"";" "
"";"";" "
"";"";" "
"";"";" "
"";"";" "
"";"";" "
"";"";" "
"";"";" "
"";"";" "
"";"";" "
"";"";" "
"";"";" "
"";"";" "
"";"";" "
"";"";" "
"";"";" "
"";"";" "
"";"";" "
"";"";" "
"";"";" "
"";"";" "
"";"";" "
"";"";" "
"";"";" "
"";"";" "
"";"";" "
"";"";" "
"";"";" "
"";"";" "
"";"";" "
"";"";" "
"";"";" "
"";"";" "
"";"";" "
"";"";" "
"";"";" "
"";"";" "
"";"";" "
"";"";" "
"";"";" "
"";"";" "
"";"";" "
"";"";" "
"";"";" "
"";"";" "
"";"";" "
"";"";" "
"";"";" "
"";"";" "
"";"";" "
"";"";" "
"";"";" "
"";"";" "
"";"";" "
"";"";" "
"";"";" "
"";"";" "
"";"";" "
"";"";" "
"";"";" "
"";"";" "
"";"";" "
"";"";" "
"";"";" "
"";"";" "
"";"";" "
"";"";" "
"";"";" "
"";"";" "
"";"";" "
"";"";" "
"";"";" "
"";"";" "
"";"";" "
"";"";" "
"";"";" "
"";"";" "
"";"";" "
"";"";" "
"";"";" "
"";"";" "
"";"";" "
"";"";" "
"";"";" "
"";"";" "
"";"";" "
"";"";" "
"";"";" "
"";"";" "
"";"";" "
"";"";" "
"";"";" "
"";"";" "
"";"";" "
"";"";" "
"";"";" "
"";"";" "
"";"";" "
"";"";" "
"";"";" "
"";"";" "
"";"";" "
"";"";" "
"";"";" "
"";"";" "
"";"";" "
"";"";" "
"";"";" "
"";"";" "
"";"";" "
"";"";" "
"";"";" "
"";"";" "
"";"";" "
"";"";" "
"";"";" "
"";"";" "
"";"";" "
"";"";" "
"";"";" "
"";"";" "
"";"";" "
"";"";" "
"";"";" "
"";"";" "
"";"";" "
"";"";" "
"";"";" "
"";"";" "
"";"";" "
"";"";" "
"";"";" "
"";"";" "
"";"";" "
"";"";" "
"";"";" "
"";"";" "
"";"";" "
"";"";" "
"";"";" "
"";"";" "
"";"";" "
"";"";" "
"";"";" "
"";"";" "
"";"";" "
"";"";" "
"";"";" "
"";"";" "
"";"";" "
"";"";" "
"";"";" "
"";"";" "
"";"";" "
"";"";" "
"";"";" "
"";"";" "
"";"";" "
"";"";" "
"";"";" "
"";"";" "
"";"";" "
"";"";" "
"";"";" "
"";"";" "
"";"";" "
"";"";" "
"";"";" "
"";"";" "
"";"";" "
"";"";" "
"";"";" "
"";"";" "
"";"";" "
"";"";" "
"";"";" "
"";"";" "
"";"";" "
"";"";" "
"";"";" "
"";"";" "
"";"";" "
"";"";" "
"";"";" "
"";"";" "
"";"";" "
"";"";" "
"";"";" "
"";"";" "
"";"";" "
"";"";" "
"";"";" "
"";"";" "
"";"";" "
"";"";" "
"";"";" "
"";"";" "
"";"";" "
"";"";" "
"";"";" "
"";"";" "
"";"";" "
"";"";" "
"";"";" "
"";"";" "
"";"";" "
"";"";" "
"";"";" "
"";"";" "
"";"";" "
"";"";" "
"";"";" "
"";"";" "
"";"";" "
"";"";" "
"";"";" "
"";"";" "
"";"";" "
"";"";" "
"";"";" "
"";"";" "
"";"";" "
"";"";" "
"";"";" "
"";"";" "
"";"";" "
"";"";" "
"";"";" "
"";"";" "
"";"";" "
"";"";" "
"";"";" "
"";"";" "
"";"";" "
"";"";" "
"";"";" "
"";"";" "
"";"";" "
"";"";" "
"";"";" "
"";"";" "
"";"";" "
"";"";" "
"";"";" "
"";"";" "
"";"";" "
"";"";" "
"";"";" "
"";"";" "
"";"";" "
"";"";" "
"";"";" "
"";"";" "
"";"";" "
"";"";" "
"";"";" "
"";"";" "
"";"";" "
"";"";" "
"";"";" "
"";"";" "
"";"";" "
"";"";" "
"";"";" "
"";"";" "
"";"";" "
"";"";" "
"";"";" "
"";"";" "
"";"";" "
"";"";" "
"";"";" "
"";"";" "
"";"";" "
"";"";" "
"";"";" "
"";"";" "
"";"";" "
"";"";" "
"";"";" "
"";"";" "
"";"";" "
"";"";" "
"";"";" "
"";"";" "
"";"";" "
"";"";" "
"";"";" "
"";"";" "
"";"";" "
"";"";" "
"";"";" "
"";"";" "
"";"";" "
"";"";" "
"";"";" "
"";"";" "
"";"";" "
"";"";" "
"";"";" "
"";"";" "
"";"";" "
"";"";" "
"";"";" "
"";"";" "
"";"";" "
"";"";" "
"";"";" "
"";"";" "
"";"";" "
"";"";" "
"";"";" "
"";"";" "
"";"";" "
"";"";" "
"";"";" "
"";"";" "
"";"";" "
"";"";" "
"";"";" "
"";"";" "
"";"";" "
"";"";" "
"";"";" "
"";"";" "
"";"";" "
"";"";" "
"";"";" "
"";"";" "
"";"";" "
"";"";" "
"";"";" "
"";"";" "
"";"";" "
"";"";" "
"";"";" "
"";"";" "
"";"";" "
"";"";" "
"";"";" "
"";"";" "
"";"";" "
"";"";" "
"";"";" "
"";"";" "
"";"";" "
"";"";" "
"";"";" "
"";"";" "
"";"";" "
"";"";" "
"";"";" "
"";"";" "
"";"";" "
"";"";" "
"";"";" "
"";"";" "
"";"";" "
"";"";" "
"";"";" "
"";"";" "
"";"";" "
"";"";" "
"";"";" "
"";"";" "
"";"";" "
"";"";" "
"";"";" "
"";"";" "
"";"";" "
"";"";" "
"";"";" "
"";"";" "
"";"";" "
"";"";" "
"";"";" "
"";"";" "
"";"";" "
"";"";" "
"";"";" "
"";"";" "
"";"";" "
"";"";" "
"";"";" "
"";"";" "
"";"";" "
"";"";" "
"";"";" "
"";"";" "
"";"";" "
"";"";" "
"";"";" "
"";"";" "
"";"";" "
"";"";" "
"";"";" "
"";"";" "
"";"";" "
"";"";" "
"";"";" "
"";"";" "
"";"";" "
"";"";" "
"";"";" "
"";"";" "
"";"";" "
"";"";" "
"";"";" "
"";"";" "
"";"";" "
"";"";" "
"";"";" "
"";"";" "
"";"";" "
"";"";" "
"";"";" "
"";"";" "
"";"";" "
"";"";" "
"";"";" "
"";"";" "
"";"";" "
"";"";" "
"";"";" "
"";"";" "
"";"";" "
"";"";" "
"";"";" "
"";"";" "
"";"";" "
"";"";" "
"";"";" "
"";"";" "
"";"";" "
"";"";" "
"";"";" "
"";"";" "
"";"";" "
"";"";" "
"";"";" "
"";"";" "
"";"";" "
"";"";" "
"";"";" "
"";"";" "
"";"";" "
"";"";" "
"";"";" "
"";"";" "
"";"";" "
"";"";" "
"";"";" "
"";"";" "
"";"";" "
"";"";" "
"";"";" "
"";"";" "
"";"";" "
"";"";" "
"";"";" "
"";"";" "
"";"";" "
"";"";" "
"";"";" "
"";"";" "
"";"";" "
"";"";" "
"";"";" "
"";"";" "
"";"";" "
"";"";" "
"";"";" "
"";"";" "
"";"";" "
"";"";" "
"";"";" "
"";"";" "
"";"";" "
"";"";" "
"";"";" "
"";"";" "
"";"";" "
"";"";" "
"";"";" "
"";"";" "
"";"";" "
"";"";" "
"";"";" "
"";"";" "
"";"";" "
"";"";" "
"";"";" "
"";"";" "
"";"";" "
"";"";" "
"";"";" "
"";"";" "
"";"";" "
"";"";" "
"";"";" "
"";"";" "
"";"";" "
"";"";" "
"";"";" "
"";"";" "
"";"";" "
"";"";" "
"";"";" "
"";"";" "
"";"";" "
"";"";" "
"";"";" "
"";"";" "
"";"";" "
"";"";" "
"";"";" "
"";"";" "
"";"";" "
"";"";" "
"";"";" "
"";"";" "
"";"";" "
"";"";" "
"";"";" "
"";"";" "
"";"";" "
"";"";" "
"";"";" "
"";"";" "
"";"";" "
"";"";" "
"";"";" "
"";"";" "
"";"";" "
"";"";" "
"";"";" "
"";"";" "
"";"";" "
"";"";" "
"";"";" "
"";"";" "
"";"";" "
"";"";" "
"";"";" "
"";"";" "
"";"";" "
"";"";" "
"";"";" "
"";"";" "
"";"";" "
"";"";" "
"";"";" "
"";"";" "
"";"";" "
"";"";" "
"";"";" "
"";"";" "
"";"";" "
"";"";" "
"";"";" "
"";"";" "
"";"";" "
"";"";" "
"";"";" "
"";"";" "
"";"";" "
"";"";" "
"";"";" "
"";"";" "
"";"";" "
"";"";" "
"";"";" "
"";"";" "
"";"";" "
"";"";" "
"";"";" "
"";"";" "
"";"";" "
"";"";" "
"";"";" "
"";"";" "
"";"";" "
"";"";" "
"";"";" "
"";"";" "
"";"";" "
"";"";" "
"";"";" "
"";"";" "
"";"";" "
"";"";" "
"";"";" "
"";"";" "
"";"";" "
"";"";" "
"";"";" "
"";"";" "
"";"";" "
"";"";" "
"";"";" "
"";"";" "
"";"";" "
"";"";" "
"";"";" "
"";"";" "
"";"";" "
"";"";" "
"";"";" "
"";"";" "
"";"";" "
"";"";" "
"";"";" "
"";"";" "
"";"";" "
"";"";" "
"";"";" "
"";"";" "
"";"";" "
"";"";" "
"";"";" "
"";"";" "
"";"";" "
"";"";" "
"";"";" "
"";"";" "
"";"";" "
"";"";" "
"";"";" "
"";"";" "
"";"";" "
"";"";" "
"";"";" "
"";"";" "
"";"";" "
"";"";" "
"";"";" "
"";"";" "
"";"";" "
"";"";" "
"";"";" "
"";"";" "
"";"";" "
"";"";" "
"";"";" "
"";"";" "
"";"";" "
"";"";" "
"";"";" "
"";"";" "
"";"";" "
"";"";" "
"";"";" "
"";"";" "
"";"";" "
"";"";" "
"";"";" "
"";"";" "
"";"";" "
"";"";" "
"";"";" "
"";"";" "
"";"";" "
"";"";" "
"";"";" "
"";"";" "
"";"";" "
"";"";" "
"";"";" "
"";"";" "
"";"";" "
"";"";" "
"";"";" "
"";"";" "
"";"";" "
"";"";" "
"";"";" "
"";"";" "
"";"";" "
"";"";" "
"";"";" "
"";"";" "
"";"";" "
"";"";" "
"";"";" "
"";"";" "
"";"";" "
"";"";" "
"";"";" "
"";"";" "
"";"";" "
"";"";" "
"";"";" "
"";"";" "
"";"";" "
"";"";" "
"";"";" "
"";"";" "
"";"";" "
"";"";" "
"";"";" "
"";"";" "
"";"";" "
"";"";" "
"";"";" "
"";"";" "
"";"";" "
"";"";" "
"";"";" "
"";"";" "
"";"";" "
"";"";" "
"";"";" "
"";"";" "
"";"";" "
"";"";" "
"";"";" "
"";"";" "
"";"";" "
"";"";" "
"";"";" "
"";"";" "
"";"";" "
"";"";" "
"";"";" "
"";"";" "
"";"";" "
"";"";" "
"";"";" "
"";"";" "
"";"";" "
"";"";" "
"";"";" "
"";"";" "
"";"";" "
"";"";" "
"";"";" "
"";"";" "
"";"";" "
"";"";" "
"";"";" "
"";"";" "
"";"";" "
"";"";" "
"";"";" "
"";"";" "
"";"";" "
"";"";" "
"";"";" "
"";"";" "
"";"";" "
"";"";" "
"";"";" "
"";"";" "
"";"";" "
"";"";" "
"";"";" "
"";"";" "
"";"";" "
"";"";" "
"";"";" "
"";"";" "
"";"";" "
"";"";" "
"";"";" "
"";"";" "
"";"";" "
"";"";" "
"";"";" "
"";"";" "
"";"";" "
"";"";" "
"";"";" "
"";"";" "
"";"";" "
"";"";" "
"";"";" "
"";"";" "
"";"";" "
"";"";" "
"";"";" "
"";"";" "
"";"";" "
"";"";" "
"";"";" "
"";"";" "
"";"";" "
"";"";" "
"";"";" "
"";"";" "
"";"";" "
"";"";" "
"";"";" "
"";"";" "
"";"";" "
"";"";" "
"";"";" "
"";"";" "
"";"";" "
"";"";" "
"";"";" "
"";"";" "
"";"";" "
"";"";" "
"";"";" "
"";"";" "
"";"";" "
"";"";" "
"";"";" "
"";"";" "
"";"";" "
"";"";" "
"";"";" "
"";"";" "
"";"";" "
"";"";" "
"";"";" "
"";"";" "
"";"";" "
"";"";" "
"";"";" "
"";"";" "
"";"";" "
"";"";" "
"";"";" "
"";"";" "
"";"";" "
"";"";" "
"";"";" "
"";"";" "
"";"";" "
"";"";" "
"";"";" "
"";"";" "
"";"";" "
"";"";" "
"";"";" "
"";"";" "
"";"";" "
"";"";" "
"";"";" "
"";"";" "
"";"";" "
"";"";" "
"";"";" "
"";"";" "
"";"";" "
"";"";" "
"";"";" "
"";"";" "
"";"";" "
"";"";" "
"";"";" "
"";"";" "
"";"";" "
"";"";" "
"";"";" "
"";"";" "
"";"";" "
"";"";" "
"";"";" "
"";"";" "
"";"";" "
"";"";" "
"";"";" "
"";"";" "
"";"";" "
"";"";" "
"";"";" "
"";"";" "
"";"";" "
"";"";" "
"";"";" "
"";"";" "
"";"";" "
"";"";" "
"";"";" "
"";"";" "
"";"";" "
"";"";" "
"";"";" "
"";"";" "
"";"";" "
"";"";" "
"";"";" "
"";"";" "
"";"";" "
"";"";" "
"";"";" "
"";"";" "
"";"";" "
"";"";" "
"";"";" "
"";"";" "
"";"";" "
"";"";" "
"";"";" "
"";"";" "
"";"";" "
"";"";" "
"";"";" "
"";"";" "
"";"";" "
"";"";" "
"";"";" "
"";"";" "
"";"";" "
"";"";" "
"";"";" "
"";"";" "
"";"";" "
"";"";" "
"";"";" "
"";"";" "
"";"";" "
"";"";" "
"";"";" "
"";"";" "
"";"";" "
"";"";" "
"";"";" "
"";"";" "
"";"";" "
"";"";" "
"";"";" "
"";"";" "
"";"";" "
"";"";" "
"";"";" "
"";"";" "
"";"";" "
"";"";" "
"";"";" "
"";"";" "
"";"";" "
"";"";" "
"";"";" "
"";"";" "
"";"";" "
"";"";" "
"";"";" "
"";"";" "
"";"";" "
"";"";" "
"";"";" "
"";"";" "
"";"";" "
"";"";" "
"";"";" "
"";"";" "
"";"";" "
"";"";" "
"";"";" "
"";"";" "
"";"";" "
"";"";" "
"";"";" "
"";"";" "
"";"";" "
"";"";" "
"";"";" "
"";"";" "
"";"";" "
"";"";" "
"";"";" "
"";"";" "
"";"";" "
"";"";" "
"";"";" "
"";"";" "
"";"";" "
"";"";" "
"";"";" "
"";"";" "
"";"";" "
"";"";" "
"";"";" "
"";"";" "
"";"";" "
"";"";" "
"";"";" "
"";"";" "
"";"";" "
"";"";" "
"";"";" "
"";"";" "
"";"";" "
"";"";" "
"";"";" "
"";"";" "
"";"";" "
"";"";" "
"";"";" "
"";"";" "
"";"";" "
"";"";" "
"";"";" "
"";"";" "
"";"";" "
"";"";" "
"";"";" "
"";"";" "
"";"";" "
"";"";" "
"";"";" "
"";"";" "
"";"";" "
"";"";" "
"";"";" "
"";"";" "
"";"";" "
"";"";" "
"";"";" "
"";"";" "
"";"";" "
"";"";" "
"";"";" "
"";"";" "
"";"";" "
"";"";" "
"";"";" "
"";"";" "
"";"";" "
"";"";" "
"";"";" "
"";"";" "
"";"";" "
"";"";" "
"";"";" "
"";"";" "
"";"";" "
"";"";" "
"";"";" "
"";"";" "
"";"";" "
"";"";" "
"";"";" "
"";"";" "
"";"";" "
"";"";" "
"";"";" "
"";"";" "
"";"";" "
"";"";" "
"";"";" "
"";"";" "
"";"";" "
"";"";" "
"";"";" "
"";"";" "
"";"";" "
"";"";" "
"";"";" "
"";"";" "
"";"";" "
"";"";" "
"";"";" "
"";"";" "
"";"";" "
"";"";" "
"";"";" "
"";"";" "
"";"";" "
"";"";" "
"";"";" "
"";"";" "
"";"";" "
"";"";" "
"";"";" "
"";"";" "
"";"";" "
"";"";" "
"";"";" "
"";"";" "
"";"";" "
"";"";" "
"";"";" "
"";"";" "
"";"";" "
"";"";" "
"";"";" "
"";"";" "
"";"";" "
"";"";" "
"";"";" "
"";"";" "
"";"";" "
"";"";" "
"";"";" "
"";"";" "
"";"";" "
"";"";" "
"";"";" "
"";"";" "
"";"";" "
"";"";" "
"";"";" "
"";"";" "
"";"";" "
"";"";" "
"";"";" "
"";"";" "
"";"";" "
"";"";" "
"";"";" "
"";"";" "
"";"";" "
"";"";" "
"";"";" "
"";"";" "
"";"";" "
"";"";" "
"";"";" "
"";"";" "
"";"";" "
"";"";" "
"";"";" "
"";"";" "
"";"";" "
"";"";" "
"";"";" "
"";"";" "
"";"";" "
"";"";" "
"";"";" "
"";"";" "
"";"";" "
"";"";" "
"";"";" "
"";"";" "
"";"";" "
"";"";" "
"";"";" "
"";"";" "
"";"";" "
"";"";" "
"";"";" "
"";"";" "
"";"";" "
"";"";" "
"";"";" "
"";"";" "
"";"";" "
"";"";" "
"";"";" "
"";"";" "
"";"";" "
"";"";" "
"";"";" "
"";"";" "
"";"";" "
"";"";" "
"";"";" "
"";"";" "
"";"";" "
"";"";" "
"";"";" "
"";"";" "
"";"";" "
"";"";" "
"";"";" "
"";"";" "
"";"";" "
"";"";" "
"";"";" "
"";"";" "
"";"";" "
"";"";" "
"";"";" "
"";"";" "
"";"";" "
"";"";" "
"";"";" "
"";"";" "
"";"";" "
"";"";" "
"";"";" "
"";"";" "
"";"";" "
"";"";" "
"";"";" "
"";"";" "
"";"";" "
"";"";" "
"";"";" "
"";"";" "
"";"";" "
"";"";" "
"";"";" "
"";"";" "
"";"";" "
"";"";" "
"";"";" "
"";"";" "
"";"";" "
"";"";" "
"";"";" "
"";"";" "
"";"";" "
"";"";" "
"";"";" "
"";"";" "
"";"";" "
"";"";" "
"";"";" "
"";"";" "
"";"";" "
"";"";" "
"";"";" "
"";"";" "
"";"";" "
"";"";" "
"";"";" "
"";"";" "
"";"";" "
"";"";" "
"";"";" "
"";"";" "
"";"";" "
"";"";" "
"";"";" "
"";"";" "
"";"";" "
"";"";" "
"";"";" "
"";"";" "
"";"";" "
"";"";" "
"";"";" "
"";"";" "
"";"";" "
"";"";" "
"";"";" "
"";"";" "
"";"";" "
"";"";" "
"";"";" "
"";"";" "
"";"";" "
"";"";" "
"";"";" "
"";"";" "
"";"";" "
"";"";" "
"";"";" "
"";"";" "
"";"";" "
"";"";" "
"";"";" "
"";"";" "
"";"";" "
"";"";" "
"";"";" "
"";"";" "
"";"";" "
"";"";" "
"";"";" "
"";"";" "
"";"";" "
"";"";" "
"";"";" "
"";"";" "
"";"";" "
"";"";" "
"";"";" "
"";"";" "
"";"";" "
"";"";" "
"";"";" "
"";"";" "
"";"";" "
"";"";" "
"";"";" "
"";"";" "
"";"";" "
"";"";" "
"";"";" "
"";"";" "
"";"";" "
"";"";" "
"";"";" "
"";"";" "
"";"";" "
"";"";" "
"";"";" "
"";"";" "
"";"";" "
"";"";" "
"";"";" "
"";"";" "
"";"";" "
"";"";" "
"";"";" "
"";"";" "
"";"";" "
"";"";" "
"";"";" "
"";"";" "
"";"";" "
"";"";" "
"";"";" "
"";"";" "
"";"";" "
"";"";" "
"";"";" "
"";"";" "
"";"";" "
"";"";" "
"";"";" "
"";"";" "
"";"";" "
"";"";" "
"";"";" "
"";"";" "
"";"";" "
"";"";" "
"";"";" "
"";"";" "
"";"";" "
"";"";" "
"";"";" "
"";"";" "
"";"";" "
"";"";" "
"";"";" "
"";"";" "
"";"";" "
"";"";" "
"";"";" "
"";"";" "
"";"";" "
"";"";" "
"";"";" "
"";"";" "
"";"";" "
"";"";" "
"";"";" "
"";"";" "
"";"";" "
"";"";" "
"";"";" "
"";"";" "
"";"";" "
"";"";" "
"";"";" "
"";"";" "
"";"";" "
"";"";" "
"";"";" "
"";"";" "
"";"";" "
"";"";" "
"";"";" "
"";"";" "
"";"";" "
"";"";" "
"";"";" "
"";"";" "
"";"";" "
"";"";" "
"";"";" "
"";"";" "
"";"";" "
"";"";" "
"";"";" "
"";"";" "
"";"";" "
"";"";" "
"";"";" "
"";"";" "
"";"";" "
"";"";" "
"";"";" "
"";"";" "
"";"";" "
"";"";" "
"";"";" "
"";"";" "
"";"";" "
"";"";" "
"";"";" "
"";"";" "
"";"";" "
"";"";" "
"";"";" "
"";"";" "
"";"";" "
"";"";" "
"";"";" "
"";"";" "
"";"";" "
"";"";" "
"";"";" "
"";"";" "
"";"";" "
"";"";" "
"";"";" "
"";"";" "
"";"";" "
"";"";" "
"";"";" "
"";"";" "
"";"";" "
"";"";" "
"";"";" "
"";"";" "
"";"";" "
"";"";" "
"";"";" "
"";"";" "
"";"";" "
"";"";" "
"";"";" "
"";"";" "
"";"";" "
"";"";" "
"";"";" "
"";"";" "
"";"";" "
"";"";" "
"";"";" "
"";"";" "
"";"";" "
"";"";" "
"";"";" "
"";"";" "
"";"";" "
"";"";" "
"";"";" "
"";"";" "
"";"";" "
"";"";" "
"";"";" "
"";"";" "
"";"";" "
"";"";" "
"";"";" "
"";"";" "
"";"";" "
"";"";" "
"";"";" "
"";"";" "
"";"";" "
"";"";" "
"";"";" "
"";"";" "
"";"";" "
"";"";" "
"";"";" "
"";"";" "
"";"";" "
"";"";" "
"";"";" "
"";"";" "
"";"";" "
"";"";" "
"";"";" "
"";"";" "
"";"";" "
"";"";" "
"";"";" "
"";"";" "
"";"";" "
"";"";" "
"";"";" "
"";"";" "
"";"";" "
"";"";" "
"";"";" "
"";"";" "
"";"";" "
"";"";" "
"";"";" "
"";"";" "
"";"";" "
"";"";" "
"";"";" "
"";"";" "
"";"";" "
"";"";" "
"";"";" "
"";"";" "
"";"";" "
"";"";" "
"";"";" "
"";"";" "
"";"";" "
"";"";" "
"";"";" "
"";"";" "
"";"";" "
"";"";" "
"";"";" "
"";"";" "
"";"";" "
"";"";" "
"";"";" "
"";"";" "
"";"";" "
"";"";" "
"";"";" "
"";"";" "
"";"";" "
"";"";" "
"";"";" "
"";"";" "
"";"";" "
"";"";" "
"";"";" "
"";"";" "
"";"";" "
"";"";" "
"";"";" "
"";"";" "
"";"";" "
"";"";" "
"";"";" "
"";"";" "
"";"";" "
"";"";" "
"";"";" "
"";"";" "
"";"";" "
"";"";" "
"";"";" "
"";"";" "
"";"";" "
"";"";" "
"";"";" "
"";"";" "
"";"";" "
"";"";" "
"";"";" "
"";"";" "
"";"";" "
"";"";" "
"";"";" "
"";"";" "
"";"";" "
"";"";" "
"";"";" "
"";"";" "
"";"";" "
"";"";" "
"";"";" "
"";"";" "
"";"";" "
"";"";" "
"";"";" "
"";"";" "
"";"";" "
"";"";" "
"";"";" "
"";"";" "
"";"";" "
"";"";" "
"";"";" "
"";"";" "
"";"";" "
"";"";" "
"";"";" "
"";"";" "
"";"";" "
"";"";" "
"";"";" "
"";"";" "
"";"";" "
"";"";" "
"";"";" "
"";"";" "
"";"";" "
"";"";" "
"";"";" "
"";"";" "
"";"";" "
"";"";" "
"";"";" "
"";"";" "
"";"";" "
"";"";" "
"";"";" "
"";"";" "
"";"";" "
"";"";" "
"";"";" "
"";"";" "
"";"";" "
"";"";" "
"";"";" "
"";"";" "
"";"";" "
"";"";" "
"";"";" "
"";"";" "
"";"";" "
"";"";" "
"";"";" "
"";"";" "
"";"";" "
"";"";" "
"";"";" "
"";"";" "
"";"";" "
"";"";" "
"";"";" "
"";"";" "
"";"";" "
"";"";" "
"";"";" "
"";"";" "
"";"";" "
"";"";" "
"";"";" "
"";"";" "
"";"";" "
"";"";" "
"";"";" "
"";"";" "
"";"";" "
"";"";" "
"";"";" "
"";"";" "
"";"";" "
"";"";" "
"";"";" "
"";"";" "
"";"";" "
"";"";" "
"";"";" "
"";"";" "
"";"";" "
"";"";" "
"";"";" "
"";"";" "
"";"";" "
"";"";" "
"";"";" "
"";"";" "
"";"";" "
"";"";" "
"";"";" "
"";"";" "
"";"";" "
"";"";" "
"";"";" "
"";"";" "
"";"";" "
"";"";" "
"";"";" "
"";"";" "
"";"";" "
"";"";" "
"";"";" "
"";"";" "
"";"";" "
"";"";" "
"";"";" "
"";"";" "
"";"";" "
"";"";" "
"";"";" "
"";"";" "
"";"";" "
"";"";" "
"";"";" "
"";"";" "
"";"";" "
"";"";" "
"";"";" "
"";"";" "
"";"";" "
"";"";" "
"";"";" "
"";"";" "
"";"";" "
"";"";" "
"";"";" "
"";"";" "
"";"";" "
"";"";" "
"";"";" "
"";"";" "
"";"";" "
"";"";" "
"";"";" "
"";"";" "
"";"";" "
"";"";" "
"";"";" "
"";"";" "
"";"";" "
"";"";" "
"";"";" "
"";"";" "
"";"";" "
"";"";" "
"";"";" "
"";"";" "
"";"";" "
"";"";" "
"";"";" "
"";"";" "
"";"";" "
"";"";" "
"";"";" "
"";"";" "
"";"";" "
"";"";" "
"";"";" "
"";"";" "
"";"";" "
"";"";" "
"";"";" "
"";"";" "
"";"";" "
"";"";" "
"";"";" "
"";"";" "
"";"";" "
"";"";" "
"";"";" "
"";"";" "
"";"";" "
"";"";" "
"";"";" "
"";"";" "
"";"";" "
"";"";" "
"";"";" "
"";"";" "
"";"";" "
"";"";" "
"";"";" "
"";"";" "
"";"";" "
"";"";" "
"";"";" "
"";"";" "
"";"";" "
"";"";" "
"";"";" "
"";"";" "
"";"";" "
"";"";" "
"";"";" "
"";"";" "
"";"";" "
"";"";" "
"";"";" "
"";"";" "
"";"";" "
"";"";" "
"";"";" "
"";"";" "
"";"";" "
"";"";" "
"";"";" "
"";"";" "
"";"";" "
"";"";" "
"";"";" "
"";"";" "
"";"";" "
"";"";" "
"";"";" "
"";"";" "
"";"";" "
"";"";" "
"";"";" "
"";"";" "
"";"";" "
"";"";" "
"";"";" "
"";"";" "
"";"";" "
"";"";" "
"";"";" "
"";"";" "
"";"";" "
"";"";" "
"";"";" "
"";"";" "
"";"";" "
"";"";" "
"";"";" "
"";"";" "
"";"";" "
"";"";" "
"";"";" "
"";"";" "
"";"";" "
"";"";" "
"";"";" "
"";"";" "
"";"";" "
"";"";" "
"";"";" "
"";"";" "
"";"";" "
"";"";" "
"";"";" "
"";"";" "
"";"";" "
"";"";" "
"";"";" "
"";"";" "
"";"";" "
"";"";" "
"";"";" "
"";"";" "
"";"";" "
"";"";" "
"";"";" "
"";"";" "
"";"";" "
"";"";" "
"";"";" "
"";"";" "
"";"";" "
"";"";" "
"";"";" "
"";"";" "
"";"";" "
"";"";" "
"";"";" "
"";"";" "
"";"";" "
"";"";" "
"";"";" "
"";"";" "
"";"";" "
"";"";" "
"";"";" "
"";"";" "
"";"";" "
"";"";" "
"";"";" "
"";"";" "
"";"";" "
"";"";" "
"";"";" "
"";"";" "
"";"";" "
"";"";" "
"";"";" "
"";"";" "
"";"";" "
"";"";" "
"";"";" "
"";"";" "
"";"";" "
"";"";" "
"";"";" "
"";"";" "
"";"";" "
"";"";" "
"";"";" "
"";"";" "
"";"";" "
"";"";" "
"";"";" "
"";"";" "
"";"";" "
"";"";" "
"";"";" "
"";"";" "
"";"";" "
"";"";" "
"";"";" "
"";"";" "
"";"";" "
"";"";" "
"";"";" "
"";"";" "
"";"";" "
"";"";" "
"";"";" "
"";"";" "
"";"";" "
"";"";" "
"";"";" "
"";"";" "
"";"";" "
"";"";" "
"";"";" "
"";"";" "
"";"";" "
"";"";" "
"";"";" "
"";"";" "
"";"";" "
"";"";" "
"";"";" "
"";"";" "
"";"";" "
"";"";" "
"";"";" "
"";"";" "
"";"";" "
"";"";" "
"";"";" "
"";"";" "
"";"";" "
"";"";" "
"";"";" "
"";"";" "
"";"";" "
"";"";" "
"";"";" "
"";"";" "
"";"";" "
"";"";" "
"";"";" "
"";"";" "
"";"";" "
"";"";" "
"";"";" "
"";"";" "
"";"";" "
"";"";" "
"";"";" "
"";"";" "
"";"";" "
"";"";" "
"";"";" "
"";"";" "
"";"";" "
"";"";" "
"";"";" "
"";"";" "
"";"";" "
"";"";" "
"";"";" "
"";"";" "
"";"";" "
"";"";" "
"";"";" "
"";"";" "
"";"";" "
"";"";" "
"";"";" "
"";"";" "
"";"";" "
"";"";" "
"";"";" "
"";"";" "
"";"";" "
"";"";" "
"";"";" "
"";"";" "
"";"";" "
"";"";" "
"";"";" "
"";"";" "
"";"";" "
"";"";" "
"";"";" "
"";"";" "
"";"";" "
"";"";" "
"";"";" "
"";"";" "
"";"";" "
"";"";" "
"";"";" "
"";"";" "
"";"";" "
"";"";" "
"";"";" "
"";"";" "
"";"";" "
"";"";" "
"";"";" "
"";"";" "
"";"";" "
"";"";" "
"";"";" "
"";"";" "
"";"";" "
"";"";" "
"";"";" "
"";"";" "
"";"";" "
"";"";" "
"";"";" "
"";"";" "
"";"";" "
"";"";" "
"";"";" "
"";"";" "
"";"";" "
"";"";" "
"";"";" "
"";"";" "
"";"";" "
"";"";" "
"";"";" "
"";"";" "
"";"";" "
"";"";" "
"";"";" "
"";"";" "
"";"";" "
"";"";" "
"";"";" "
"";"";" "
"";"";" "
"";"";" "
"";"";" "
"";"";" "
"";"";" "
"";"";" "
"";"";" "
"";"";" "
"";"";" "
"";"";" "
"";"";" "
"";"";" "
"";"";" "
"";"";" "
"";"";" "
"";"";" "
"";"";" "
"";"";" "
"";"";" "
"";"";" "
"";"";" "
"";"";" "
"";"";" "
"";"";" "
"";"";" "
"";"";" "
"";"";" "
"";"";" "
"";"";" "
"";"";" "
"";"";" "
"";"";" "
"";"";" "
"";"";" "
"";"";" "
"";"";" "
"";"";" "
"";"";" "
"";"";" "
"";"";" "
"";"";" "
"";"";" "
"";"";" "
"";"";" "
"";"";" "
"";"";" "
"";"";" "
"";"";" "
"";"";" "
"";"";" "
"";"";" "
"";"";" "
"";"";" "
"";"";" "
"";"";" "
"";"";" "
"";"";" "
"";"";" "
"";"";" "
"";"";" "
"";"";" "
"";"";" "
"";"";" "
"";"";" "
"";"";" "
"";"";" "
"";"";" "
"";"";" "
"";"";" "
"";"";" "
"";"";" "
"";"";" "
"";"";" "
"";"";" "
"";"";" "
"";"";" "
"";"";" "
"";"";" "
"";"";" "
"";"";" "
"";"";" "
"";"";" "
"";"";" "
"";"";" "
"";"";" "
"";"";" "
"";"";" "
"";"";" "
"";"";" "
"";"";" "
"";"";" "
"";"";" "
"";"";" "
"";"";" "
"";"";" "
"";"";" "
"";"";" "
"";"";" "
"";"";" "
"";"";" "
"";"";" "
"";"";" "
"";"";" "
"";"";" "
"";"";" "
"";"";" "
"";"";" "
"";"";" "
"";"";" "
"";"";" "
"";"";" "
"";"";" "
"";"";" "
"";"";" "
"";"";" "
"";"";" "
"";"";" "
"";"";" "
"";"";" "
"";"";" "
"";"";" "
"";"";" "
"";"";" "
"";"";" "
"";"";" "
"";"";" "
"";"";" "
"";"";" "
"";"";" "
"";"";" "
"";"";" "
"";"";" "
"";"";" "
"";"";" "
"";"";" "
"";"";" "
"";"";" "
"";"";" "
"";"";" "
"";"";" "
"";"";" "
"";"";" "
"";"";" "
"";"";" "
"";"";" "
"";"";" "
"";"";" "
"";"";" "
"";"";" "
"";"";" "
"";"";" "
"";"";" "
"";"";" "
"";"";" "
"";"";" "
"";"";" "
"";"";" "
"";"";" "
"";"";" "
"";"";" "
"";"";" "
"";"";" "
"";"";" "
"";"";" "
"";"";" "
"";"";" "
"";"";" "
"";"";" "
"";"";" "
"";"";" "
"";"";" "
"";"";" "
"";"";" "
"";"";" "
"";"";" "
"";"";" "
"";"";" "
"";"";" "
"";"";" "
"";"";" "
"";"";" "
"";"";" "
"";"";" "
"";"";" "
"";"";" "
"";"";" "
"";"";" "
"";"";" "
"";"";" "
"";"";" "
"";"";" "
"";"";" "
"";"";" "
"";"";" "
"";"";" "
"";"";" "
"";"";" "
"";"";" "
"";"";" "
"";"";" "
"";"";" "
"";"";" "
"";"";" "
"";"";" "
"";"";" "
"";"";" "
"";"";" "
"";"";" "
"";"";" "
"";"";" "
"";"";" "
"";"";" "
"";"";" "
"";"";" "
"";"";" "
"";"";" "
"";"";" "
"";"";" "
"";"";" "
"";"";" "
"";"";" "
"";"";" "
"";"";" "
"";"";" "
"";"";" "
"";"";" "
"";"";" "
"";"";" "
"";"";" "
"";"";" "
"";"";" "
"";"";" "
"";"";" "
"";"";" "
"";"";" "
"";"";" "
"";"";" "
"";"";" "
"";"";" "
"";"";" "
"";"";" "
"";"";" "
"";"";" "
"";"";" "
"";"";" "
"";"";" "
"";"";" "
"";"";" "
"";"";" "
"";"";" "
"";"";" "
"";"";" "
"";"";" "
"";"";" "
"";"";" "
"";"";" "
"";"";" "
"";"";" "
"";"";" "
"";"";" "
"";"";" "
"";"";" "
"";"";" "
"";"";" "
"";"";" "
"";"";" "
"";"";" "
"";"";" "
"";"";" "
"";"";" "
"";"";" "
"";"";" "
"";"";" "
"";"";" "
"";"";" "
"";"";" "
"";"";" "
"";"";" "
"";"";" "
"";"";" "
"";"";" "
"";"";" "
"";"";" "
"";"";" "
"";"";" "
"";"";" "
"";"";" "
"";"";" "
"";"";" "
"";"";" "
"";"";" "
"";"";" "
"";"";" "
"";"";" "
"";"";" "
"";"";" "
"";"";" "
"";"";" "
"";"";" "
"";"";" "
"";"";" "
"";"";" "
"";"";" "
"";"";" "
"";"";" "
"";"";" "
"";"";" "
"";"";" "
"";"";" "
"";"";" "
"";"";" "
"";"";" "
"";"";" "
"";"";" "
"";"";" "
"";"";" "
"";"";" "
"";"";" "
"";"";" "
"";"";" "
"";"";" "
"";"";" "
"";"";" "
"";"";" "
"";"";" "
"";"";" "
"";"";" "
"";"";" "
"";"";" "
"";"";" "
"";"";" "
"";"";" "
"";"";" "
"";"";" "
"";"";" "
"";"";" "
"";"";" "
"";"";" "
"";"";" "
"";"";" "
"";"";" "
"";"";" "
"";"";" "
"";"";" "
"";"";" "
"";"";" "
"";"";" "
"";"";" "
"";"";" "
"";"";" "
"";"";" "
"";"";" "
"";"";" "
"";"";" "
"";"";" "
"";"";" "
"";"";" "
"";"";" "
"";"";" "
"";"";" "
"";"";" "
"";"";" "
"";"";" "
"";"";" "
"";"";" "
"";"";" "
"";"";" "
"";"";" "
"";"";" "
"";"";" "
"";"";" "
"";"";" "
"";"";" "
"";"";" "
"";"";" "
"";"";" "
"";"";" "
"";"";" "
"";"";" "
"";"";" "
"";"";" "
"";"";" "
"";"";" "
"";"";" "
"";"";" "
"";"";" "
"";"";" "
"";"";" "
"";"";" "
"";"";" "
"";"";" "
"";"";" "
"";"";" "
"";"";" "
"";"";" "
"";"";" "
"";"";" "
"";"";" "
"";"";" "
"";"";" "
"";"";" "
"";"";" "
"";"";" "
"";"";" "
"";"";" "
"";"";" "
"";"";" "
"";"";" "
"";"";" "
"";"";" "
"";"";" "
"";"";" "
"";"";" "
"";"";" "
"";"";" "
"";"";" "
"";"";" "
"";"";" "
"";"";" "
"";"";" "
"";"";" "
"";"";" "
"";"";" "
"";"";" "
"";"";" "
"";"";" "
"";"";" "
"";"";" "
"";"";" "
"";"";" "
"";"";" "
"";"";" "
"";"";" "
"";"";" "
"";"";" "
"";"";" "
"";"";" "
"";"";" "
"";"";" "
"";"";" "
"";"";" "
"";"";" "
"";"";" "
"";"";" "
"";"";" "
"";"";" "
"";"";" "
"";"";" "
"";"";" "
"";"";" "
"";"";" "
"";"";" "
"";"";" "
"";"";" "
"";"";" "
"";"";" "
"";"";" "
"";"";" "
"";"";" "
"";"";" "
"";"";" "
"";"";" "
"";"";" "
"";"";" "
"";"";" "
"";"";" "
"";"";" "
"";"";" "
"";"";" "
"";"";" "
"";"";" "
"";"";" "
"";"";" "
"";"";" "
"";"";" "
"";"";" "
"";"";" "
"";"";" "
"";"";" "
"";"";" "
"";"";" "
"";"";" "
"";"";" "
"";"";" "
"";"";" "
"";"";" "
"";"";" "
"";"";" "
"";"";" "
"";"";" "
"";"";" "
"";"";" "
"";"";" "
"";"";" "
"";"";" "
"";"";" "
"";"";" "
"";"";" "
"";"";" "
"";"";" "
"";"";" "
"";"";" "
"";"";" "
"";"";" "
"";"";" "
"";"";" "
"";"";" "
"";"";" "
"";"";" "
"";"";" "
"";"";" "
"";"";" "
"";"";" "
"";"";" "
"";"";" "
"";"";" "
"";"";" "
"";"";" "
"";"";" "
"";"";" "
"";"";" "
"";"";" "
"";"";" "
"";"";" "
"";"";" "
"";"";" "
"";"";" "
"";"";" "
"";"";" "
"";"";" "
"";"";" "
"";"";" "
"";"";" "
"";"";" "
"";"";" "
"";"";" "
"";"";" "
"";"";" "
"";"";" "
"";"";" "
"";"";" "
"";"";" "
"";"";" "
"";"";" "
"";"";" "
"";"";" "
"";"";" "
"";"";" "
"";"";" "
"";"";" "
"";"";" "
"";"";" "
"";"";" "
"";"";" "
"";"";" "
"";"";" "
"";"";" "
"";"";" "
"";"";" "
"";"";" "
"";"";" "
"";"";" "
"";"";" "
"";"";" "
"";"";" "
"";"";" "
"";"";" "
"";"";" "
"";"";" "
"";"";" "
"";"";" "
"";"";" "
"";"";" "
"";"";" "
"";"";" "
"";"";" "
"";"";" "
"";"";" "
"";"";" "
"";"";" "
"";"";" "
"";"";" "
"";"";" "
"";"";" "
"";"";" "
"";"";" "
"";"";" "
"";"";" "
"";"";" "
"";"";" "
"";"";" "
"";"";" "
"";"";" "
"";"";" "
"";"";" "
"";"";" "
"";"";" "
"";"";" "
"";"";" "
"";"";" "
"";"";" "
"";"";" "
"";"";" "
"";"";" "
"";"";" "
"";"";" "
"";"";" "
"";"";" "
"";"";" "
"";"";" "
"";"";" "
"";"";" "
"";"";" "
"";"";" "
"";"";" "
"";"";" "
"";"";" "
"";"";" "
"";"";" "
"";"";" "
"";"";" "
"";"";" "
"";"";" "
"";"";" "
"";"";" "
"";"";" "
"";"";" "
"";"";" "
"";"";" "
"";"";" "
"";"";" "
"";"";" "
"";"";" "
"";"";" "
"";"";" "
"";"";" "
"";"";" "
"";"";" "
"";"";" "
"";"";" "
"";"";" "
"";"";" "
"";"";" "
"";"";" "
"";"";" "
"";"";" "
"";"";" "
"";"";" "
"";"";" "
"";"";" "
"";"";" "
"";"";" "
"";"";" "
"";"";" "
"";"";" "
"";"";" "
"";"";" "
"";"";" "
"";"";" "
"";"";" "
"";"";" "
"";"";" "
"";"";" "
"";"";" "
"";"";" "
"";"";" "
"";"";" "
"";"";" "
"";"";" "
"";"";" "
"";"";" "
"";"";" "
"";"";" "
"";"";" "
"";"";" "
"";"";" "
"";"";" "
"";"";" "
"";"";" "
"";"";" "
"";"";" "
"";"";" "
"";"";" "
"";"";" "
"";"";" "
"";"";" "
"";"";" "
"";"";" "
"";"";" "
"";"";" "
"";"";" "
"";"";" "
"";"";" "
"";"";" "
"";"";" "
"";"";" "
"";"";" "
"";"";" "
"";"";" "
"";"";" "
"";"";" "
"";"";" "
"";"";" "
"";"";" "
"";"";" "
"";"";" "
"";"";" "
"";"";" "
"";"";" "
"";"";" "
"";"";" "
"";"";" "
"";"";" "
"";"";" "
"";"";" "
"";"";" "
"";"";" "
"";"";" "
"";"";" "
"";"";" "
"";"";" "
"";"";" "
"";"";" "
"";"";" "
"";"";" "
"";"";" "
"";"";" "
"";"";" "
"";"";" "
"";"";" "
"";"";" "
"";"";" "
"";"";" "
"";"";" "
"";"";" "
"";"";" "
"";"";" "
"";"";" "
"";"";" "
"";"";" "
"";"";" "
"";"";" "
"";"";" "
"";"";" "
"";"";" "
"";"";" "
"";"";" "
"";"";" "
"";"";" "
"";"";" "
"";"";" "
"";"";" "
"";"";" "
"";"";" "
"";"";" "
"";"";" "
"";"";" "
"";"";" "
"";"";" "
"";"";" "
"";"";" "
"";"";" "
"";"";" "
"";"";" "
"";"";" "
"";"";" "
"";"";" "
"";"";" "
"";"";" "
"";"";" "
"";"";" "
"";"";" "
"";"";" "
"";"";" "
"";"";" "
"";"";" "
"";"";" "
"";"";" "
"";"";" "
"";"";" "
"";"";" "
"";"";" "
"";"";" "
"";"";" "
"";"";" "
"";"";" "
"";"";" "
"";"";" "
"";"";" "
"";"";" "
"";"";" "
"";"";" "
"";"";" "
"";"";" "
"";"";" "
"";"";" "
"";"";" "
"";"";" "
"";"";" "
"";"";" "
"";"";" "
"";"";" "
"";"";" "
"";"";" "
"";"";" "
"";"";" "
"";"";" "
"";"";" "
"";"";" "
"";"";" "
"";"";" "
"";"";" "
"";"";" "
"";"";" "
"";"";" "
"";"";" "
"";"";" "
"";"";" "
"";"";" "
"";"";" "
"";"";" "
"";"";" "
"";"";" "
"";"";" "
"";"";" "
"";"";" "
"";"";" "
"";"";" "
"";"";" "
"";"";" "
"";"";" "
"";"";" "
"";"";" "
"";"";" "
"";"";" "
"";"";" "
"";"";" "
"";"";" "
"";"";" "
"";"";" "
"";"";" "
"";"";" "
"";"";" "
"";"";" "
"";"";" "
"";"";" "
"";"";" "
"";"";" "
"";"";" "
"";"";" "
"";"";" "
"";"";" "
"";"";" "
"";"";" "
"";"";" "
"";"";" "
"";"";" "
"";"";" "
"";"";" "
"";"";" "
"";"";" "
"";"";" "
"";"";" "
"";"";" "
"";"";" "
"";"";" "
"";"";" "
"";"";" "
"";"";" "
"";"";" "
"";"";" "
"";"";" "
"";"";" "
"";"";" "
"";"";" "
"";"";" "
"";"";" "
"";"";" "
"";"";" "
"";"";" "
"";"";" "
"";"";" "
"";"";" "
"";"";" "
"";"";" "
"";"";" "
"";"";" "
"";"";" "
"";"";" "
"";"";" "
"";"";" "
"";"";" "
"";"";" "
"";"";" "
"";"";" "
"";"";" "
"";"";" "
"";"";" "
"";"";" "
"";"";" "
"";"";" "
"";"";" "
"";"";" "
"";"";" "
"";"";" "
"";"";" "
"";"";" "
"";"";" "
"";"";" "
"";"";" "
"";"";" "
"";"";" "
"";"";" "
"";"";" "
"";"";" "
"";"";" "
"";"";" "
"";"";" "
"";"";" "
"";"";" "
"";"";" "
"";"";" "
"";"";" "
"";"";" "
"";"";" "
"";"";" "
"";"";" "
"";"";" "
"";"";" "
"";"";" "
"";"";" "
"";"";" "
"";"";" "
"";"";" "
"";"";" "
"";"";" "
"";"";" "
"";"";" "
"";"";" "
"";"";" "
"";"";" "
"";"";" "
"";"";" "
"";"";" "
"";"";" "
"";"";" "
"";"";" "
"";"";" "
"";"";" "
"";"";" "
"";"";" "
"";"";" "
"";"";" "
"";"";" "
"";"";" "
"";"";" "
"";"";" "
"";"";" "
"";"";" "
"";"";" "
"";"";" "
"";"";" "
"";"";" "
"";"";" "
"";"";" "
"";"";" "
"";"";" "
"";"";" "
"";"";" "
"";"";" "
"";"";" "
"";"";" "
"";"";" "
"";"";" "
"";"";" "
"";"";" "
"";"";" "
"";"";" "
"";"";" "
"";"";" "
"";"";" "
"";"";" "
"";"";" "
"";"";" "
"";"";" "
"";"";" "
"";"";" "
"";"";" "
"";"";" "
"";"";" "
"";"";" "
"";"";" "
"";"";" "
"";"";" "
"";"";" "
"";"";" "
"";"";" "
"";"";" "
"";"";" "
"";"";" "
"";"";" "
"";"";" "
"";"";" "
"";"";" "
"";"";" "
"";"";" "
"";"";" "
"";"";" "
"";"";" "
"";"";" "
"";"";" "
"";"";" "
"";"";" "
"";"";" "
"";"";" "
"";"";" "
"";"";" "
"";"";" "
"";"";" "
"";"";" "
"";"";" "
"";"";" "
"";"";" "
"";"";" "
"";"";" "
"";"";" "
"";"";" "
"";"";" "
"";"";" "
"";"";" "
"";"";" "
"";"";" "
"";"";" "
"";"";" "
"";"";" "
"";"";" "
"";"";" "
"";"";" "
"";"";" "
"";"";" "
"";"";" "
"";"";" "
"";"";" "
"";"";" "
"";"";" "
"";"";" "
"";"";" "
"";"";" "
"";"";" "
"";"";" "
"";"";" "
"";"";" "
"";"";" "
"";"";" "
"";"";" "
"";"";" "
"";"";" "
"";"";" "
"";"";" "
"";"";" "
"";"";" "
"";"";" "
"";"";" "
"";"";" "
"";"";" "
"";"";" "
"";"";" "
"";"";" "
"";"";" "
"";"";" "
"";"";" "
"";"";" "
"";"";" "
"";"";" "
"";"";" "
"";"";" "
"";"";" "
"";"";" "
"";"";" "
"";"";" "
"";"";" "
"";"";" "
"";"";" "
"";"";" "
"";"";" "
"";"";" "
"";"";" "
"";"";" "
"";"";" "
"";"";" "
"";"";" "
"";"";" "
"";"";" "
"";"";" "
"";"";" "
"";"";" "
"";"";" "
"";"";" "
"";"";" "
"";"";" "
"";"";" "
"";"";" "
"";"";" "
"";"";" "
"";"";" "
"";"";" "
"";"";" "
"";"";" "
"";"";" "
"";"";" "
"";"";" "
"";"";" "
"";"";" "
"";"";" "
"";"";" "
"";"";" "
"";"";" "
"";"";" "
"";"";" "
"";"";" "
"";"";" "
"";"";" "
"";"";" "
"";"";" "
"";"";" "
"";"";" "
"";"";" "
"";"";" "
"";"";" "
"";"";" "
"";"";" "
"";"";" "
"";"";" "
"";"";" "
"";"";" "
"";"";" "
"";"";" "
"";"";" "
"";"";" "
"";"";" "
"";"";" "
"";"";" "
"";"";" "
"";"";" "
"";"";" "
"";"";" "
"";"";" "
"";"";" "
"";"";" "
"";"";" "
"";"";" "
"";"";" "
"";"";" "
"";"";" "
"";"";" "
"";"";" "
"";"";" "
"";"";" "
"";"";" "
"";"";" "
"";"";" "
"";"";" "
"";"";" "
"";"";" "
"";"";" "
"";"";" "
"";"";" "
"";"";" "
"";"";" "
"";"";" "
"";"";" "
"";"";" "
"";"";" "
"";"";" "
"";"";" "
"";"";" "
"";"";" "
"";"";" "
"";"";" "
"";"";" "
"";"";" "
"";"";" "
"";"";" "
"";"";" "
"";"";" "
"";"";" "
"";"";" "
"";"";" "
"";"";" "
"";"";" "
"";"";" "
"";"";" "
"";"";" "
"";"";" "
"";"";" "
"";"";" "
"";"";" "
"";"";" "
"";"";" "
"";"";" "
"";"";" "
"";"";" "
"";"";" "
"";"";" "
"";"";" "
"";"";" "
"";"";" "
"";"";" "
"";"";" "
"";"";" "
"";"";" "
"";"";" "
"";"";" "
"";"";" "
"";"";" "
"";"";" "
"";"";" "
"";"";" "
"";"";" "
"";"";" "
"";"";" "
"";"";" "
"";"";" "
"";"";" "
"";"";" "
"";"";" "
"";"";" "
"";"";" "
"";"";" "
"";"";" "
"";"";" "
"";"";" "
"";"";" "
"";"";" "
"";"";" "
"";"";" "
"";"";" "
"";"";" "
"";"";" "
"";"";" "
"";"";" "
"";"";" "
"";"";" "
"";"";" "
"";"";" "
"";"";" "
"";"";" "
"";"";" "
"";"";" "
"";"";" "
"";"";" "
"";"";" "
"";"";" "
"";"";" "
"";"";" "
"";"";" "
"";"";" "
"";"";" "
"";"";" "
"";"";" "
"";"";" "
"";"";" "
"";"";" "
"";"";" "
"";"";" "
"";"";" "
"";"";" "
"";"";" "
"";"";" "
"";"";" "
"";"";" "
"";"";" "
"";"";" "
"";"";" "
"";"";" "
"";"";" "
"";"";" "
"";"";" "
"";"";" "
"";"";" "
"";"";" "
"";"";" "
"";"";" "
"";"";" "
"";"";" "
"";"";" "
"";"";" "
"";"";" "
"";"";" "
"";"";" "
"";"";" "
"";"";" "
"";"";" "
"";"";" "
"";"";" "
"";"";" "
"";"";" "
"";"";" "
"";"";" "
"";"";" "
"";"";" "
"";"";" "
"";"";" "
"";"";" "
"";"";" "
"";"";" "
"";"";" "
"";"";" "
"";"";" "
"";"";" "
"";"";" "
"";"";" "
"";"";" "
"";"";" "
"";"";" "
"";"";" "
"";"";" "
"";"";" "
"";"";" "
"";"";" "
"";"";" "
"";"";" "
"";"";" "
"";"";" "
"";"";" "
"";"";" "
"";"";" "
"";"";" "
"";"";" "
"";"";" "
"";"";" "
"";"";" "
"";"";" "
"";"";" "
"";"";" "
"";"";" "
"";"";" "
"";"";" "
"";"";" "
"";"";" "
"";"";" "
"";"";" "
"";"";" "
"";"";" "
"";"";" "
"";"";" "
"";"";" "
"";"";" "
"";"";" "
"";"";" "
"";"";" "
"";"";" "
"";"";" "
"";"";" "
"";"";" "
"";"";" "
"";"";" "
"";"";" "
"";"";" "
"";"";" "
"";"";" "
"";"";" "
"";"";" "
"";"";" "
"";"";" "
"";"";" "
"";"";" "
"";"";" "
"";"";" "
"";"";" "
"";"";" "
"";"";" "
"";"";" "
"";"";" "
"";"";" "
"";"";" "
"";"";" "
"";"";" "
"";"";" "
"";"";" "
"";"";" "
"";"";" "
"";"";" "
"";"";" "
"";"";" "
"";"";" "
"";"";" "
"";"";" "
"";"";" "
"";"";" "
"";"";" "
"";"";" "
"";"";" "
"";"";" "
"";"";" "
"";"";" "
"";"";" "
"";"";" "
"";"";" "
"";"";" "
"";"";" "
"";"";" "
"";"";" "
"";"";" "
"";"";" "
"";"";" "
"";"";" "
"";"";" "
"";"";" "
"";"";" "
"";"";" "
"";"";" "
"";"";" "
"";"";" "
"";"";" "
"";"";" "
"";"";" "
"";"";" "
"";"";" "
"";"";" "
"";"";" "
"";"";" "
"";"";" "
"";"";" "
"";"";" "
"";"";" "
"";"";" "
"";"";" "
"";"";" "
"";"";" "
"";"";" "
"";"";" "
"";"";" "
"";"";" "
"";"";" "
"";"";" "
"";"";" "
"";"";" "
"";"";" "
"";"";" "
"";"";" "
"";"";" "
"";"";" "
"";"";" "
"";"";" "
"";"";" "
"";"";" "
"";"";" "
"";"";" "
"";"";" "
"";"";" "
"";"";" "
"";"";" "
"";"";" "
"";"";" "
"";"";" "
"";"";" "
"";"";" "
"";"";" "
"";"";" "
"";"";" "
"";"";" "
"";"";" "
"";"";" "
"";"";" "
"";"";" "
"";"";" "
"";"";" "
"";"";" "
"";"";" "
"";"";" "
"";"";" "
"";"";" "
"";"";" "
"";"";" "
"";"";" "
"";"";" "
"";"";" "
"";"";" "
"";"";" "
"";"";" "
"";"";" "
"";"";" "
"";"";" "
"";"";" "
"";"";" "
"";"";" "
"";"";" "
"";"";" "
"";"";" "
"";"";" "
"";"";" "
"";"";" "
"";"";" "
"";"";" "
"";"";" "
"";"";" "
"";"";" "
"";"";" "
"";"";" "
"";"";" "
"";"";" "
"";"";" "
"";"";" "
"";"";" "
"";"";" "
"";"";" "
"";"";" "
"";"";" "
"";"";" "
"";"";" "
"";"";" "
"";"";" "
"";"";" "
"";"";" "
"";"";" "
"";"";" "
"";"";" "
"";"";" "
"";"";" "
"";"";" "
"";"";" "
"";"";" "
"";"";" "
"";"";" "
"";"";" "
"";"";" "
"";"";" "
"";"";" "
"";"";" "
"";"";" "
"";"";" "
"";"";" "
"";"";" "
"";"";" "
"";"";" "
"";"";" "
"";"";" "
"";"";" "
"";"";" "
"";"";" "
"";"";" "
"";"";" "
"";"";" "
"";"";" "
"";"";" "
"";"";" "
"";"";" "
"";"";" "
"";"";" "
"";"";" "
"";"";" "
"";"";" "
"";"";" "
"";"";" "
"";"";" "
"";"";" "
"";"";" "
"";"";" "
"";"";" "
"";"";" "
"";"";" "
"";"";" "
"";"";" "
"";"";" "
"";"";" "
"";"";" "
"";"";" "
"";"";" "
"";"";" "
"";"";" "
"";"";" "
"";"";" "
"";"";" "
"";"";" "
"";"";" "
"";"";" "
"";"";" "
"";"";" "
"";"";" "
"";"";" "
"";"";" "
"";"";" "
"";"";" "
"";"";" "
"";"";" "
"";"";" "
"";"";" "
"";"";" "
"";"";" "
"";"";" "
"";"";" "
"";"";" "
"";"";" "
"";"";" "
"";"";" "
"";"";" "
"";"";" "
"";"";" "
"";"";" "
"";"";" "
"";"";" "
"";"";" "
"";"";" "
"";"";" "
"";"";" "
"";"";" "
"";"";" "
"";"";" "
"";"";" "
"";"";" "
"";"";" "
"";"";" "
"";"";" "
"";"";" "
"";"";" "
"";"";" "
"";"";" "
"";"";" "
"";"";" "
"";"";" "
"";"";" "
"";"";" "
"";"";" "
"";"";" "
"";"";" "
"";"";" "
"";"";" "
"";"";" "
"";"";" "
"";"";" "
"";"";" "
"";"";" "
"";"";" "
"";"";" "
"";"";" "
"";"";" "
"";"";" "
"";"";" "
"";"";" "
"";"";" "
"";"";" "
"";"";" "
"";"";" "
"";"";" "
"";"";" "
"";"";" "
"";"";" "
"";"";" "
"";"";" "
"";"";" "
"";"";" "
"";"";" "
"";"";" "
"";"";" "
"";"";" "
"";"";" "
"";"";" "
"";"";" "
"";"";" "
"";"";" "
"";"";" "
"";"";" "
"";"";" "
"";"";" "
"";"";" "
"";"";" "
"";"";" "
"";"";" "
"";"";" "
"";"";" "
"";"";" "
"";"";" "
"";"";" "
"";"";" "
"";"";" "
"";"";" "
"";"";" "
"";"";" "
"";"";" "
"";"";" "
"";"";" "
"";"";" "
"";"";" "
"";"";" "
"";"";" "
"";"";" "
"";"";" "
"";"";" "
"";"";" "
"";"";" "
"";"";" "
"";"";" "
"";"";" "
"";"";" "
"";"";" "
"";"";" "
"";"";" "
"";"";" "
"";"";" "
"";"";" "
"";"";" "
"";"";" "
"";"";" "
"";"";" "
"";"";" "
"";"";" "
"";"";" "
"";"";" "
"";"";" "
"";"";" "
"";"";" "
"";"";" "
"";"";" "
"";"";" "
"";"";" "
"";"";" "
"";"";" "
"";"";" "
"";"";" "
"";"";" "
"";"";" "
"";"";" "
"";"";" "
"";"";" "
"";"";" "
"";"";" "
"";"";" "
"";"";" "
"";"";" "
"";"";" "
"";"";" "
"";"";" "
"";"";" "
"";"";" "
"";"";" "
"";"";" "
"";"";" "
"";"";" "
"";"";" "
"";"";" "
"";"";" "
"";"";" "
"";"";" "
"";"";" "
"";"";" "
"";"";" "
"";"";" "
"";"";" "
"";"";" "
"";"";" "
"";"";" "
"";"";" "
"";"";" "
"";"";" "
"";"";" "
"";"";" "
"";"";" "
"";"";" "
"";"";" "
"";"";" "
"";"";" "
"";"";" "
"";"";" "
"";"";" "
"";"";" "
"";"";" "
"";"";" "
"";"";" "
"";"";" "
"";"";" "
"";"";" "
"";"";" "
"";"";" "
"";"";" "
"";"";" "
"";"";" "
"";"";" "
"";"";" "
"";"";" "
"";"";" "
"";"";" "
"";"";" "
"";"";" "
"";"";" "
"";"";" "
"";"";" "
"";"";" "
"";"";" "
"";"";" "
"";"";" "
"";"";" "
"";"";" "
"";"";" "
"";"";" "
"";"";" "
"";"";" "
"";"";" "
"";"";" "
"";"";" "
"";"";" "
"";"";" "
"";"";" "
"";"";" "
"";"";" "
"";"";" "
"";"";" "
"";"";" "
"";"";" "
"";"";" "
"";"";" "
"";"";" "
"";"";" "
"";"";" "
"";"";" "
"";"";" "
"";"";" "
"";"";" "
"";"";" "
"";"";" "
"";"";" "
"";"";" "
"";"";" "
"";"";" "
"";"";" "
"";"";" "
"";"";" "
"";"";" "
"";"";" "
"";"";" "
"";"";" "
"";"";" "
"";"";" "
"";"";" "
"";"";" "
"";"";" "
"";"";" "
"";"";" "
"";"";" "
"";"";" "
"";"";" "
"";"";" "
"";"";" "
"";"";" "
"";"";" "
"";"";" "
"";"";" "
"";"";" "
"";"";" "
"";"";" "
"";"";" "
"";"";" "
"";"";" "
"";"";" "
"";"";" "
"";"";" "
"";"";" "
"";"";" "
"";"";" "
"";"";" "
"";"";" "
"";"";" "
"";"";" "
"";"";" "
"";"";" "
"";"";" "
"";"";" "
"";"";" "
"";"";" "
"";"";" "
"";"";" "
"";"";" "
"";"";" "
"";"";" "
"";"";" "
"";"";" "
"";"";" "
"";"";" "
"";"";" "
"";"";" "
"";"";" "
"";"";" "
"";"";" "
"";"";" "
"";"";" "
"";"";" "
"";"";" "
"";"";" "
"";"";" "
"";"";" "
"";"";" "
"";"";" "
"";"";" "
"";"";" "
"";"";" "
"";"";" "
"";"";" "
"";"";" "
"";"";" "
"";"";" "
"";"";" "
"";"";" "
"";"";" "
"";"";" "
"";"";" "
"";"";" "
"";"";" "
"";"";" "
"";"";" "
"";"";" "
"";"";" "
"";"";" "
"";"";" "
"";"";" "
"";"";" "
"";"";" "
"";"";" "
"";"";" "
"";"";" "
"";"";" "
"";"";" "
"";"";" "
"";"";" "
"";"";" "
"";"";" "
"";"";" "
"";"";" "
"";"";" "
"";"";" "
"";"";" "
"";"";" "
"";"";" "
"";"";" "
"";"";" "
"";"";" "
"";"";" "
"";"";" "
"";"";" "
"";"";" "
"";"";" "
"";"";" "
"";"";" "
"";"";" "
"";"";" "
"";"";" "
"";"";" "
"";"";" "
"";"";" "
"";"";" "
"";"";" "
"";"";" "
"";"";" "
"";"";" "
"";"";" "
"";"";" "
"";"";" "
"";"";" "
"";"";" "
"";"";" "
"";"";" "
"";"";" "
"";"";" "
"";"";" "
"";"";" "
"";"";" "
"";"";" "
"";"";" "
"";"";" "
"";"";" "
"";"";" "
"";"";" "
"";"";" "
"";"";" "
"";"";" "
"";"";" "
"";"";" "
"";"";" "
"";"";" "
"";"";" "
"";"";" "
"";"";" "
"";"";" "
"";"";" "
"";"";" "
"";"";" "
"";"";" "
"";"";" "
"";"";" "
"";"";" "
"";"";" "
"";"";" "
"";"";" "
"";"";" "
"";"";" "
"";"";" "
"";"";" "
"";"";" "
"";"";" "
"";"";" "
"";"";" "
"";"";" "
"";"";" "
"";"";" "
"";"";" "
"";"";" "
"";"";" "
"";"";" "
"";"";" "
"";"";" "
"";"";" "
"";"";" "
"";"";" "
"";"";" "
"";"";" "
"";"";" "
"";"";" "
"";"";" "
"";"";" "
"";"";" "
"";"";" "
"";"";" "
"";"";" "
"";"";" "
"";"";" "
"";"";" "
"";"";" "
"";"";" "
"";"";" "
"";"";" "
"";"";" "
"";"";" "
"";"";" "
"";"";" "
"";"";" "
"";"";" "
"";"";" "
"";"";" "
"";"";" "
"";"";" "
"";"";" "
"";"";" "
"";"";" "
"";"";" "
"";"";" "
"";"";" "
"";"";" "
"";"";" "
"";"";" "
"";"";" "
"";"";" "
"";"";" "
"";"";" "
"";"";" "
"";"";" "
"";"";" "
"";"";" "
"";"";" "
"";"";" "
"";"";" "
"";"";" "
"";"";" "
"";"";" "
"";"";" "
"";"";" "
"";"";" "
"";"";" "
"";"";" "
"";"";" "
"";"";" "
"";"";" "
"";"";" "
"";"";" "
"";"";" "
"";"";" "
"";"";" "
"";"";" "
"";"";" "
"";"";" "
"";"";" "
"";"";" "
"";"";" "
"";"";" "
"";"";" "
"";"";" "
"";"";" "
"";"";" "
"";"";" "
"";"";" "
"";"";" "
"";"";" "
"";"";" "
"";"";" "
"";"";" "
"";"";" "
"";"";" "
"";"";" "
"";"";" "
"";"";" "
"";"";" "
"";"";" "
"";"";" "
"";"";" "
"";"";" "
"";"";" "
"";"";" "
"";"";" "
"";"";" "
"";"";" "
"";"";" "
"";"";" "
"";"";" "
"";"";" "
"";"";" "
"";"";" "
"";"";" "
"";"";" "
"";"";" "
"";"";" "
"";"";" "
"";"";" "
"";"";" "
"";"";" "
"";"";" "
"";"";" "
"";"";" "
"";"";" "
"";"";" "
"";"";" "
"";"";" "
"";"";" "
"";"";" "
"";"";" "
"";"";" "
"";"";" "
"";"";" "
"";"";" "
"";"";" "
"";"";" "
"";"";" "
"";"";" "
"";"";" "
"";"";" "
"";"";" "
"";"";" "
"";"";" "
"";"";" "
"";"";" "
"";"";" "
"";"";" "
"";"";" "
"";"";" "
"";"";" "
"";"";" "
"";"";" "
"";"";" "
"";"";" "
"";"";" "
"";"";" "
"";"";" "
"";"";" "
"";"";" "
"";"";" "
"";"";" "
"";"";" "
"";"";" "
"";"";" "
"";"";" "
"";"";" "
"";"";" "
"";"";" "
"";"";" "
"";"";" "
"";"";" "
"";"";" "
"";"";" "
"";"";" "
"";"";" "
"";"";" "
"";"";" "
"";"";" "
"";"";" "
"";"";" "
"";"";" "
"";"";" "
"";"";" "
"";"";" "
"";"";" "
"";"";" "
"";"";" "
"";"";" "
"";"";" "
"";"";" "
"";"";" "
"";"";" "
"";"";" "
"";"";" "
"";"";" "
"";"";" "
"";"";" "
"";"";" "
"";"";" "
"";"";" "
"";"";" "
"";"";" "
"";"";" "
"";"";" "
"";"";" "
"";"";" "
"";"";" "
"";"";" "
"";"";" "
"";"";" "
"";"";" "
"";"";" "
"";"";" "
"";"";" "
"";"";" "
"";"";" "
"";"";" "
"";"";" "
"";"";" "
"";"";" "
"";"";" "
"";"";" "
"";"";" "
"";"";" "
"";"";" "
"";"";" "
"";"";" "
"";"";" "
"";"";" "
"";"";" "
"";"";" "
"";"";" "
"";"";" "
"";"";" "
"";"";" "
"";"";" "
"";"";" "
"";"";" "
"";"";" "
"";"";" "
"";"";" "
"";"";" "
"";"";" "
"";"";" "
"";"";" "
"";"";" "
"";"";" "
"";"";" "
"";"";" "
"";"";" "
"";"";" "
"";"";" "
"";"";" "
"";"";" "
"";"";" "
"";"";" "
"";"";" "
"";"";" "
"";"";" "
"";"";" "
"";"";" "
"";"";" "
"";"";" "
"";"";" "
"";"";" "
"";"";" "
"";"";" "
"";"";" "
"";"";" "
"";"";" "
"";"";" "
"";"";" "
"";"";" "
"";"";" "
"";"";" "
"";"";" "
"";"";" "
"";"";" "
"";"";" "
"";"";" "
"";"";" "
"";"";" "
"";"";" "
"";"";" "
"";"";" "
"";"";" "
"";"";" "
"";"";" "
"";"";" "
"";"";" "
"";"";" "
"";"";" "
"";"";" "
"";"";" "
"";"";" "
"";"";" "
"";"";" "
"";"";" "
"";"";" "
"";"";" "
"";"";" "
"";"";" "
"";"";" "
"";"";" "
"";"";" "
"";"";" "
"";"";" "
"";"";" "
"";"";" "
"";"";" "
"";"";" "
"";"";" "
"";"";" "
"";"";" "
"";"";" "
"";"";" "
"";"";" "
"";"";" "
"";"";" "
"";"";" "
"";"";" "
"";"";" "
"";"";" "
"";"";" "
"";"";" "
"";"";" "
"";"";" "
"";"";" "
"";"";" "
"";"";" "
"";"";" "
"";"";" "
"";"";" "
"";"";" "
"";"";" "
"";"";" "
"";"";" "
"";"";" "
"";"";" "
"";"";" "
"";"";" "
"";"";" "
"";"";" "
"";"";" "
"";"";" "
"";"";" "
"";"";" "
"";"";" "
"";"";" "
"";"";" "
"";"";" "
"";"";" "
"";"";" "
"";"";" "
"";"";" "
"";"";" "
"";"";" "
"";"";" "
"";"";" "
"";"";" "
"";"";" "
"";"";" "
"";"";" "
"";"";" "
"";"";" "
"";"";" "
"";"";" "
"";"";" "
"";"";" "
"";"";" "
"";"";" "
"";"";" "
"";"";" "
"";"";" "
"";"";" "
"";"";" "
"";"";" "
"";"";" "
"";"";" "
"";"";" "
"";"";" "
"";"";" "
"";"";" "
"";"";" "
"";"";" "
"";"";" "
"";"";" "
"";"";" "
"";"";" "
"";"";" "
"";"";" "
"";"";" "
"";"";" "
"";"";" "
"";"";" "
"";"";" "
"";"";" "
"";"";" "
"";"";" "
"";"";" "
"";"";" "
"";"";" "
"";"";" "
"";"";" "
"";"";" "
"";"";" "
"";"";" "
"";"";" "
"";"";" "
"";"";" "
"";"";" "
"";"";" "
"";"";" "
"";"";" "
"";"";" "
"";"";" "
"";"";" "
"";"";" "
"";"";" "
"";"";" "
"";"";" "
"";"";" "
"";"";" "
"";"";" "
"";"";" "
"";"";" "
"";"";" "
"";"";" "
"";"";" "
"";"";" "
"";"";" "
"";"";" "
"";"";" "
"";"";" "
"";"";" "
"";"";" "
"";"";" "
"";"";" "
"";"";" "
"";"";" "
"";"";" "
"";"";" "
"";"";" "
"";"";" "
"";"";" "
"";"";" "
"";"";" "
"";"";" "
"";"";" "
"";"";" "
"";"";" "
"";"";" "
"";"";" "
"";"";" "
"";"";" "
"";"";" "
"";"";" "
"";"";" "
"";"";" "
"";"";" "
"";"";" "
"";"";" "
"";"";" "
"";"";" "
"";"";" "
"";"";" "
"";"";" "
"";"";" "
"";"";" "
"";"";" "
"";"";" "
"";"";" "
"";"";" "
"";"";" "
"";"";" "
"";"";" "
"";"";" "
"";"";" "
"";"";" "
"";"";" "
"";"";" "
"";"";" "
"";"";" "
"";"";" "
"";"";" "
"";"";" "
"";"";" "
"";"";" "
"";"";" "
"";"";" "
"";"";" "
"";"";" "
"";"";" "
"";"";" "
"";"";" "
"";"";" "
"";"";" "
"";"";" "
"";"";" "
"";"";" "
"";"";" "
"";"";" "
"";"";" "
"";"";" "
"";"";" "
"";"";" "
"";"";" "
"";"";" "
"";"";" "
"";"";" "
"";"";" "
"";"";" "
"";"";" "
"";"";" "
"";"";" "
"";"";" "
"";"";" "
"";"";" "
"";"";" "
"";"";" "
"";"";" "
"";"";" "
"";"";" "
"";"";" "
"";"";" "
"";"";" "
"";"";" "
"";"";" "
"";"";" "
"";"";" "
"";"";" "
"";"";" "
"";"";" "
"";"";" "
"";"";" "
"";"";" "
"";"";" "
"";"";" "
"";"";" "
"";"";" "
"";"";" "
"";"";" "
"";"";" "
"";"";" "
"";"";" "
"";"";" "
"";"";" "
"";"";" "
"";"";" "
"";"";" "
"";"";" "
"";"";" "
"";"";" "
"";"";" "
"";"";" "
"";"";" "
"";"";" "
"";"";" "
"";"";" "
"";"";" "
"";"";" "
"";"";" "
"";"";" "
"";"";" "
"";"";" "
"";"";" "
"";"";" "
"";"";" "
"";"";" "
"";"";" "
"";"";" "
"";"";" "
"";"";" "
"";"";" "
"";"";" "
"";"";" "
"";"";" "
"";"";" "
"";"";" "
"";"";" "
"";"";" "
"";"";" "
"";"";" "
"";"";" "
"";"";" "
"";"";" "
"";"";" "
"";"";" "
"";"";" "
"";"";" "
"";"";" "
"";"";" "
"";"";" "
"";"";" "
"";"";" "
"";"";" "
"";"";" "
"";"";" "
"";"";" "
"";"";" "
"";"";" "
"";"";" "
"";"";" "
"";"";" "
"";"";" "
"";"";" "
"";"";" "
"";"";" "
"";"";" "
"";"";" "
"";"";" "
"";"";" "
"";"";" "
"";"";" "
"";"";" "
"";"";" "
"";"";" "
"";"";" "
"";"";" "
"";"";" "
"";"";" "
"";"";" "
"";"";" "
"";"";" "
"";"";" "
"";"";" "
"";"";" "
"";"";" "
"";"";" "
"";"";" "
"";"";" "
"";"";" "
"";"";" "
"";"";" "
"";"";" "
"";"";" "
"";"";" "
"";"";" "
"";"";" "
"";"";" "
"";"";" "
"";"";" "
"";"";" "
"";"";" "
"";"";" "
"";"";" "
"";"";" "
"";"";" "
"";"";" "
"";"";" "
"";"";" "
"";"";" "
"";"";" "
"";"";" "
"";"";" "
"";"";" "
"";"";" "
"";"";" "
"";"";" "
"";"";" "
"";"";" "
"";"";" "
"";"";" "
"";"";" "
"";"";" "
"";"";" "
"";"";" "
"";"";" "
"";"";" "
"";"";" "
"";"";" "
"";"";" "
"";"";" "
"";"";" "
"";"";" "
"";"";" "
"";"";" "
"";"";" "
"";"";" "
"";"";" "
"";"";" "
"";"";" "
"";"";" "
"";"";" "
"";"";" "
"";"";" "
"";"";" "
"";"";" "
"";"";" "
"";"";" "
"";"";" "
"";"";" "
"";"";" "
"";"";" "
"";"";" "
"";"";" "
"";"";" "
"";"";" "
"";"";" "
"";"";" "
"";"";" "
"";"";" "
"";"";" "
"";"";" "
"";"";" "
"";"";" "
"";"";" "
"";"";" "
"";"";" "
"";"";" "
"";"";" "
"";"";" "
"";"";" "
"";"";" "
"";"";" "
"";"";" "
"";"";" "
"";"";" "
"";"";" "
"";"";" "
"";"";" "
"";"";" "
"";"";" "
"";"";" "
"";"";" "
"";"";" "
"";"";" "
"";"";" "
"";"";" "
"";"";" "
"";"";" "
"";"";" "
"";"";" "
"";"";" "
"";"";" "
"";"";" "
"";"";" "
"";"";" "
"";"";" "
"";"";" "
"";"";" "
"";"";" "
"";"";" "
"";"";" "
"";"";" "
"";"";" "
"";"";" "
"";"";" "
"";"";" "
"";"";" "
"";"";" "
"";"";" "
"";"";" "
"";"";" "
"";"";" "
"";"";" "
"";"";" "
"";"";" "
"";"";" "
"";"";" "
"";"";" "
"";"";" "
"";"";" "
"";"";" "
"";"";" "
"";"";" "
"";"";" "
"";"";" "
"";"";" "
"";"";" "
"";"";" "
"";"";" "
"";"";" "
"";"";" "
"";"";" "
"";"";" "
"";"";" "
"";"";" "
"";"";" "
"";"";" "
"";"";" "
"";"";" "
"";"";" "
"";"";" "
"";"";" "
"";"";" "
"";"";" "
"";"";" "
"";"";" "
"";"";" "
"";"";" "
"";"";" "
"";"";" "
"";"";" "
"";"";" "
"";"";" "
"";"";" "
"";"";" "
"";"";" "
"";"";" "
"";"";" "
"";"";" "
"";"";" "
"";"";" "
"";"";" "
"";"";" "
"";"";" "
"";"";" "
"";"";" "
"";"";" "
"";"";" "
"";"";" "
"";"";" "
"";"";" "
"";"";" "
"";"";" "
"";"";" "
"";"";" "
"";"";" "
"";"";" "
"";"";" "
"";"";" "
"";"";" "
"";"";" "
"";"";" "
"";"";" "
"";"";" "
"";"";" "
"";"";" "
"";"";" "
"";"";" "
"";"";" "
"";"";" "
"";"";" "
"";"";" "
"";"";" "
"";"";" "
"";"";" "
"";"";" "
"";"";" "
"";"";" "
"";"";" "
"";"";" "
"";"";" "
"";"";" "
"";"";" "
"";"";" "
"";"";" "
"";"";" "
"";"";" "
"";"";" "
"";"";" "
"";"";" "
"";"";" "
"";"";" "
"";"";" "
"";"";" "
"";"";" "
"";"";" "
"";"";" "
"";"";" "
"";"";" "
"";"";" "
"";"";" "
"";"";" "
"";"";" "
"";"";" "
"";"";" "
"";"";" "
"";"";" "
"";"";" "
"";"";" "
"";"";" "
"";"";" "
"";"";" "
"";"";" "
"";"";" "
"";"";" "
"";"";" "
"";"";" "
"";"";" "
"";"";" "
"";"";" "
"";"";" "
"";"";" "
"";"";" "
"";"";" "
"";"";" "
"";"";" "
"";"";" "
"";"";" "
"";"";" "
"";"";" "
"";"";" "
"";"";" "
"";"";" "
"";"";" "
"";"";" "
"";"";" "
"";"";" "
"";"";" "
"";"";" "
"";"";" "
"";"";" "
"";"";" "
"";"";" "
"";"";" "
"";"";" "
"";"";" "
"";"";" "
"";"";" "
"";"";" "
"";"";" "
"";"";" "
"";"";" "
"";"";" "
"";"";" "
"";"";" "
"";"";" "
"";"";" "
"";"";" "
"";"";" "
"";"";" "
"";"";" "
"";"";" "
"";"";" "
"";"";" "
"";"";" "
"";"";" "
"";"";" "
"";"";" "
"";"";" "
"";"";" "
"";"";" "
"";"";" "
"";"";" "
"";"";" "
"";"";" "
"";"";" "
"";"";" "
"";"";" "
"";"";" "
"";"";" "
"";"";" "
"";"";" "
"";"";" "
"";"";" "
"";"";" "
"";"";" "
"";"";" "
"";"";" "
"";"";" "
"";"";" "
"";"";" "
"";"";" "
"";"";" "
"";"";" "
"";"";" "
"";"";" "
"";"";" "
"";"";" "
"";"";" "
"";"";" "
"";"";" "
"";"";" "
"";"";" "
"";"";" "
"";"";" "
"";"";" "
"";"";" "
"";"";" "
"";"";" "
"";"";" "
"";"";" "
"";"";" "
"";"";" "
"";"";" "
"";"";" "
"";"";" "
"";"";" "
"";"";" "
"";"";" "
"";"";" "
"";"";" "
"";"";" "
"";"";" "
"";"";" "
"";"";" "
"";"";" "
"";"";" "
"";"";" "
"";"";" "
"";"";" "
"";"";" "
"";"";" "
"";"";" "
"";"";" "
"";"";" "
"";"";" "
"";"";" "
"";"";" "
"";"";" "
"";"";" "
"";"";" "
"";"";" "
"";"";" "
"";"";" "
"";"";" "
"";"";" "
"";"";" "
"";"";" "
"";"";" "
"";"";" "
"";"";" "
"";"";" "
"";"";" "
"";"";" "
"";"";" "
"";"";" "
"";"";" "
"";"";" "
"";"";" "
"";"";" "
"";"";" "
"";"";" "
"";"";" "
"";"";" "
"";"";" "
"";"";" "
"";"";" "
"";"";" "
"";"";" "
"";"";" "
"";"";" "
"";"";" "
"";"";" "
"";"";" "
"";"";" "
"";"";" "
"";"";" "
"";"";" "
"";"";" "
"";"";" "
"";"";" "
"";"";" "
"";"";" "
"";"";" "
"";"";" "
"";"";" "
"";"";" "
"";"";" "
"";"";" "
"";"";" "
"";"";" "
"";"";" "
"";"";" "
"";"";" "
"";"";" "
"";"";" "
"";"";" "
"";"";" "
"";"";" "
"";"";" "
"";"";" "
"";"";" "
"";"";" "
"";"";" "
"";"";" "
"";"";" "
"";"";" "
"";"";" "
"";"";" "
"";"";" "
"";"";" "
"";"";" "
"";"";" "
"";"";" "
"";"";" "
"";"";" "
"";"";" "
"";"";" "
"";"";" "
"";"";" "
"";"";" "
"";"";" "
"";"";" "
"";"";" "
"";"";" "
"";"";" "
"";"";" "
"";"";" "
"";"";" "
"";"";" "
"";"";" "
"";"";" "
"";"";" "
"";"";" "
"";"";" "
"";"";" "
"";"";" "
"";"";" "
"";"";" "
"";"";" "
"";"";" "
"";"";" "
"";"";" "
"";"";" "
"";"";" "
"";"";" "
"";"";" "
"";"";" "
"";"";" "
"";"";" "
"";"";" "
"";"";" "
"";"";" "
"";"";" "
"";"";" "
"";"";" "
"";"";" "
"";"";" "
"";"";" "
"";"";" "
"";"";" "
"";"";" "
"";"";" "
"";"";" "
"";"";" "
"";"";" "
"";"";" "
"";"";" "
"";"";" "
"";"";" "
"";"";" "
"";"";" "
"";"";" "
"";"";" "
"";"";" "
"";"";" "
"";"";" "
"";"";" "
"";"";" "
"";"";" "
"";"";" "
"";"";" "
"";"";" "
"";"";" "
"";"";" "
"";"";" "
"";"";" "
"";"";" "
"";"";" "
"";"";" "
"";"";" "
"";"";" "
"";"";" "
"";"";" "
"";"";" "
"";"";" "
"";"";" "
"";"";" "
"";"";" "
"";"";" "
"";"";" "
"";"";" "
"";"";" "
"";"";" "
"";"";" "
"";"";" "
"";"";" "
"";"";" "
"";"";" "
"";"";" "
"";"";" "
"";"";" "
"";"";" "
"";"";" "
"";"";" "
"";"";" "
"";"";" "
"";"";" "
"";"";" "
"";"";" "
"";"";" "
"";"";" "
"";"";" "
"";"";" "
"";"";" "
"";"";" "
"";"";" "
"";"";" "
"";"";" "
"";"";" "
"";"";" "
"";"";" "
"";"";" "
"";"";" "
"";"";" "
"";"";" "
"";"";" "
"";"";" "
"";"";" "
"";"";" "
"";"";" "
"";"";" "
"";"";" "
"";"";" "
"";"";" "
"";"";" "
"";"";" "
"";"";" "
"";"";" "
"";"";" "
"";"";" "
"";"";" "
"";"";" "
"";"";" "
"";"";" "
"";"";" "
"";"";" "
"";"";" "
"";"";" "
"";"";" "
"";"";" "
"";"";" "
"";"";" "
"";"";" "
"";"";" "
"";"";" "
"";"";" "
"";"";" "
"";"";" "
"";"";" "
"";"";" "
"";"";" "
"";"";" "
"";"";" "
"";"";" "
"";"";" "
"";"";" "
"";"";" "
"";"";" "
"";"";" "
"";"";" "
"";"";" "
"";"";" "
"";"";" "
"";"";" "
"";"";" "
"";"";" "
"";"";" "
"";"";" "
"";"";" "
"";"";" "
"";"";" "
"";"";" "
"";"";" "
"";"";" "
"";"";" "
"";"";" "
"";"";" "
"";"";" "
"";"";" "
"";"";" "
"";"";" "
"";"";" "
"";"";" "
"";"";" "
"";"";" "
"";"";" "
"";"";" "
"";"";" "
"";"";" "
"";"";" "
"";"";" "
"";"";" "
"";"";" "
"";"";" "
"";"";" "
"";"";" "
"";"";" "
"";"";" "
"";"";" "
"";"";" "
"";"";" "
"";"";" "
"";"";" "
"";"";" "
"";"";" "
"";"";" "
"";"";" "
"";"";" "
"";"";" "
"";"";" "
"";"";" "
"";"";" "
"";"";" "
"";"";" "
"";"";" "
"";"";" "
"";"";" "
"";"";" "
"";"";" "
"";"";" "
"";"";" "
"";"";" "
"";"";" "
"";"";" "
"";"";" "
"";"";" "
"";"";" "
"";"";" "
"";"";" "
"";"";" "
"";"";" "
"";"";" "
"";"";" "
"";"";" "
"";"";" "
"";"";" "
"";"";" "
"";"";" "
"";"";" "
"";"";" "
"";"";" "
"";"";" "
"";"";" "
"";"";" "
"";"";" "
"";"";" "
"";"";" "
"";"";" "
"";"";" "
"";"";" "
"";"";" "
"";"";" "
"";"";" "
"";"";" "
"";"";" "
"";"";" "
"";"";" "
"";"";" "
"";"";" "
"";"";" "
"";"";" "
"";"";" "